code_plantation,code_cirad,nom,espece,pays_origine,polyploidie,sexe,annee_creation,centre_origine,F_ROU_23_24,D1G_23_24,D5G_23_24,TMS_23_24,RE_23_24,CM_SPAD_23_24,SFM_23_24,LPM_23_24,A_AUDPC_ROU_23_24,LMTC_ROU,NMI_ROU,DE_A_ROU_24_25,TG_A_ROU_24_25,S_A_ROU_24_25,DE_D_ROU_24_25,TG_D_ROU_24_25,S_D_ROU_24_25,F_ROU_24_25,F_GOD_24_25,D1G_24_25,D5G_24_25,TMS_24_25,RE_24_25,SEM_ROU_24_25,STM_ROU_24_25,SGM_ROU_24_25,SPR_ROU_24_25,SEM_GOD_24_25,STM_GOD_24_25,SPR_GOD_24_25,CM_SPAD_ROU_24_25,EFM_ROU_24_25,PHG6F_ROU_24_25,PSG6F_ROU_24_25,TMSF_ROU_24_25,SFM_ROU_24_25,LPM_ROU_24_25,CM_SPAD_GOD_24_25,EFM_GOD_24_25,PHG6F_GOD_24_25,PSG6F_GOD_24_25,TMSF_GOD_24_25,SFM_GOD_24_25,LPM_GOD_24_25,A_AUDPC_ROU_24_25,A_AUDPC_GOD_24_25,LMTC_GOD,NMI_GOD,DE_RP1_GOD_24_25,TG_RP1_GOD_24_25,S_RP1_GOD_24_25,DE_RP2_GOD_24_25,TG_RP2_GOD_24_25,S_RP2_GOD_24_25,F_GOD_25_26,SGM_GOD_25_26,SPR_GOD_25_26,TMS_25_26,RE_25_26,R_AUDPC_GOD_25_26,A_AUDPC_GOD_25_26,SB_25_26,SB_23_24,A_AUDPC_BLUP,CM_SPAD_BLUP,D5G_BLUP,DE_BLUP,D1G_BLUP,EFM_BLUP,F_BLUP,LMTC_BLUP,LPM_BLUP,PHG6F_BLUP,PSG6F_BLUP,RE_BLUP,SB_BLUP,SGM_BLUP,SPR_BLUP,STM_BLUP,S_BLUP,SFM_BLUP,TG_BLUP,TMS_BLUP,NTMP_A_ROU_24_25,NTMP_D_ROU_24_25,NTMP_ROU_23_24,NTMP_RP1_GOD_24_25,NTMP_RP1_GOD_25_26,NTMP_RP2_GOD_24_25,NTMP_RP2_GOD_25_26,NTMP_BLUP,PMTPG_A_ROU_24_25,PMTPG_D_ROU_24_25,PMTPG_ROU_23_24,PMTPG_RP1_GOD_24_25,PMTPG_RP1_GOD_25_26,PMTPG_RP2_GOD_24_25,PMTPG_RP2_GOD_25_26,PMTPG_BLUP,PMTG_A_ROU_24_25,PMTG_D_ROU_24_25,PMTG_ROU_23_24,PMTG_RP1_GOD_24_25,PMTG_RP1_GOD_25_26,PMTG_RP2_GOD_24_25,PMTG_RP2_GOD_25_26,PMTG_BLUP,RT_A_ROU_24_25,RT_D_ROU_24_25,RT_ROU_23_24,RT_RP1_GOD_24_25,RT_RP1_GOD_25_26,RT_RP2_GOD_24_25,RT_RP2_GOD_25_26,RT_BLUP,ME_PDM,ME_PMB,ME_PCQ,ME_PPH,ME_PPR,ME_PCR,ME_PGP,SGM_ROU_24_25_CLS,SGM_GOD_25_26_CLS,SGM_BLUP_CLS,IP_Score_Roujol_2025,IP_Class_Roujol_2025,CSR_C_ROU_24_25,CSR_S_ROU_24_25,CSR_R_ROU_24_25,CSR_C_GOD_24_25,CSR_S_GOD_24_25,CSR_R_GOD_24_25,CSR_C_BLUP,CSR_S_BLUP,CSR_R_BLUP,CFM,CNFS,CNFI,CMF,MF,FF,FEF,TF,OF,PFSI_1,PF,PFSI_2,CP,SP,PP_1,CTP,P,CJT,PP_2,S_1,TCBE,FE,LE,CFI,CPI,CNFSI,CNFII,S_2,F,APB,FB,DB,QB,RB,CPB_1,TSB,EPB,CCB,CPB_2,PRT,DRT_1,LRT,FT,TTR,DRT_2,CCCTCT,UCCCTT,POT,CCAOT,CPT,ACT,QMLTC,EPT,PTS1M,AFM,sl_a_mean,tu_area_px,tu_major_axis_px,sl_H_mean,sl_b_mean,sl_chroma_mean,sl_b_sd,sl_a_sd,sl_hue_angle_mean,tu_roundness,sl_G_mean,tu_solidity,tu_fractal_dim,rendement_perf,rendement_cv,rendement_pente_FW,rendement_n_env,indice_variabilite,classe_rendement,anthracnose_perf,matiere_seche_perf,rendement_roujol,rendement_godet,nom_accession,BOILED_Q,FARMER_A,TUBER_COLOR,TUBER_SHAPE,cal_sup2kg,cal_300_2000,cal_80_300,cal_0_80,poids_moyen_g,n_tubercules
CIRAD1,2841,RIVE-LA,Dioscorea alata,Ghana,3,,2022.0,IITA,195.0,75.0,103.0,0.2781,83.228,47.6444444444445,70.39717,64.1622,23.75,46.0,16.0,,,,24.0,100.0,169.0,,,,,0.2634,88.0656,3.091,2.273,4.167,3.083,2.167,1.455,1.727,44.15,0.324333333333333,6.82,1.22,17.8885630498534,38.8031,35.3218,41.65,0.264266666666667,6.99,1.45,20.7439198855508,38.8031,35.3218,112.0,0.0,71.5,19.5,23.2,50.0,177.0,,,,,3.8,3.92,0.2431,80.9501,14.0,21.0,0.0,0.0,36.026284467621,44.3951893684201,98.6682629826967,24.9671857644132,74.890434381191,0.299979512542996,169.695446608173,72.8162223123991,48.624245648557,9.13909254086775,2.10213652902739,81.0602210504514,0.132343802300964,3.64436285192652,2.83506265925561,2.32492367291377,172.189875898463,52.5025256153981,79.3371755627591,0.268667823084764,,1.2,1.75,1.0,1.0,,1.1,1.12605303099246,,544.12,530.0,575.5,2506.56,,3594.38,1348.29218667287,,435.3,276.54,575.5,2506.56,,3195.0,1206.17097536104,,12.092,11.778,12.789,55.701,,79.875,29.9621191984487,-0.0238661560896548,0.0291139611420351,-0.0483705130817969,-0.102181406638924,0.071849737598672,-0.0605481879279186,0.127498593219216,3.0,3.0,3.0,3.28,3.0,60.86,7.56,31.57,57.13,20.81,22.06,57.68,26.01,16.31,Vert foncé / Vert violacé,Jaunâtre,Jaunâtre,Autre,Entière,Cordée allongée,Aigue,Souple,Peu nombreuses,0.0,Alternes à la base/opposées au-dessus,0.0,Vert,Absent,Absent,Vert,Absente,Vert,Absente,0,0.0,0.0,0.0,Vert pâle,Vert,Vert,Vert,Mâle,Présente,Absence,Autre,Autre,Autre,Autre,Autre,Autre,Autre,Autre,Autre,Absente,Autre,Autre,Ovale,Nulle,Autre,Blanc,Uniforme,Absente,Autre,Violet,Lisse,Abondant,Moyenne,,Absent,-2.40440559387207,7714.5,142.447830200195,52.8438301086426,10.6520757675171,11.0236463546753,2.67854952812195,1.55796325206757,102.039649963379,0.627742926256494,163.740188598633,0.919487484991718,1.6426702028226,29.96,82.1,2.76,5.0,0.9304812834224598,performante & variabilité forte,36.03,0.27,11.94,49.46,2841,High,High,White,Oval,20.0,48.0,25.0,7.0,1366.0,44.0
CIRAD2,2848,2848,Dioscorea alata,Ghana,2,,2022.0,IITA,,,,0.3114,85.0816,55.1333333333333,79.012654,61.6075,9.5,77.4,14.4,22.8,100.0,171.0,,,,157.0,,,,,,,,,,,,,45.75,0.289,13.6,2.39,17.5735294117647,95.7651,77.3894,,,,,,,,,,,,,,,,,,,3.2,4.16,0.2854,87.7947,0.0,34.5,0.0,0.0,31.8805979383887,47.0906026625208,,28.0344758834918,,0.29999386631204,165.733968748099,88.0560874202781,67.2253745626513,11.8048234089702,2.38562072319848,81.5854607601747,0.132343802300964,3.35137622915471,3.18380946232279,,175.272020724549,84.3850828553293,89.2803899457022,0.295546276991564,1.0,,1.0,,1.4,,1.0,0.917527176182395,230.94,,1520.0,,2335.0,,990.5,1223.37343730273,230.94,,1520.0,,1698.18,,990.5,1071.51342826415,5.132,,33.778,,51.889,,22.011,27.1861219261177,-0.0180576258467736,0.0291139611420364,-0.0364834901834544,0.0415212115276882,0.0013438906354196,-0.0075769739056133,0.0703877196278653,,2.0,2.0,,,67.22,3.95,28.83,,,,62.18,13.21,24.61,Vert foncé / Vert violacé,Jaunâtre,Jaunâtre,Verte,Entière,Sagittée allongée,Aigue,Souple,Peu nombreuses,0.0,Alternes à la base/opposées au-dessus,0.0,Entièrement vert avec base violette,Absent,Absent,Vert,Absente,Vert,Absente,0,0.0,0.0,0.0,Vert foncé / Vert violacé,Entièrement vert avec base violette,Vert,Vert,Mâle,Absente,Absence,Autre,Autre,Autre,Autre,Autre,Autre,Autre,Autre,Autre,Faible,Faible,Uniformément répartie,Cylindrique,Nulle,Autre,Blanc,Uniforme,Absente,Autre,Blanc,Granuleux,Abondant,Moyenne,Absent,Absent,-2.03095364570618,13764.5,170.891662597656,48.609790802002,12.6169471740723,12.8477582931519,2.12291812896729,1.29069817066193,98.8536987304688,0.717713191448488,178.993225097656,0.962249641653868,1.76100856882969,27.19,60.5,0.68,4.0,0.517379679144385,performante & variabilité moyenne,31.88,0.3,19.45,36.95,2848,Medium,High,White,Cylindrical,16.0,52.0,28.0,4.0,1171.0,25.0
CIRAD3,2852,2852,Dioscorea alata,Ghana,3,,2022.0,IITA,,75.0,97.0,0.2832,80.1756,45.2888888888889,55.736159,49.4678,47.5,114.0,24.4,,,,16.0,100.0,148.0,,,,,0.1953,82.0475,4.091,3.818,3.167,2.091,4.0,2.0,1.909,39.4833333333333,0.312083333333333,10.29,1.81,17.5898931000972,57.5331,55.2563,37.9833333333333,0.2765,8.6,1.76,20.4651162790698,57.5331,55.2563,0.0,0.0,91.4,23.0,17.5,100.0,176.0,,,,,3.3,3.08,0.246,82.1184,0.0,96.5,0.0,0.0,34.5195094374084,42.064210992249,97.9122516874126,20.3569166125383,74.890434381191,0.299978905155472,,101.266812598524,55.2372780044463,10.3838725270799,2.22405991452005,80.1306859051175,0.132343802300964,3.3144010918051,2.42604716537533,2.93680335903923,166.059087004971,59.0679090231868,91.9938910341275,0.254002576119851,,2.8,1.2,1.6,1.4,,1.0,1.63169633289402,,871.82,319.0,188.4,1299.57,,1619.67,959.350252791434,,317.03,273.43,117.75,909.7,,1619.67,746.227244346362,,19.374,7.089,4.187,28.879,,35.993,21.3189670946625,-0.0304162244543578,0.0291139611420367,-0.0446046733409893,-0.0376694749223824,-0.048916074208707,-0.0357511777199911,-0.0051505389931341,2.0,2.0,2.0,2.76,2.0,66.78,5.23,27.99,58.37,16.16,25.47,61.17,20.28,18.55,Vert pâle,Jaunâtre,Jaunâtre,Verte,Entière,Cordée allongée,Aigue,Souple,Peu nombreuses,0.0,Alternes à la base/opposées au-dessus,0.0,Vert,Absent,Absent,Vert,Absente,Vert,Absente,0,0.0,0.0,0.0,Vert pâle,Vert,Vert,Vert,,Présente,Absence,Autre,Autre,Autre,Autre,Autre,Autre,Autre,Autre,Autre,Faible,Faible,Uniformément répartie,Allongée,Nulle,Autre,Blanc,Uniforme,Absente,Autre,Violet,Lisse,Moyen,Épaisse,,Absent,-1.53018224239349,12060.0,183.213882446289,49.9937362670898,9.68906593322754,9.97133445739746,2.75191283226013,1.69388568401337,99.6182403564453,0.626463507444718,148.067764282227,0.927942138196596,1.68212007288295,21.32,64.0,1.2,5.0,0.4665775401069518,modeste & variabilité moyenne,34.52,0.25,13.23,23.02,2852,Medium,Medium,White,Oval-oblong,7.0,43.0,29.0,21.0,599.0,42.0
CIRAD4,3168,3168,Dioscorea alata,Inde,2,,2022.0,IITA,216.0,90.0,97.0,0.2779,65.9004,43.9888888888889,83.696944,74.7403,22.167,,,,,,68.0,12.5,190.0,,,,,0.2776,87.0493,2.091,1.091,4.0,1.583,,,,,,,,,,,,,,,,,,55.0,,,,,,,,,,176.0,3.1,3.35,0.2581,84.5224,,,,0.0,33.208490304159,43.4121335851238,97.9122516874126,49.5007963067868,81.4468931490717,,183.669017708803,,68.5500536528788,,,79.3226389400499,0.183023258668045,3.45364495457634,2.4695478655049,2.1957371897349,181.526883934909,79.7331536583246,59.6241179352519,0.275744231769996,,1.0,4.0,,,,1.2,2.26682159377478,,948.0,841.835,,,,1324.75,1186.64583737337,,948.0,623.265,,,,1059.8,1026.90830134019,,21.067,18.707,,,,29.439,26.3698153747947,-0.0063713765446233,0.0291139611420368,0.0074247357298217,0.0063012004895605,0.0219241388678256,-0.0122461711973739,-0.0261717202625854,3.0,2.0,2.0,2.25,1.0,,,,,,,,,,Vert foncé / Vert violacé,Vert,Vert,Verte,Entière,Cordée allongée,Aigue,Coriace,Peu nombreuses,0.0,Alternes à la base/opposées au-dessus,0.0,Vert,Absent,Absent,Vert,Absente,Vert,Absente,0,0.0,0.0,0.0,Vert pâle,Vert,Vert,Vert,Femelle,Présente,Absence,Autre,Autre,Autre,Autre,Autre,Autre,Autre,Autre,Autre,Faible,Moyenne,Uniformément répartie,Fusiforme,Faible,Extrémité,Orange,Non uniforme,Présente,Orangée,Blanc jaunâtre ou blanc cassé,Granuleux,Moyen,Épaisse,Fort,Absent,4.76189470291138,20425.5,189.654876708984,34.2680549621582,19.7621078491211,20.7176895141602,9.42753505706787,3.98270726203919,74.1826019287109,0.704298769495205,82.2293930053711,0.93923299761166,1.81599722099508,26.37,20.0,0.51,3.0,0.2459893048128342,performante & variabilité faible,33.21,0.28,19.89,29.44,3168,Medium,Medium,Orange,Irregular,14.0,19.0,33.0,33.0,742.0,21.0
CIRAD5,3187,NESTY,Dioscorea alata,Inde,2,,2022.0,IITA,208.0,,,0.2767,71.9938,47.6555555555556,88.467964,64.5066,19.0,140.333333333333,21.6666666666667,22.8,80.0,150.0,,,,,,91.0,,,,,,,,4.0,3.273,3.182,41.6666666666667,0.326833333333333,13.79,2.93,21.2472806381436,75.6759,60.0356,31.0833333333333,0.258166666666667,7.53,1.36,18.0610889774236,75.6759,60.0356,,0.0,115.2,17.8,17.6,87.5,185.0,29.8,75.0,180.0,176.0,4.3,2.88,0.2196,79.2852,7.0,0.0,2.0,0.0,24.7829285918,41.5517349771136,,24.2226292015911,83.7068103359621,0.2998483168378,180.489050939993,117.493467050678,61.6986876026425,10.9793086228468,2.32159862291418,78.7062962208257,0.491176100348446,3.66158654858087,2.80980881307385,3.09899348260463,170.344008358969,78.9427256492941,81.9960784823969,0.263107290939729,1.0,,1.3,2.0,1.2,1.6,1.0,1.36694346201156,247.66,,409.0,480.12,1216.69,1908.0,752.5,885.976338123723,247.66,,321.36,240.06,973.35,1214.18,752.5,665.817039255997,5.504,,9.089,10.669,27.037,42.4,16.722,19.6882908076866,-0.0280443958223643,0.0291139611420368,-0.0286548607310926,0.0137734677842878,-0.0657246768282579,-0.0043890567087874,-0.0335824141040857,,3.0,3.0,,,65.26,18.38,16.37,56.91,5.56,37.53,60.26,16.27,23.47,Vert foncé / Vert violacé,Jaunâtre,Jaunâtre,Verte,Entière,Sagittée élargie,Aigue,Souple,Peu nombreuses,0.0,Alternes à la base/opposées au-dessus,0.0,Entièrement vert avec les deux extrémités violettes,Absent,Absent,Vert,Absente,Vert,Absente,0,0.0,0.0,0.0,Vert pâle,Entièrement vert avec les deux extrémités violettes,Vert,Vert,Mâle,Présente,Absence,Autre,Autre,Autre,Autre,Autre,Autre,Autre,Autre,Autre,Faible,Faible,Uniformément répartie,Fusiforme,Forte,Base,Blanc jaunâtre ou blanc cassé,Non uniforme,Absente,Autre,Violet clair,Lisse,Moyen,Moyenne,Absent,Absent,0.447956830263138,8322.5,124.05785369873,43.5057830810547,11.7224359512329,12.0527544021606,5.71874046325684,2.51789832115173,87.9195251464844,0.514818581608652,118.79914855957,0.824581392962986,1.71238764386321,19.69,68.3,0.78,6.0,0.5133689839572193,modeste & variabilité moyenne,24.78,0.26,7.3,24.21,3187,High,Medium,Yellowish white or off-white,Irregular,5.0,34.0,53.0,7.0,589.0,58.0
CIRAD6,3202,3202,Dioscorea alata,Inde,2,,2022.0,IITA,,,,,,45.6555555555556,66.693311,90.9859,19.0,65.8,13.8,40.0,80.0,176.0,,87.5,160.0,174.0,,,,0.2028,82.4792,4.545,3.818,2.333,2.167,,,,49.4666666666667,0.32325,18.64,4.64,24.8927038626609,125.3168,66.0023,,,,,,,,0.0,,,,,,,,,,,3.0,2.72,0.2648,84.4576,14.0,21.0,0.0,0.0,24.682737513331,45.4838583210631,,36.7582357766248,,0.30128925588178,176.949541852438,82.5046976098925,73.6352345112134,13.4406333776174,2.73819219526642,80.2600085562305,0.132343802300964,3.06495000115331,2.45438674735579,3.32460057683652,174.256846031215,91.3543929129283,83.7670259777381,0.258943481055188,,1.5,,,1.0,,1.0,1.23177766579073,,999.44,,,2212.25,,809.86,1157.48588212482,,666.29,,,2212.25,,809.86,1016.07850617679,,22.21,,,49.161,,17.997,25.7219352490394,-0.0371579912222072,0.0291139611420366,0.0717795646781562,0.10781145326588,0.0019903902066525,0.0144900361961121,-0.0030381744286856,1.0,2.0,1.0,2.58,2.0,63.96,22.56,13.48,,,,63.97,13.56,22.47,Vert foncé / Vert violacé,Jaunâtre,Jaunâtre,Verte,Entière,Cordée élargie,Aigue,Souple,Nombreuses,0.0,Alternes à la base/opposées au-dessus,0.0,Entièrement vert avec base violette,Absent,Absent,Vert,Absente,Vert,Absente,0,0.0,0.0,0.0,Vert foncé / Vert violacé,Entièrement vert avec base violette,Vert,Vert,Mâle,Absente,Absence,Autre,Autre,Autre,Autre,Autre,Autre,Autre,Autre,Autre,Faible,Moyenne,Uniformément répartie,Ovale,Nulle,Autre,Blanc avec du violet,Non uniforme,Présente,Orangée,Violet clair,Granuleux,Moyen,Épaisse,Absent,Absent,4.85462665557861,30531.5,228.390472412109,35.447021484375,21.8781108856201,23.1994724273682,5.59535884857178,6.78963041305542,79.5036315917969,0.755077618266595,201.727142333984,0.965911607423015,1.79804846406031,25.72,46.3,1.25,3.0,0.3462566844919786,modeste & variabilité faible,24.68,0.26,22.21,33.58,3202,Medium,Medium,White with purple,Oval,19.0,52.0,30.0,0.0,1162.0,27.0
CIRAD7,3210,3210,Dioscorea alata,Inde,2,,2022.0,IITA,,,,,,,,,,,,,,,,,,,,,,,,,,,,,,,,,,,,,,,,,,,,,,,,,,,,,,,,,1.0,,,,,,,,,,,,,,,,,,,,,1.63027929275233,,,,,,,,,,,,,,,,,,,,,,,,,,,,,,,,,,,,,,,,,,,,,,,,,,,,,,,,,,,,,,,,,,,,,,,,,,,,,,,,,,,,,,,,,,,,,,,,,,,,,,,,,,,,,,,,,,,,,,,,,,,,,,,,,,0.0,,données insuffisantes,,,,,3210,na,Low,na,na,,,,,,
CIRAD8,3233,3233,Dioscorea alata,Inde,2,,2022.0,IITA,,77.0,97.0,,,50.7111111111111,74.293879,80.4074,9.5,90.8,15.8,17.6,100.0,157.0,18.4,87.5,148.0,,,,,0.188,81.7964,2.818,3.636,3.667,2.917,2.167,2.0,2.182,45.5166666666667,0.2705,9.45,1.76,18.6243386243386,57.8876,47.3533,51.5833333333333,0.307,7.21,2.05,28.4327323162275,57.8876,47.3533,0.0,0.0,89.6,16.0,18.9,100.0,178.0,15.5,100.0,177.0,176.0,4.1,2.72,0.1694,74.4257,0.0,34.5,1.0,1.0,22.7016660631925,47.5281987659141,97.9122516874126,19.7521206360689,75.7646288835751,0.299574992451975,178.642567308573,93.1750633703882,59.2126733021306,9.83744351738442,2.2565728173181,78.8316177717453,0.491176100348446,3.600367950577,2.60923652899807,2.88352005622831,166.995154480766,64.616111349637,92.5841329402403,0.223373567991385,1.0,1.2,1.0,1.5,1.2,1.7,1.0,1.24375333666726,533.55,770.26,540.2,532.75,1809.5,679.0,2438.38,1078.81162074439,533.55,616.21,540.2,355.17,1447.6,396.08,2438.38,923.593315845132,11.857,17.117,12.004,11.839,40.211,15.089,54.186,23.9735648560505,-0.0483522961939568,-0.202971388605288,-0.0352199762254305,-0.0549329713002891,0.0005508174550955,-0.02866226178585,0.0720463978415003,3.0,3.0,3.0,3.25,2.0,62.82,9.61,27.57,48.82,34.36,16.82,57.7,23.09,19.22,Vert foncé / Vert violacé,Jaunâtre,Jaunâtre,Autre,Entière,Sagittée allongée,Aigue,Souple,Peu nombreuses,0.0,Alternes à la base/opposées au-dessus,0.0,Vert,Absent,Absent,Vert,Absente,Vert,Absente,0,0.0,0.0,0.0,Vert pâle,Vert,Vert,Vert,Mâle,Présente,Présence,Ronde,Petit (1-2 cm),Faible,Nul,Jaune,Rugueuse,Épaisse,Blanc,Blanc,Faible,Faible,Uniformément répartie,Ronde,Nulle,Autre,Blanc,Uniforme,Absente,Autre,Violet,Lisse,Abondant,Moyenne,Absent,Absent,-1.11617314815521,11215.0,134.523361206055,44.6097793579102,22.2945499420166,22.501220703125,3.24508094787598,2.78107118606567,92.8025817871094,0.834227769974489,217.819702148438,0.981447448938352,1.70985679094657,23.97,67.9,1.74,7.0,0.7299465240641712,modeste & variabilité forte,22.7,0.22,13.66,30.33,3233,High,Medium,White,Rounded,11.0,65.0,15.0,9.0,943.0,55.0
CIRAD9,3245,3245,Dioscorea alata,Nigéria,2,,2022.0,IITA,,,,,,,,,,,,,,,,,,,,,,,,,,,,,,,,,,,,,,,,,,,,,,,,,,,,,,,,,3.0,,,,,,,,,,,,,,,,,,,,,2.61352623551845,,,,,,,,,,,,,,,,,,,,,,,,,,,,,,,,,,,,,,,,,,,,,,,,,,,,,,,,,,,,,,,,,,,,,,,,,,,,,,,,,,,,,,,,,,,,,,,,,,,,,,,,,,,,,,,,,,,,,,,,,,,,,,,,,,0.0,,données insuffisantes,,,,,3245,na,Medium,na,na,,,,,,
CIRAD10,3255,3255,Dioscorea alata,Inde,2,,2022.0,IITA,,,,,,,,,38.0,,,,,,,,,,,,,,,,,,,,,,,,,,,,,,,,,,,,,,,,,,,,,,,,,,,,,,,35.3817282008437,,,,,,,,,,,,,,,,,,,,,,,,,,,,,,,,,,,,,,,,,,,,,,,,,,,,,,,,,,,,,,,,,,,,,,,,,,,,,,,,,,,,,,,,,,,,,,,,,,,,,,,,,,,,,,,,,,,,,,,,,,,,,,,,,,,,,,,,,,,,,,,,0.0,,données insuffisantes,35.38,,,,3255,na,na,na,na,,,,,,
CIRAD11,3753,YORUBA,Dioscorea alata,Nigéria,2,,2022.0,IITA,207.0,87.0,98.0,0.3548,81.6634,44.9111111111111,95.186566,66.2371,19.0,100.2,16.0,16.6,100.0,166.0,20.3,87.5,148.0,160.0,,,,0.2663,86.7615,3.909,4.636,3.333,3.333,,,,45.9166666666667,0.267083333333333,15.83,3.5,22.1099178774479,113.529,81.6965,,,,,,,,97.0,,,,,,,,,,156.0,3.9,3.28,0.2583,78.2353,0.0,28.0,0.0,0.0,38.6204291954948,44.2861597907383,98.0382535699599,23.949996995063,80.1356013954956,0.299164943059385,170.759745428778,98.9674398062084,70.4093020944202,12.5286044070026,2.559555982752,80.4034343981303,0.132343802300964,3.48290156397377,3.02325826747231,3.6632181971699,168.126057137723,98.1106071410961,88.8297121662854,0.291800359062696,1.0,1.7,4.0,,1.0,,1.0,1.44511705949719,1403.52,1741.57,632.0,,1869.71,,898.25,1235.28817920984,1403.52,1015.92,158.0,,1869.71,,898.25,1029.32739857196,31.189,38.702,14.044,,41.549,,19.961,27.4507836308643,-0.0227974528766287,0.0291139611420367,-0.0451715269112377,0.0781421587632541,-0.023191123700729,0.0408389591493126,0.0609546764803332,2.0,3.0,2.0,3.56,3.0,63.91,16.85,19.25,,,,62.12,12.85,25.03,Vert foncé / Vert violacé,Jaunâtre,Jaunâtre,Verte,Entière,Sagittée élargie,Aigue,Souple,Peu nombreuses,0.0,Alternes à la base/opposées au-dessus,0.0,Entièrement vert avec base violette,Absent,Absent,Vert,Absente,Vert,Absente,0,0.0,0.0,0.0,Vert pâle,Entièrement vert avec base violette,Vert,Vert,Mâle,Absente,Absence,Autre,Autre,Autre,Autre,Autre,Autre,Autre,Autre,Autre,Faible,Faible,Uniformément répartie,Allongée,Nulle,Autre,Blanc,Uniforme,Absente,Autre,Violet clair,Lisse,Abondant,Moyenne,Absent,Absent,-1.04696416854858,7666.0,152.66242980957,45.2169189453125,11.3666324615479,11.5573654174805,2.57311105728149,1.71250319480896,94.9673004150391,0.667459505117475,164.241302490234,0.964398037367669,1.69708318425001,27.45,36.4,0.54,5.0,0.3355614973262032,performante & variabilité faible,38.62,0.29,27.98,30.76,3753,High,Medium,White,Oval-oblong,17.0,58.0,11.0,14.0,1032.0,36.0
CIRAD12,3764,3764,Dioscorea alata,Nigéria,2,,2022.0,IITA,,98.0,106.0,0.3128,69.6957,44.6,42.615847,69.0271,28.5,104.8,18.4,,,,19.1,100.0,160.0,,,,,0.2768,85.7528,2.455,2.273,4.167,1.5,,,,44.1166666666667,0.301083333333333,10.42,1.94,18.6180422264875,62.75,42.9991,,,,,,,,138.0,,,,,,,,,,176.0,,1.72,,,14.0,41.0,2.0,1.0,47.1304620975852,43.6973817292591,99.0462686303388,24.6989440524726,84.9436711586081,0.300450877230805,178.642567308573,101.168853006879,57.6163741171759,10.7727052144666,2.31510642878489,78.8970848805601,0.670592249372187,3.57686413131468,1.90496100921313,2.68503551153692,169.936914807248,56.3127128613567,89.2803899457022,0.28579364014084,,1.4,2.0,,1.0,,1.0,1.10794040177315,,453.88,378.0,,848.0,,736.14,779.270093956302,,330.09,189.0,,848.0,,736.14,679.218929249842,,10.086,8.4,,18.844,,16.359,17.3170364082462,-0.0136687144369766,-0.201435877176917,0.0107925020197791,-0.039012888997577,-0.0749364968718918,-0.0709716560478579,-0.0412153271328889,3.0,,3.0,2.46,1.0,64.25,9.38,26.37,,,,62.49,21.53,15.98,Vert foncé / Vert violacé,Jaunâtre,Jaunâtre,Verte,Entière,Sagittée allongée,Aigue,Souple,Peu nombreuses,0.0,Alternes à la base/opposées au-dessus,0.0,Entièrement vert avec les deux extrémités violettes,Absent,Absent,Vert violacé,Absente,Vert violacé,Absente,0,0.0,0.0,0.0,Vert foncé / Vert violacé,Entièrement vert avec les deux extrémités violettes,Vert,Vert,Femelle,Présente,Présence,Ronde,Petit (1-2 cm),Faible,Nul,Jaune,Rugueuse,Épaisse,Blanc,Violet,Faible,Faible,Uniformément répartie,Fusiforme,Moyenne,Base,Blanc jaunâtre ou blanc cassé,Uniforme,Absente,Autre,Violet clair,Granuleux,Très abondant,Moyenne,Fort,Absent,0.596153855323792,8743.5,122.337471008301,39.5373916625977,12.2051286697388,12.8709840774536,3.00331282615662,3.86488485336304,85.0279388427734,0.62857164249241,158.803955078125,0.891148142395031,1.71706559764355,17.32,32.1,0.44,4.0,0.3449197860962567,modeste & variabilité faible,47.13,0.29,9.24,17.6,3764,na,Low,Yellowish white or off-white,Irregular,0.0,50.0,25.0,25.0,468.0,24.0
CIRAD13,3920,3920,Dioscorea alata,Nigéria,4,,2022.0,IITA,,71.0,78.0,0.3481,75.7171,51.5333333333333,57.512224,64.8925,9.5,114.8,20.6,,,,15.8,100.0,179.0,174.0,,,,0.3308,83.7919,3.364,3.727,1.833,2.417,,,,46.2666666666667,0.288166666666667,14.09,2.56,18.1689141234918,84.664,56.0264,,,,,,,,,,,,,,,,,,,2.6,2.88,0.2743,80.4284,14.0,0.0,0.0,3.0,26.5415124539516,46.2306768095709,95.5182159190128,23.0251994218134,73.1420453764228,0.299962348317643,176.949541852438,105.954533877901,60.7846255256109,11.9638604892553,2.41225945664362,79.6126319791772,0.670592249372187,2.86697294508046,2.58951845259784,3.28693040146936,177.2772285881,71.1999932635739,89.2803899457022,0.30980859909615,,2.3,2.7,,1.1,,1.0,1.54203968631012,,1015.33,376.0,,1340.0,,1670.0,1108.86586125367,,435.14,141.0,,1191.11,,1670.0,902.96170756705,,22.563,8.356,,29.778,,37.111,24.641562958102,0.0063134713028136,-0.197981227811784,-0.0069974416323351,0.0222184163052155,-0.03191830786453,0.0214973082767642,-0.0872086738244511,1.0,2.0,1.0,2.49,2.0,68.51,6.75,24.75,,,,63.99,14.7,21.31,Vert foncé / Vert violacé,Jaunâtre,Jaunâtre,Verte,Entière,Cordée élargie,Aigue,Souple,Peu nombreuses,0.0,Alternes à la base/opposées au-dessus,0.0,Vert,Absent,Absent,Vert violacé,Absente,Vert violacé,Absente,0,0.0,0.0,0.0,Vert foncé / Vert violacé,Vert,Vert,Vert,Mâle,Absente,Présence,Allongée,Petit (1-2 cm),Forte,Moyen,Jaune,Légèrement rugueuse,Épaisse,Jaune,Brun,Faible,Faible,Uniformément répartie,Allongée,Faible,Milieu,Blanc,Uniforme,Absente,Autre,Violet,Lisse,Moyen,Épaisse,Absent,Absent,-0.759084105491638,4157.5,139.408142089844,43.1309127807617,18.6640110015869,18.9365406036377,5.20396375656128,2.89928817749023,90.0027847290039,0.454515827157871,162.492279052734,0.896399309854161,1.70717398250008,24.64,43.4,1.04,4.0,0.2219251336898395,modeste & variabilité faible,26.54,0.31,15.46,33.44,3920,Medium,Medium,White,Oval-oblong,10.0,49.0,31.0,10.0,803.0,39.0
CIRAD14,4113,4113,Dioscorea alata,Burkina Faso,2,,2022.0,IITA,,,,,,47.3222222222222,,,28.5,88.75,16.25,,,,14.8,50.0,153.0,,,,,0.2724,80.4241,1.818,2.091,2.333,1.25,,,,36.1,0.277666666666667,8.25,1.68,20.3636363636364,51.602,56.5459,,,,,,,,55.0,,,,,,,,,,,3.8,2.0,0.2195,75.6371,,,2.0,0.0,34.1885606917805,42.2207883277073,,22.5180040791894,,0.299565221588234,,93.4878352088881,59.4520829444911,10.0683981446324,2.27436483645704,78.8101679805964,0.491176100348446,3.2409296065514,1.91484869496255,2.6096951608026,167.232588677461,58.4500859905992,72.3339487968734,0.266786937384139,,2.0,2.0,,1.7,,,1.63518469666061,,389.02,131.0,,1006.97,,,739.043002430941,,194.51,65.5,,744.42,,,563.538579155361,,8.645,2.911,,22.377,,,16.4231322606243,-0.0283786012251627,0.0291139611420367,-0.0206828375607503,-0.0604800643667541,-0.0722423879902412,-0.0966774390493415,-0.0687247652242921,1.0,3.0,2.0,1.72,1.0,58.53,16.78,24.69,,,,59.28,23.85,16.88,Vert pâle,Jaunâtre,Jaunâtre,Verte,Entière,Sagittée allongée,Aigue,Souple,Peu nombreuses,0.0,Alternes à la base/opposées au-dessus,0.0,Entièrement vert avec base violette,Absent,Absent,Vert,Absente,Vert,Absente,0,0.0,0.0,0.0,Vert foncé / Vert violacé,Entièrement vert avec les deux extrémités violettes,Vert,Vert,,Présente,Absence,Autre,Autre,Autre,Autre,Autre,Autre,Autre,Autre,Autre,Faible,Moyenne,Uniformément répartie,Fusiforme,Forte,Milieu,Blanc,Uniforme,Absente,Autre,Violet clair,Granuleux,Abondant,Épaisse,Fort,Absent,,2205.0,60.6309432983398,,,,,,,0.629376789374325,,0.869308101372242,1.52840251418658,16.42,72.2,0.82,3.0,0.5227272727272727,modeste & variabilité moyenne,34.19,0.27,5.78,22.38,4113,High,Low,White,Irregular,3.0,29.0,32.0,35.0,459.0,31.0
CIRAD15,4144,K-DOS,Dioscorea alata,Sierra leone,2,,2022.0,IITA,,69.0,76.0,0.3423,74.1661,42.9111111111111,79.8788,71.3257,19.0,97.2,17.0,,,,20.1,100.0,170.0,,167.0,79.0,,0.3065,83.975,2.636,4.0,4.5,2.25,4.167,4.818,2.818,39.8,0.306,13.56,2.23,16.4454277286136,69.6105,58.3535,40.6166666666667,0.28675,13.46,2.23,16.5676077265973,69.6105,58.3535,0.0,0.0,99.8,20.6,18.8,100.0,180.0,19.0,25.0,176.0,191.0,,1.44,,,0.0,34.5,2.0,,23.824361183743,42.1889982961708,95.2662121539181,20.4014182349419,74.9496553533281,0.300130752036485,183.784920855171,98.5479848578703,62.6062438492705,12.3760105758801,2.34462859572946,79.2560389367918,0.576825843782112,3.67077325528642,2.28425512749683,3.81509955921932,172.12900748465,72.9760352905427,78.461062018756,0.304901978193264,,2.5,1.5,1.6,1.0,1.0,1.1,1.29617830256515,,1079.5,1189.5,2172.86,1486.465,193.33,592.38,1127.12874735288,,431.8,793.0,1382.73,1486.465,193.33,526.56,876.77556169508,,23.989,26.433,48.286,33.033,4.296,13.164,25.0473541500328,0.0002945144627566,-0.136633468277372,-0.0236836789133503,0.0312558692874729,-0.0531605348296243,0.022026628071185,-0.051821129136047,3.0,,3.0,3.2,2.0,73.07,0.0,26.93,73.07,0.0,26.93,66.11,10.24,23.65,Vert foncé / Vert violacé,Jaunâtre,Jaunâtre,Verte,Entière,Cordée,Aigue,Souple,Peu nombreuses,0.0,Alternes à la base/opposées au-dessus,0.0,Vert,Absent,Absent,Vert violacé,Absente,Vert violacé,Absente,0,0.0,0.0,0.0,Vert pâle,Vert,Vert,Vert,Mâle,Absente,Présence,Ronde,Petit (1-2 cm),,,Jaune,Rugueuse,Épaisse,Blanc,Brun,Faible,Moyenne,Uniformément répartie,Allongée,Faible,Base,Jaune,Uniforme,Absente,Autre,Blanc,Lisse,Moyen,Épaisse,,Absent,-1.57025194168091,16131.0,192.980941772461,45.9874038696289,20.1744194030762,20.3559436798096,3.90532374382019,2.11603951454163,93.4411087036133,0.660632269945549,121.320251464844,0.91417075169793,1.74625531925501,25.05,56.4,-0.3,6.0,0.7513368983957219,modeste & variabilité forte,23.82,0.3,25.21,24.69,4144,na,Low,Yellow,Oval-oblong,12.0,53.0,29.0,6.0,917.0,51.0
CIRAD16,4147,4147,Dioscorea alata,Sierra leone,2,,2022.0,IITA,,,,,,,,,,,,,,,,,,,,,,,,,,,,,,,,,,,,,,,,,,,,,,,,,,,,,,,,,3.0,,,,,,,,,,,,,,,,,,,,,2.61352623551845,,,,,,,,,,,,,,,,,,,,,,,,,,,,,,,,,,,,,,,,,,,,,,,,,,,,,,,,,,,,,,,,,,,,,,,,,,,,,,,,,,,,,,,,,,,,,,,,,,,,,,,,,,,,,,,,,,,,,,,,,,,,,,,,,,0.0,,données insuffisantes,,,,,4147,na,Medium,na,na,,,,,,
CIRAD17,4676,4676,Dioscorea alata,Bénin,2,,2022.0,IITA,,,,,,,,,,,,,,,,,,,,,,,,,,,,,,,,,,,,,,,,,,,,,,,,,,,,,,,,,,,,,,,,,,,,,,,,,,,,,,,,,,,,,,,,,,,,,,,,,,,,,,,,,,,,,,,,,,,,,,,,,,,,,,,,,,,,,,,,,,,,,,,,,,,,,,,,,,,,,,,,,,,,,,,,,,,,,,,,,,,,,,,,,,,,,,,,,,,,,,,,,,,,,,,,0.0,,données insuffisantes,,,,,4676,na,na,na,na,,,,,,
CIRAD18,4838,4838,Dioscorea alata,Côte d'Ivoire,2,,2022.0,IITA,,99.0,106.0,0.3109,76.8243,33.2111111111111,65.767846,70.7796,38.0,126.8,22.0,,,,17.9,87.5,148.0,153.0,,,,0.2688,83.4862,1.909,3.273,3.833,1.75,3.833,3.545,1.727,43.7666666666667,0.285416666666667,9.04,1.71,18.9159292035398,60.0912,50.5841,33.3333333333333,0.263833333333333,11.08,2.02,18.2310469314079,60.0912,50.5841,0.0,0.0,135.0,24.0,21.5,100.0,175.0,,,,176.0,3.8,1.8,0.2089,70.1587,,,,1.0,24.0342533379317,39.3503900137545,99.0462686303388,22.3423609918129,85.3807684098001,0.298545470598702,171.34481469,119.521798857198,58.3809547030182,10.6852661064187,2.24573518305208,78.4988883808058,0.401667762590816,3.57089136667282,1.97910478024433,3.22956875909926,165.78041478254,63.4300184997456,88.8297121662854,0.269643879455141,,1.1,1.0,1.7,1.0,,1.0,0.958331112674288,,572.0,1149.0,379.33,1204.5,,1766.86,1082.48026678753,,508.44,1149.0,227.6,1204.5,,1766.86,1015.88601546949,,12.711,25.533,8.43,26.767,,39.263,24.055060916376,-0.0231641258051438,-0.200634960557812,0.0016597265476927,-0.0415006578279069,-0.0222070091034484,-0.0353711502557653,-0.0880378808523705,3.0,3.0,3.0,2.61,2.0,60.98,10.36,28.67,67.03,8.21,24.76,61.57,18.21,20.21,Vert pâle,Jaunâtre,Jaunâtre,Verte,Entière,Cordée allongée,Aigue,Souple,Peu nombreuses,0.0,Alternes à la base/opposées au-dessus,0.0,Entièrement vert avec les deux extrémités violettes,Absent,Absent,Vert violacé,Absente,Vert violacé,Absente,0,0.0,0.0,0.0,Vert foncé / Vert violacé,Entièrement vert avec les deux extrémités violettes,Vert,Vert,Mâle,Absente,Présence,Irrégulière,Petit (1-2 cm),Faible,Nul,Jaune,Rugueuse,Épaisse,Blanc,Violet,Faible,Moyenne,Uniformément répartie,Fusiforme,Moyenne,Milieu,Blanc,Uniforme,Absente,Autre,Violet clair,Lisse,Moyen,Moyenne,Absent,Absent,-0.534414708614349,12179.5,158.630813598633,50.6725120544434,6.42744398117065,7.31574106216431,1.99695539474487,3.39568972587585,91.0555648803711,0.570018114592379,162.937744140625,0.871614126677524,1.76116220192772,24.06,48.7,0.59,5.0,0.4732620320855615,modeste & variabilité moyenne,24.03,0.27,19.12,24.82,4838,High,Low,White,Irregular,17.0,46.0,31.0,6.0,857.0,35.0
CIRAD19,4926,FUTILE,Dioscorea alata,Bénin,2,,2022.0,IITA,,68.0,75.0,0.249,76.2503,41.4666666666667,72.483382,31.6763,57.0,51.2,18.0,20.4,100.0,150.0,22.1,87.5,148.0,162.0,,,,0.2322,84.0885,2.818,2.636,3.667,3.167,1.667,2.545,2.455,43.95,0.280333333333333,8.58,1.54,17.9487179487179,51.8746,55.4781,34.3666666666667,0.260666666666667,7.79,1.82,23.3632862644416,51.8746,55.4781,97.0,0.0,71.8,16.6,50.4,87.5,175.0,26.8,62.5,170.0,,2.1,3.28,0.2139,73.4795,14.0,62.0,0.0,0.0,43.0283566668439,41.4160439281889,95.1402102713707,29.6683916317744,71.8307536228467,0.298244813774295,169.032666719963,74.5964071425889,50.6802155682315,9.76638324258097,2.19561112457177,78.8928427422796,0.132343802300964,3.16041893708177,2.87769942589041,2.750311799201,163.95316348323,60.6316404669273,84.1814381533093,0.246828561797581,1.0,1.5,2.5,1.0,1.0,1.0,1.0,1.37040875683882,1426.86,1191.65,1237.75,560.0,1421.0,732.25,1190.75,1227.99263701412,1426.86,794.43,1145.125,560.0,1421.0,732.25,1190.75,1147.9523893922,31.708,26.481,27.5055,12.444,31.578,16.272,26.461,27.2886349638388,-0.0405794021654796,0.0291139611420367,-0.0087819029550048,-0.0655158746277818,-0.0179011466092697,-0.0129042767982276,-0.0787003996449803,3.0,1.0,2.0,3.22,2.0,62.82,6.96,30.22,54.14,25.74,20.12,58.44,22.7,18.86,Vert foncé / Vert violacé,Jaunâtre,Jaunâtre,Verte,Entière,Sagittée allongée,Aigue,Souple,Peu nombreuses,0.0,Alternes à la base/opposées au-dessus,0.0,Entièrement vert avec base violette,Absent,Absent,Vert,Absente,Vert,Absente,0,0.0,0.0,0.0,Violet,Entièrement vert avec les deux extrémités violettes,Vert,Vert,Femelle,Absente,Absence,Autre,Autre,Autre,Autre,Autre,Autre,Autre,Autre,Autre,Faible,Faible,Uniformément répartie,Fusiforme,Forte,Base,Blanc,Uniforme,Absente,Autre,Violet clair,Lisse,Moyen,Moyenne,,Absent,-1.38530123233795,42495.0,308.971466064453,55.7265586853027,5.67035913467407,6.14433193206787,1.6821004152298,1.93675744533539,101.004623413086,0.508525109607138,121.544174194336,0.829648285338299,1.83930530680773,27.29,27.9,0.12,7.0,0.4144385026737968,performante & variabilité moyenne,43.03,0.25,28.56,21.69,4926,Low,Medium,White,Irregular,14.0,62.0,10.0,14.0,962.0,50.0
CIRAD20,4948,4948,Dioscorea alata,Bénin,2,,2022.0,IITA,,85.0,89.0,0.2805,76.4268,51.8333333333333,82.669212,56.0415,52.25,96.2,17.4,,,,18.8,100.0,138.0,,,,,0.2256,85.748,2.636,2.636,2.333,2.417,2.583,2.9,2.273,46.8,0.345916666666667,18.16,2.69,14.8127753303965,96.7564,64.4083,43.1,0.292166666666667,7.96,1.78,22.3618090452261,96.7564,64.4083,236.0,73.0,73.4,14.6,16.5,75.0,176.0,,,,,3.3,2.92,0.19,77.4472,0.0,34.5,1.0,0.0,64.270930131997,46.202787984453,96.9042366270337,20.9626454062153,79.2614068931115,0.301782846101915,,89.6794277038337,61.7723186819587,12.1554786885591,2.34598330001272,79.5755315027481,0.311759951324705,3.13094235317759,2.55742789977324,2.85424351622231,163.272364780657,89.4138960897509,85.6655332984433,0.247072575890175,,2.1,2.15,1.2,1.1,,1.2,1.47836372136804,,1450.14,207.665,782.5,1003.75,,1670.0,984.349527492488,,676.73,139.085,670.71,892.22,,1391.67,774.853383853637,,32.225,4.615,17.389,22.306,,37.111,21.8745045134477,-0.0399998707180731,0.0291139611420367,-0.0167891369527629,0.0637448496650561,-0.0453197599757512,-0.0420109550550228,-0.035288041757265,1.0,2.0,2.0,2.44,1.0,72.67,0.0,27.33,53.59,15.96,30.45,63.35,10.03,26.62,Vert foncé / Vert violacé,Vert,Jaunâtre,Verte,Entière,Sagittée allongée,Aigue,Souple,Peu nombreuses,0.0,Alternes à la base/opposées au-dessus,0.0,Entièrement vert avec les deux extrémités violettes,Absent,Absent,Vert,Absente,Vert,Absente,0,0.0,0.0,0.0,Vert foncé / Vert violacé,Entièrement vert avec les deux extrémités violettes,Vert,Vert,,Présente,Absence,Autre,Autre,Autre,Autre,Autre,Autre,Autre,Autre,Autre,Faible,Faible,Uniformément répartie,Fusiforme,Moyenne,Base,Blanc jaunâtre ou blanc cassé,Uniforme,Absente,Autre,Violet clair,Granuleux,Abondant,Moyenne,Fort,Absent,0.0376081243157387,6215.0,127.007759094238,41.4283561706543,13.9349374771118,14.1919193267822,2.93861889839172,2.41175508499146,88.2905502319336,0.672693681349999,166.620529174805,0.922585912428919,1.65338465114486,21.87,50.3,0.9,5.0,0.3328877005347593,modeste & variabilité faible,64.27,0.25,18.42,25.6,4948,Medium,Medium,Yellowish white or off-white,Irregular,8.0,49.0,25.0,18.0,655.0,51.0
CIRAD21,3915,3915,Dioscorea alata,Bénin,2,,2022.0,IITA,,,,0.2221,77.1787,42.9,38.210044,67.7895,66.5,,,,,,,,,,,,,,,,,,,,,,,,,,,,,,,,,,,,0.0,,,,,,,,,,,,,,,,,,,31.5577069748115,42.9909945384998,,,,,,,64.7030662029086,,,79.3392178934589,,,,,,48.8444408386176,,0.247997302912715,,,1.0,,,,,0.931119540344309,,,219.0,,,,,1014.00496186704,,,219.0,,,,,902.83151313603,,,4.867,,,,,22.5335535473218,-0.0243690732327765,0.0291139611420367,-0.0278404261288765,-0.0096067021618188,-0.0091243510216916,0.0057929057999718,0.0261550184654058,,,,,,,,,,,,,,,,,,,,,,,,,,,,,,,,,,,,,,,,,,,Présente,,,,,,,,,,,Faible,Faible,Base,Ronde,Faible,Base,Blanc,Uniforme,Absente,Autre,Violet clair,Granuleux,Abondant,Moyenne,Absent,,-0.70531553030014,48983.0,326.153472900391,46.8121490478516,11.2975120544434,11.7046842575073,3.2218554019928,3.15595197677612,95.5359420776367,0.640573670543376,207.495422363281,0.907336229155841,1.86380145151701,22.53,,,1.0,,données insuffisantes,31.56,0.25,4.87,,3915,na,na,White,Rounded,0.0,50.0,0.0,50.0,219.0,2.0
CIRAD22,4048,CONTINENT,Dioscorea alata,Bénin,2,,2022.0,IITA,,91.0,100.0,0.296,60.3622,44.2111111111111,90.361761,70.8907,19.0,179.2,27.6,,,,21.1,87.5,179.0,169.0,,,,,,4.273,3.909,3.167,2.917,3.583,2.455,1.8,41.9333333333333,0.300508333333333,14.23,3.1,21.7849613492621,79.2221,84.7508,41.2,0.273658333333333,12.68,2.65,20.8990536277602,79.2221,84.7508,0.0,0.0,99.8,18.0,23.1,87.5,175.0,16.8,100.0,170.0,,3.5,2.48,0.2291,79.8978,0.0,0.0,0.0,,19.7472052196385,43.0649324780688,98.2902573350546,21.1819547880787,81.8839904002638,0.299453514947164,173.650843880574,125.088922326155,76.3604138834088,12.3490566785409,2.51938544826895,77.2373388021166,0.13953683593657,3.35839599315462,2.45505008221411,3.09665326747201,171.693129989945,81.5304644601213,88.5611090577299,0.272403239181449,,1.8,1.0,1.2,1.1,1.0,2.1,1.36998583504738,,1916.75,539.18,558.0,2435.38,335.5,1430.88,1223.91725822626,,1095.29,539.18,478.29,2164.78,335.5,673.35,930.671986604574,,42.594,11.982,12.4,54.119,7.456,31.797,27.1980588140941,-0.0245901283222473,-0.108869328058078,-0.0191754124676945,0.059084753572955,0.0050782275745244,0.0647956882370918,-0.0494177637703754,2.0,3.0,2.0,3.21,2.0,64.87,19.61,15.52,63.37,16.26,20.37,63.13,14.31,22.56,Vert pâle,Jaunâtre,Jaunâtre,Verte,Entière,Cordée allongée,Aigue,Souple,Nombreuses,0.0,Alternes à la base/opposées au-dessus,0.0,Entièrement vert avec les deux extrémités violettes,Absent,Absent,Vert,Absente,Vert,Absente,0,0.0,0.0,0.0,Vert foncé / Vert violacé,Entièrement vert avec les deux extrémités violettes,Vert,Vert,Mâle,Absente,Présence,Ronde,Petit (1-2 cm),,,Blanc jaunâtre ou blanc cassé,Rugueuse,Épaisse,Violet avec du blanc,Autre,Faible,Faible,Uniformément répartie,Fusiforme,Forte,Base,Blanc,Uniforme,Absente,Autre,Blanc,Granuleux,Moyen,Moyenne,Absent,Absent,-0.34415790438652,20784.0,176.378448486328,43.0506210327149,8.50652694702148,8.98414611816406,2.42198324203491,2.67340159416199,89.4513854980469,0.657006127206387,137.399551391602,0.904792999830012,1.73652046264092,27.2,65.2,1.39,6.0,0.5775401069518717,performante & variabilité forte,19.75,0.27,27.29,26.44,4048,Medium,Medium,White,Irregular,8.0,68.0,17.0,7.0,937.0,60.0
CIRAD23,4126,4126,Dioscorea alata,Sierra leone,2,,2022.0,IITA,,89.0,97.0,0.3326,76.2814,36.8111111111111,,,25.333,97.8,18.2,13.4,100.0,153.0,29.2,100.0,148.0,,,,,0.2732,80.5474,1.909,2.273,3.167,1.583,,,,37.8,0.308833333333333,12.75,2.86,22.4313725490196,83.3135,62.6756,,,,,,,,0.0,,,,,,,,,,,3.8,1.96,0.2105,69.7845,7.0,21.0,0.0,0.0,25.5314625270151,39.7634146290073,97.9122516874126,25.8681381750401,81.0097958978797,0.300743994578702,,97.8188763971631,62.8446246622909,11.5289427594959,2.45926898625267,78.0453191764206,0.132343802300964,3.42438834517891,2.01141842578186,2.68503551153692,164.503318246114,79.9843610584131,91.9938910341275,0.276403069820001,1.0,1.2,5.0,,1.2,,1.1,1.68567105212901,846.12,271.2,867.5,,1566.25,,733.88,945.17591916511,846.12,226.0,173.5,,1342.5,,652.33,752.441741274531,18.803,6.027,19.278,,34.806,,16.308,21.0040397799379,-0.021292231232415,0.0291139611420367,0.053165774146845,0.018281352703281,-0.0533338656414371,-0.0906086629588401,-0.0731244721854831,2.0,3.0,2.0,2.17,1.0,61.52,20.04,18.44,,,,60.92,16.92,22.15,Vert foncé / Vert violacé,Jaunâtre,Jaunâtre,Verte,Entière,Sagittée allongée,Aigue,Souple,Peu nombreuses,0.0,Alternes,0.0,Entièrement vert avec base violette,Absent,Absent,Vert violacé,Absente,Vert violacé,Absente,0,0.0,0.0,0.0,Vert foncé / Vert violacé,Entièrement vert avec les deux extrémités violettes,Vert,Vert,,Présente,Absence,Autre,Autre,Autre,Autre,Autre,Autre,Autre,Autre,Autre,Faible,Faible,Uniformément répartie,Fusiforme,Moyenne,Base,Blanc avec du violet,Non uniforme,Absente,Autre,Violet clair,Granuleux,Moyen,Moyenne,Absent,Absent,3.21497654914856,3264.0,82.5934524536133,33.6049919128418,13.5750389099121,14.9460210800171,4.31111478805542,4.86827659606934,73.9822692871094,0.649601274802322,151.930740356445,0.896457017056727,1.56394455078458,21.0,48.4,0.47,5.0,0.5133689839572193,modeste & variabilité moyenne,25.53,0.28,14.7,25.56,4126,High,Low,White with purple,Irregular,5.0,46.0,38.0,11.0,611.0,37.0
CIRAD24,2861,2861,Dioscorea alata,Côte d'Ivoire,2,,2022.0,IITA,,69.0,90.0,0.2445,81.2887,47.7111111111111,78.101378,55.8797,28.5,116.8,20.4,11.2,80.0,150.0,14.6,87.5,153.0,,,62.0,,0.2738,86.587,3.182,2.364,3.0,2.417,,,,49.4833333333333,0.254666666666667,10.54,2.03,19.2599620493359,70.2065,63.9629,,,,,,,,182.0,,,,,,,,,,,,2.08,,,0.0,96.5,0.0,0.0,60.4650805819631,46.0617904708834,97.0302385095811,20.2146694340549,69.7790565896737,0.298695324942861,,106.911670052105,60.4011661723326,10.8116530708629,2.32920928766761,80.5537712980011,0.132343802300964,3.24775918334165,2.32584683261336,2.72270568690408,165.060662690977,73.6798280239561,83.7670259777381,0.262779712722971,1.0,1.5,2.0,,1.0,,1.2,1.23836558717471,672.3,1008.33,305.0,,806.4,,1575.5,916.200088857568,672.3,672.22,252.665,,806.4,,1260.4,780.254539152434,14.94,22.407,6.778,,17.92,,35.011,20.3600011828214,-0.018207944022779,0.0291139611420367,-0.0070060910587517,-0.0176580065710144,-0.0600145005766895,-0.0387352664066717,-0.0055999710353358,2.0,,2.0,2.61,2.0,62.45,11.09,26.47,,,,60.02,18.09,21.89,Vert foncé / Vert violacé,Jaunâtre,Jaunâtre,Verte,Entière,Cordée allongée,Aigue,Souple,Peu nombreuses,0.0,Alternes à la base/opposées au-dessus,0.0,Entièrement vert avec les deux extrémités violettes,Absent,Absent,Vert violacé,Absente,Vert violacé,Absente,0,0.0,0.0,0.0,Vert foncé / Vert violacé,Entièrement vert avec base violette,Vert,Vert,,Présente,Absence,Autre,Autre,Autre,Autre,Autre,Autre,Autre,Autre,Autre,Faible,Faible,Base,Fusiforme,Moyenne,Base,Blanc,Uniforme,Absente,Autre,Violet,Granuleux,Très abondant,Moyenne,Absent,Absent,-0.972309052944183,12794.5,147.310043334961,47.0272445678711,11.0388565063477,11.4480123519897,3.49986410140991,2.79285478591919,92.8511047363281,0.574846405151972,131.631973266602,0.900323692850586,1.74381789958856,20.36,48.0,0.74,5.0,0.3756684491978609,modeste & variabilité faible,60.47,0.26,14.71,26.47,2861,na,Low,White,Irregular,3.0,76.0,12.0,9.0,791.0,34.0
CIRAD25,2873,2873,Dioscorea alata,Inde,2,,2022.0,IITA,,,,,,,,,,,,,,,,,,,,,,,,,,,,,,,,,,,,,,,,,,,,,,,,,,,,,,,,,,,,,,,,,,,,,,,,,,,,,,,,,,,,,,,,,,,,,,,,,,,,,,,,,,,,,,,,,,,,,,,,,,,,,,,,,,,,,,,,,,,,,,,,,,,,,,,,,,,,,,,,,,,,,,,,,,,,,,,,,,,,,,,,,,,,,,,,,,,,,,,,,,,,,,,,0.0,,données insuffisantes,,,,,2873,na,na,na,na,,,,,,
CIRAD26,3128,3128,D. rotundata,Guinée equatoriale,2,,2022.0,IITA,,,,0.321,87.7232,44.9444444444444,32.348433,59.172,0.0,66.0,13.0,34.0,40.0,140.0,,,,,,,,,,,,,,,,,42.4666666666667,0.255416666666667,3.36,0.71,21.1309523809524,23.6396,34.0033,,,,,,,,,,,,,,,,,,156.0,3.7,2.8,0.2571,74.7451,0.0,41.0,0.0,0.0,31.4163296353941,43.3332689807128,,33.7150637208807,,0.298723691137819,165.447775421114,82.6004112273129,50.9002597227548,8.48127299648064,2.12236735738776,80.1979565570779,0.132343802300964,3.49238091980296,2.51520154124183,,163.295719292632,36.3427635542218,68.9446605671077,0.289510366154058,1.0,,1.0,,1.0,,,0.821949942390814,405.5,,1047.0,,712.25,,,912.27699852564,405.5,,1047.0,,712.25,,,849.209015301574,9.011,,23.267,,15.828,,,20.2729236803286,-0.0081450564449486,0.0291139611420367,-0.0007072066355191,-0.174006248973888,-0.0535753757728689,-0.028261477378011,0.0499217705057698,,3.0,3.0,,,44.55,23.06,32.4,,,,57.71,39.88,2.42,Vert foncé / Vert violacé,Jaunâtre,Jaunâtre,Verte,Entière,Hastée,Aigue,Souple,Nombreuses,0.0,Alternes à la base/opposées au-dessus,0.0,Vert,Absent,Absent,Vert violacé,Absente,Vert violacé,Absente,0,0.0,0.0,0.0,Vert foncé / Vert violacé,Entièrement vert avec les deux extrémités violettes,Vert,Vert,Femelle,Présente,Absence,Autre,Autre,Autre,Autre,Autre,Autre,Autre,Autre,Autre,Faible,Faible,Base,Allongée,Nulle,Autre,Jaune,Uniforme,Absente,Autre,Violet,Lisse,Moyen,Moyenne,Absent,Absent,,13920.0,375.638702392578,,,,,,,0.249133748497922,,0.848470071873188,1.68358023426138,20.27,36.3,-0.19,3.0,0.5347593582887701,modeste & variabilité moyenne,31.42,0.29,16.14,15.83,3128,High,Medium,Yellow,Oval-oblong,0.0,89.0,0.0,11.0,681.0,9.0
CIRAD27,3135,3135,Dioscorea alata,Inde,2,,2022.0,IITA,,89.0,98.0,,,46.5222222222222,97.405238,59.5202,28.5,103.75,152.0,13.2,80.0,140.0,27.0,87.5,143.0,159.0,,,,0.2464,77.0019,1.727,1.545,3.167,1.333,2.417,2.273,3.273,52.7,0.3395,15.48,3.03,19.5736434108527,81.3003,63.8657,42.5166666666667,0.275416666666667,12.8,2.77,21.640625,81.3003,63.8657,251.0,222.5,75.0,15.2,29.6,87.5,176.0,26.0,100.0,175.0,,3.8,3.16,0.1712,70.5498,0.0,41.5,1.0,0.0,81.731793717401,46.2039995116755,98.0382535699599,24.8611121835521,81.0097958978797,0.300938577443478,167.053447936844,92.6410079213313,62.4010592754069,12.6847552181296,2.52615896968521,77.6757553156989,0.311759951324705,3.42438834517891,2.59609845555828,2.35127255891918,162.342697661006,84.7556726754976,87.1223813287352,0.242804682024424,1.0,1.8,1.6,1.0,1.6,1.0,1.3,1.32237771298475,589.5,363.6,531.6,886.6,1346.96,1458.86,897.33,963.16682117003,589.5,202.0,332.25,886.6,865.9,1458.86,673.0,792.78179573111,13.1,8.08,11.813,19.702,29.932,32.419,19.941,21.4036023690723,-0.0353067644487137,0.0291139611420367,0.0029659267430525,0.0571064068292076,-0.0498652236150437,-0.0851080633308174,-0.0285908962982662,2.0,3.0,2.0,1.92,1.0,69.3,12.6,18.1,62.56,18.2,19.24,63.91,12.55,23.54,Vert foncé / Vert violacé,Vert,Jaunâtre,Verte,Entière,Sagittée allongée,Aigue,Souple,Nombreuses,0.0,Alternes à la base/opposées au-dessus,0.0,Vert,Absent,Absent,Vert,Absente,Vert,Absente,0,0.0,0.0,0.0,Vert foncé / Vert violacé,Entièrement vert avec les deux extrémités violettes,Vert,Vert,Mâle,Absente,Absence,Autre,Autre,Autre,Autre,Autre,Autre,Autre,Autre,Autre,Faible,Faible,Base,Fusiforme,Faible,Base,Blanc,Uniforme,Absente,Autre,Violet clair,Granuleux,Abondant,Moyenne,Fort,Absent,0.381130307912827,8849.0,148.719940185547,43.5301246643066,15.4226999282837,16.3002510070801,4.77521133422852,4.60545110702515,85.106201171875,0.623265178729572,156.555816650391,0.936203977895027,1.72981044395751,21.4,44.1,0.72,7.0,0.3422459893048128,modeste & variabilité faible,81.73,0.24,11.0,25.5,3135,High,Medium,White,Irregular,9.0,47.0,35.0,9.0,709.0,55.0
CIRAD28,3249,3249,Dioscorea alata,Nigéria,2,,2022.0,IITA,,,,,,,,,,,,,,,,,,,,,,,,,,,,,,,,,,,,,,,,,,,,,,,,,,,,,,,,,,,,,,,,,,,,,,,,,,,,,,,,,,,,,,,,,,,,,,,,,,,,,,,,,,,,,,,,,,,,,,,,,,,,,,,,,,,,,,,,,,,,,,,,,,,,,,,,,,,,,,,,,,,,,,,,,,,,,,,,,,,,,,,,,,,,,,,,,,,,,,,,,,,,,,,,0.0,,données insuffisantes,,,,,3249,na,na,na,na,,,,,,
CIRAD29,3916,3916,Dioscorea alata,Bénin,2,,2022.0,IITA,,,,0.2279,80.7285,59.6777777777778,61.992043,58.8034,57.0,110.666666666667,16.6666666666667,23.5,80.0,145.0,,,,,,,,0.252,83.8749,,,,,,,,46.4,0.26675,12.72,2.65,20.8333333333333,84.2535,63.7225,,,,,,,,,,,,,,191.0,,,,,4.2,2.64,0.2662,84.5167,0.0,21.0,0.0,0.0,37.1423053723266,48.5393065769499,,28.3895126233286,,0.299152335861625,,103.976452451212,61.3571603028277,11.5192057953969,2.42636231552633,80.6927922356954,0.132343802300964,3.63338561045122,2.43654178582055,,170.186119321822,72.8457545389629,82.5018134861707,0.259273280519886,1.0,,2.0,,1.1,,1.0,0.959293946097831,808.6,,188.5,,1498.5,,1292.25,1020.56363587298,808.6,,94.25,,1332.0,,1292.25,915.49492452192,17.969,,4.189,,33.3,,28.717,22.6792879084161,-0.0133332203333234,0.0291139611420367,-0.0205440411043168,0.0095257894254764,-0.0275355031806405,-0.0296314478969099,0.0869964361117365,,3.0,3.0,,,63.0,15.44,21.56,,,,61.89,17.17,20.94,Vert foncé / Vert violacé,Vert,Jaunâtre,Verte,Entière,Sagittée allongée,Aigue,Souple,Peu nombreuses,0.0,Alternes à la base/opposées au-dessus,0.0,Entièrement vert avec les deux extrémités violettes,Absent,Absent,Vert brunâtre,Absente,Vert brunâtre,Absente,0,0.0,0.0,0.0,Vert pâle,Vert,Vert,Vert,,Présente,Absence,Autre,Autre,Autre,Autre,Autre,Autre,Autre,Autre,Autre,Faible,Faible,Base,Ronde,Faible,Base,Blanc,Uniforme,Absente,Autre,Violet clair,Granuleux,Abondant,Moyenne,Absent,Absent,-1.68814313411713,5370.0,94.7795333862305,47.9373588562012,11.7472038269043,12.0448884963989,2.29308557510376,2.01400423049927,96.8858642578125,0.714029388557938,173.780319213867,0.917086499715296,1.67151411087979,22.68,53.3,1.12,4.0,0.3596256684491978,modeste & variabilité faible,37.14,0.26,11.08,31.01,3916,High,Medium,White,Rounded,19.0,62.0,12.0,8.0,1029.0,26.0
CIRAD30,4046,4046,Dioscorea alata,Bénin,2,,2022.0,IITA,,,,,,36.3888888888889,65.513398,68.1647,66.5,,,,,,,,,,,,,,,,,,,,,,,,,,,,,,,,,,,,,,,,,,,,,,,,2.0,,,,,,,40.5998065373529,40.4727549331765,,,,,,,64.9107242697827,,,,,,2.12190276413539,,,67.3852836025958,,,,,1.0,,,,1.0,0.597700395275199,,,120.0,,,,1391.5,981.914994700987,,,120.0,,,,1391.5,898.374613865401,,,2.667,,,,30.922,21.8203870807054,-0.0173907993771249,0.0291139611420367,-0.031715200760621,-0.0015623090883793,-0.0214832281368479,-0.0133544361703345,-0.068123477747838,,,,,,,,,,,,,,,,,,,,,,,,,,,,,,,,,,,,,,,,,,,,,,,,,,,,,,Faible,Faible,Uniformément répartie,Fusiforme,Moyenne,Base,Blanc jaunâtre ou blanc cassé,Uniforme,Présente,Marron,Violet clair,Granuleux,Abondant,Moyenne,Fort,,,,,,,,,,,,,,,21.82,84.1,,2.0,,données insuffisantes,40.6,,2.67,30.92,4046,na,Low,Yellowish white or off-white,Irregular,0.0,67.0,33.0,0.0,968.0,3.0
CIRAD31,4052,4052,Dioscorea alata,Ghana,2,,2022.0,IITA,,,,,,58.0,84.81451,64.3575,0.0,,,,,,,,,,,,,,,,,,,,,,,,,,,,,,,,,,,,,,,,,,,,,,,,,,,,,,,28.4242904188315,48.8310758075003,,,,,,,62.8035926274499,,,,,,,,,80.4920573257776,,,,,,,,,,,,,,,,,,,,,,,,,,,,,,,,,,,,,,,,,,,,,,,,,,,,,,,,,,,,,,,,,,,,,,,,,,,,,,,,,,,,,,,,,,,,,,,,,,,,,,,,,,,,,,,,,,,,,,,,,,,,,,,0.0,,données insuffisantes,28.42,,,,4052,na,na,na,na,,,,,,
CIRAD32,4128,FILO,Dioscorea alata,Sierra leone,2,,2022.0,IITA,,93.0,103.0,0.2956,80.7951,53.8777777777778,68.465593,57.2734,19.0,121.2,18.0,15.2,80.0,176.0,20.1,100.0,174.0,,,,,0.2859,77.2825,2.182,4.545,2.167,2.25,1.875,2.364,3.273,43.35,0.33675,17.11,2.76,16.1309175920514,89.7717,65.3964,42.1166666666667,0.264166666666667,14.62,3.27,22.3666210670315,89.7717,65.3964,112.0,0.0,82.2,13.4,33.8,62.5,180.0,,,,191.0,,2.24,,,14.0,21.0,0.0,0.0,35.4649369073457,45.6818312787599,98.6682629826967,25.3715961138706,82.7581849026479,0.300428371923272,188.538661224167,100.619472660273,62.6150438533985,13.5301274528603,2.5573171682,79.2475736680661,0.132343802300964,3.01284536872166,2.59535479102396,3.25621041050473,176.820829183597,81.3009630342581,81.9960784823969,0.283179154697856,1.0,1.1,1.0,1.2,1.0,,1.0,0.696280595030467,2364.75,1022.12,981.625,744.83,650.65,,1297.38,1208.05679433626,2364.75,908.56,981.625,595.87,650.65,,1297.38,1164.92631539145,52.55,22.714,21.814,16.552,14.459,,28.831,26.8458357949593,-0.0098880122562727,0.0291139611420367,-0.0154072154307469,0.0784528561389841,-0.0481830906363327,0.0164789690722646,-0.046771259211556,1.0,,1.0,2.55,2.0,74.51,0.0,25.49,63.73,19.76,16.51,67.0,9.63,23.37,Vert foncé / Vert violacé,Jaunâtre,Jaunâtre,Verte,Entière,Sagittée allongée,Aigue,Souple,Peu nombreuses,0.0,Alternes à la base/opposées au-dessus,0.0,Vert,Absent,Absent,Vert violacé,Absente,Vert violacé,Absente,0,0.0,0.0,0.0,Vert foncé / Vert violacé,Entièrement vert avec les deux extrémités violettes,Vert,Vert,Mâle,Présente,Absence,Autre,Autre,Autre,Autre,Autre,Autre,Autre,Autre,Autre,Faible,Faible,Base,Allongée,Nulle,Autre,Blanc,Uniforme,Absente,Autre,Blanc,Lisse,Moyen,Épaisse,Absent,Absent,-1.88551485538483,8771.0,153.327499389648,48.8914489746094,14.370680809021,14.6623611450195,3.0246422290802,2.17011666297913,97.8326873779297,0.589139808434725,135.091445922852,0.924967044458216,1.63903760857229,26.85,48.5,-0.38,6.0,0.6925133689839572,performante & variabilité forte,35.46,0.28,32.36,19.95,4128,na,Low,White,Oval-oblong,7.0,65.0,19.0,9.0,879.0,43.0
CIRAD34,4639,4639,Dioscorea alata,Inde,2,,2022.0,IITA,,,,0.2817,77.8354,39.7222222222222,50.915195,50.413,19.0,53.5,12.75,18.5,80.0,166.0,,,,,,77.0,,,,,,,,,,,49.0333333333333,0.316,10.28,1.7,16.5369649805447,53.0959,65.3367,,,,,,,,,,,,,,,,,,,3.9,4.12,0.2717,84.9729,7.0,21.0,0.0,0.0,31.2615735343959,43.7082276409179,,25.8535359102086,77.5874488192735,0.301015049330521,,76.6183101385353,58.942966054305,10.7272660486708,2.27749880509765,80.2432824053727,0.132343802300964,3.54878279606226,3.16414452346747,,173.340359203272,55.7648083153244,82.5018134861707,0.281537799432861,1.0,,1.5,,1.0,,1.7,1.17470366763999,709.94,,245.0,,1355.38,,1163.57,914.99215418368,709.94,,163.33,,1355.38,,678.75,763.668091803868,15.776,,5.444,,30.119,,25.857,20.332872080266,-0.0157326789324778,0.0291139611420367,-0.0345450709033683,-0.0252969299166819,-0.0397651261989751,-0.0335386405361075,0.0521824493202883,,3.0,3.0,,,70.12,0.0,29.88,,,,62.83,20.75,16.42,Vert foncé / Vert violacé,Jaunâtre,Jaunâtre,Verte,Entière,Sagittée allongée,Aigue,Souple,Peu nombreuses,0.0,Alternes à la base/opposées au-dessus,0.0,Vert,Absent,Absent,Vert,Absente,Vert,Absente,0,0.0,0.0,0.0,Vert pâle,Vert,Vert,Vert,,Présente,Absence,Autre,Autre,Autre,Autre,Autre,Autre,Autre,Autre,Autre,Faible,Faible,Base,Ovale,Faible,Base,Blanc,Uniforme,Absente,Autre,Violet,Granuleux,Moyen,Moyenne,Fort,Absent,-0.0407876223325729,3946.5,92.780403137207,42.6582260131836,11.8382558822632,12.1315488815308,3.83687520027161,2.51516270637512,90.2762756347656,0.743844363519986,180.434127807617,0.954875392945832,1.82021920632442,20.33,49.5,0.96,4.0,0.2967914438502674,modeste & variabilité faible,31.26,0.28,10.61,27.99,4639,High,High,White,Oval,3.0,74.0,23.0,0.0,759.0,31.0
CIRAD35,4956,4956,Dioscorea alata,Bénin,2,,2022.0,IITA,,,,,,,,,,,,,,,,,,,,,,,,,,,,,,,,,,,,,,,,,,,,,,,,,,,,,,,,,,,,,,,,,,,,,,,,,,,,,,,,,,,,,,,,,,,,,,,,,,,,,,,,,,,,,,,,,,,,,,,,,,,,,,,,,,,,,,,,,,,,,,,,,,,,,,,,,,,,,,,,,,,,,,,,,,,,,,,,,,,,,,,,,,,,,,,,,,,,,,,,,,,,,,,,0.0,,données insuffisantes,,,,,4956,na,na,na,na,,,,,,
CIRAD36,5088,DIRAC,Dioscorea alata,Bénin,2,,2022.0,IITA,,87.0,91.0,0.3456,83.7047,40.1888888888889,46.098873,61.9283,28.5,96.2,20.4,,,,12.8,100.0,153.0,,,59.0,,0.2323,90.3723,1.727,2.273,4.333,3.25,,,,54.5833333333333,0.32825,11.07,1.88,16.9828364950316,51.6756,48.8839,,,,,,,,0.0,,,,,,,,,,,,4.32,,,14.0,21.0,0.0,0.0,25.9558920419902,45.3862451161336,97.1562403921284,21.5036133939414,74.3413496164276,0.301478363848166,,97.0531674577996,57.1838556233731,10.9836727699469,2.30570452286308,81.3804747775039,0.132343802300964,3.6236776886099,3.33867544287874,2.68503551153692,167.232588677461,53.2425211766559,89.2803899457022,0.282017161167641,,2.0,3.5,,1.6,,1.8,1.74691084698616,,961.68,266.5,,2188.9,,861.5,1055.66013559096,,480.84,76.14,,1347.02,,492.29,687.3335949684,,21.371,5.922,,48.642,,19.144,23.4590370309299,-0.0198702094705958,0.0291139611420367,-0.0267966060612313,-0.0256561769279495,-0.0550147498222123,-0.0338669537158885,0.0964679131512235,3.0,,3.0,3.35,3.0,72.34,2.45,25.21,,,,64.39,20.81,14.79,Vert foncé / Vert violacé,Jaunâtre,Jaunâtre,Autre,Entière,Sagittée allongée,Aigue,Souple,Peu nombreuses,0.0,Alternes à la base/opposées au-dessus,0.0,Vert,Absent,Absent,Vert,Absente,Vert,Absente,0,0.0,0.0,0.0,Vert foncé / Vert violacé,Vert,Vert,Vert,,Présente,Absence,Autre,Autre,Autre,Autre,Autre,Autre,Autre,Autre,Autre,Faible,Faible,Apex,Allongée,Nulle,Autre,Blanc,Uniforme,Absente,Autre,Violet,Lisse,Moyen,Moyenne,Absent,Absent,-1.21723389625549,5230.0,91.7019653320312,47.1433753967285,11.663649559021,11.9584770202637,3.99893760681152,2.0775740146637,93.6186676025391,0.787241584238141,167.890289306641,0.963433729213699,1.64213368287781,23.46,65.3,1.3,4.0,0.5307486631016043,modeste & variabilité moyenne,25.96,0.28,13.65,33.89,5088,na,High,White,Oval-oblong,9.0,59.0,22.0,11.0,668.0,46.0
CIRAD37,1006,BENINE,Dioscorea alata,Togo,2,,2022.0,IITA,,64.0,70.0,,,45.6888888888889,72.791455,75.6098,19.0,122.2,21.6,,,,16.5,100.0,190.0,184.0,,62.0,,0.3066,89.4501,1.636,4.818,3.333,2.333,3.75,4.455,2.727,41.9833333333333,0.335,12.18,2.4,19.704433497537,68.5288,50.3476,34.9833333333333,0.285333333333333,14.19,3.27,23.0443974630021,68.5288,50.3476,0.0,0.0,89.2,13.6,22.1,100.0,191.0,,,,,4.1,1.84,0.2584,89.1819,14.0,28.0,2.0,,23.056201364419,42.0424035022432,94.510200858634,22.0731481946231,68.2582922474224,0.301135978388796,183.546937796167,103.208832413276,59.525533150385,12.2167375461482,2.50854781400293,81.8191110885191,0.576825843782112,3.52689646532329,2.38142729331566,3.94830781624663,181.943403683565,70.3121150731732,91.9938910341275,0.290381861567116,,1.3,2.0,1.5,1.0,,1.0,1.19259496678992,,830.6,735.5,947.5,426.6,,198.33,748.76655516563,,622.95,367.75,631.67,426.6,,198.33,569.256592455499,,18.458,16.344,21.056,9.48,,4.407,16.6392453993213,-0.0044523960584801,-0.137549908624253,-0.0091456825212679,0.0118960560497181,-0.127059127526172,0.0676651651799289,-0.0186672409719111,2.0,3.0,3.0,2.97,2.0,65.43,13.55,21.02,64.99,25.56,9.45,64.14,16.21,19.66,Vert foncé / Vert violacé,Jaunâtre,Jaunâtre,Verte,Entière,Sagittée élargie,Aigue,Souple,Nombreuses,0.0,Alternes à la base/opposées au-dessus,0.0,Vert,Absent,Absent,Vert violacé,Absente,Vert violacé,Absente,0,0.0,0.0,0.0,Vert foncé / Vert violacé,Entièrement vert avec base violette,Vert,Vert,Mâle,Absente,Présence,Allongée,Petit (1-2 cm),,,Jaune,Rugueuse,Épaisse,Jaune,Jaune,Faible,Moyenne,Uniformément répartie,Allongée,Nulle,Autre,Blanc jaunâtre ou blanc cassé,Non uniforme,Absente,Autre,Blanc,Lisse,Moyen,Épaisse,Absent,Absent,-1.57395696640015,21527.0,374.235992431641,45.233039855957,14.8213233947754,15.1690979003906,4.69159460067749,2.51001119613647,92.3118438720703,0.281634168015111,130.091873168945,0.766276296559062,1.69828979564133,16.64,43.9,-0.52,5.0,0.6510695187165776,modeste & variabilité forte,23.06,0.29,17.4,11.65,1006,High,Low,Yellowish white or off-white,Oval-oblong,0.0,54.0,43.0,3.0,515.0,35.0
CIRAD38,1221,1221,Dioscorea alata,Côte d'Ivoire,2,,2022.0,IITA,,89.0,100.0,0.3364,72.3956,36.0222222222222,,,19.0,99.2,24.0,,,,16.8,100.0,143.0,,,,,0.2422,87.6046,2.909,3.0,3.333,2.25,,,,48.0,0.254,12.05,2.5,20.746887966805,72.4998,59.4291,,,,,,,,0.0,,,,,,,,,,,4.3,4.0,0.2536,86.7616,7.0,21.0,0.0,0.0,24.682737513331,42.3881252504435,98.2902573350546,23.5323947644374,81.0097958978797,0.298670110547343,,98.4888717191062,61.0478178549697,11.3017469305172,2.4028575507218,80.4153855978931,0.132343802300964,3.57089136667282,2.90361726990435,2.98598295650314,163.369265634907,72.6411199534253,89.2803899457022,0.280282893892249,,1.4,3.0,,1.1,,1.0,1.69399154638719,,513.28,991.0,,1133.5,,2114.0,1199.77832193076,,366.63,330.33,,1007.56,,2114.0,948.353863231565,,11.406,22.022,,25.189,,46.978,26.6616845232971,-0.0214127000056103,0.0291139611420367,-0.0511810041201531,-0.0035408268331101,-0.0207904728574928,-0.0559821564698371,0.0579932983036683,2.0,3.0,3.0,2.71,2.0,63.26,16.48,20.26,,,,61.3,17.69,21.01,Vert foncé / Vert violacé,Jaunâtre,Jaunâtre,Verte,Entière,Sagittée allongée,Aigue,Souple,Nombreuses,0.0,Alternes à la base/opposées au-dessus,0.0,Vert,Absent,Absent,Vert,Absente,Vert,Absente,0,0.0,0.0,0.0,Vert pâle,Vert,Vert,Vert,,Présente,Absence,Autre,Autre,Autre,Autre,Autre,Autre,Autre,Autre,Autre,Faible,Faible,Uniformément répartie,Allongée,Nulle,Autre,Blanc,Uniforme,Absente,Autre,Blanc,Lisse,Moyen,Épaisse,,Absent,-2.70182776451111,6340.0,144.670288085938,51.4663200378418,13.392689704895,13.7333812713623,2.61195254325867,1.48776435852051,101.075325012207,0.646168418961335,152.383819580078,0.960460536136879,1.63356826140133,26.66,49.0,0.71,4.0,0.4037433155080214,performante & variabilité faible,24.68,0.28,16.71,36.08,1221,High,High,White,Oval-oblong,23.0,57.0,10.0,10.0,1018.0,30.0
CIRAD39,1186,1186,Dioscorea alata,Bénin,2,,2022.0,IITA,,62.0,76.0,0.2397,72.2405,44.5666666666667,57.912591,62.4788,47.5,80.6,23.4,20.2,80.0,152.0,15.6,100.0,148.0,,,53.0,,,,3.364,1.909,,1.083,,,,38.1833333333333,0.26025,5.79,1.04,17.9620034542314,37.9558,52.7754,,,,,,,,97.0,,,,,,,,,,,,1.83,,,0.0,34.5,0.0,0.0,43.3109985116076,42.0333089976047,95.2662121539181,23.579829398927,64.9126106944695,0.298906495505324,,89.5875052990051,58.7664315290338,9.26996708850696,2.17407783995772,78.5796395498732,0.132343802300964,,1.80377702504408,2.53435481006828,164.224646023682,52.4716413455795,86.9312048455802,0.256385749122862,1.0,1.4,2.0,,1.0,,,1.22958762429295,139.27,76.0,165.15,,150.0,,,536.488396157923,139.27,53.2,137.315,,150.0,,,477.515491221308,3.095,1.689,3.67,,3.333,,,11.9219416396957,-0.0181685397811067,0.0291139611420367,0.0592376296977231,-0.0997603167150607,-0.114996081637857,-0.123679471311625,0.0069437235058929,,,,,,56.69,7.51,35.8,,,,57.53,27.48,14.99,Vert foncé / Vert violacé,Jaunâtre,Jaunâtre,Verte,Entière,Cordée,Aigue,Souple,Peu nombreuses,0.0,Alternes à la base/opposées au-dessus,0.0,Entièrement vert avec les deux extrémités violettes,Absent,Absent,Vert violacé,Absente,Vert violacé,Absente,0,0.0,0.0,0.0,Violet,Entièrement vert avec les deux extrémités violettes,Vert,Vert,,Présente,Absence,Autre,Autre,Autre,Autre,Autre,Autre,Autre,Autre,Autre,Faible,Faible,Uniformément répartie,Ovale,Nulle,Autre,Blanc avec du violet,Non uniforme,Absente,Autre,Violet clair,Lisse,Moyen,Moyenne,Absent,Absent,4.15307950973511,4949.0,99.8344573974609,83.5815200805664,3.19519925117493,5.90077590942383,1.89283418655396,2.78585481643677,59.341136932373,0.802103488566212,143.392211914062,0.981847038789436,1.66624356209796,11.92,25.6,-0.01,4.0,0.4411764705882353,modeste & variabilité moyenne,43.31,0.26,2.82,3.33,1186,na,Low,White with purple,Oval,0.0,7.0,34.0,59.0,107.0,29.0
CIRAD40,3132,3132,Dioscorea alata,Nigéria,2,,2022.0,IITA,,89.0,90.0,0.3282,77.0197,50.7888888888889,77.904276,71.3252,14.25,34.2,16.8,16.2,100.0,161.0,20.9,100.0,160.0,158.0,,101.0,,0.2457,86.1847,1.727,1.545,3.667,1.545,2.5,2.273,1.727,36.9833333333333,0.224666666666667,7.32,1.94,26.5027322404372,47.5669,51.6993,45.6166666666667,0.281166666666667,11.57,2.75,23.7683664649957,47.5669,51.6993,0.0,0.0,64.4,21.0,32.8,100.0,193.0,,,,,2.6,3.92,0.2345,81.0463,0.0,75.5,0.0,0.0,28.1083294068963,44.3830740961946,97.0302385095811,25.5730249017769,87.7240758282391,0.296963226098539,166.393708342472,66.6988598959286,59.1101729555405,10.3838725270799,2.37578679424426,80.120005108479,0.132343802300964,3.27040619045558,2.45381064132357,2.35127255891918,173.333809225953,59.711724382557,93.6111325772168,0.274475358488506,1.0,1.0,2.5,1.3,1.0,,,1.33334878655743,49.3,269.03,346.625,502.67,1131.21,,,758.701782630188,49.3,269.03,270.875,377.0,1131.21,,,704.376667802124,1.096,5.978,7.703,11.17,25.138,,,16.8600254427455,-0.0255340253127711,0.0291139611420367,-0.050655627347923,-0.0720139282828403,-0.0474588477146734,-0.0843196741876983,0.0473371795983459,3.0,2.0,2.0,2.19,1.0,50.87,34.61,14.52,63.85,33.39,2.76,59.45,24.62,15.93,Vert foncé / Vert violacé,Jaunâtre,Jaunâtre,Verte,Entière,Sagittée allongée,Aigue,Souple,Peu nombreuses,0.0,Alternes à la base/opposées au-dessus,0.0,Vert,Absent,Absent,Vert,Absente,Vert,Absente,0,0.0,0.0,0.0,Vert pâle,Vert,Vert,Vert,Femelle,Absente,Absence,Autre,Autre,Autre,Autre,Autre,Autre,Autre,Autre,Autre,Faible,Faible,Base,Allongée,Faible,Extrémité,Blanc,Uniforme,Absente,Autre,Violet,Lisse,Moyen,Moyenne,Faible,Absent,-2.7398419380188,16297.0,266.231750488281,59.773136138916,8.30417633056641,8.81072330474854,1.45803785324097,1.0971611738205,108.16300201416,0.505764778365319,174.845932006836,0.941669314942844,1.70844437576501,16.86,79.6,0.85,5.0,0.5334224598930482,modeste & variabilité moyenne,28.11,0.27,4.93,18.15,3132,Medium,High,White,Oval-oblong,7.0,40.0,28.0,26.0,548.0,43.0
CIRAD41,3203,GALANTE,Dioscorea alata,Inde,2,,2022.0,IITA,207.0,89.0,90.0,,,41.8555555555555,,,38.0,116.6,20.8,,,,17.6,100.0,180.0,,175.0,62.0,,0.2899,83.6562,2.909,5.0,3.667,2.25,3.5,4.273,2.0,35.5666666666667,0.2565,13.59,2.52,18.5430463576159,99.5013,89.9397,37.1,0.254,7.75,1.48,19.0967741935484,99.5013,89.9397,0.0,0.0,118.8,18.8,21.9,87.5,200.0,20.3,87.5,187.0,149.0,1.0,1.48,0.1881,70.527,14.0,62.0,0.0,,29.3196583527534,40.2687276484415,97.0302385095811,20.8798116062193,75.8621139586789,0.297133294605274,173.6883361709,110.976911672287,82.427155048869,10.9842093314539,2.28231219869988,78.5598093244265,0.13953683593657,2.9184469796594,2.09139812492783,3.94830781624663,181.064496126113,94.6040182124562,88.5611090577299,0.262300351253587,,1.0,1.2,1.1,1.0,1.6,1.0,1.13607925274674,,1024.81,312.44,553.38,331.29,2374.5,562.5,907.027351765571,,1024.81,255.64,491.89,331.29,1461.23,562.5,730.54559343465,,22.774,6.943,12.297,7.362,52.767,12.5,20.1561900313392,-0.019333807047653,-0.136059347429282,-0.0168072924698196,0.049111246346547,-0.0977037270217163,0.0645382936116399,-0.112465851002712,3.0,1.0,1.0,3.11,2.0,65.62,7.25,27.13,55.68,7.76,36.56,59.69,13.6,26.72,Vert foncé / Vert violacé,Jaunâtre,Jaunâtre,Verte,Entière,Sagittée élargie,Aigue,Souple,Peu nombreuses,0.0,Alternes à la base/opposées au-dessus,0.0,Vert,Absent,Absent,Vert violacé,Absente,Vert violacé,Absente,0,0.0,0.0,0.0,Vert pâle,Vert,Vert,Vert,Femelle,Absente,Présence,Irrégulière,Petit (1-2 cm),,,Blanc jaunâtre ou blanc cassé,Légèrement rugueuse,Épaisse,Blanc jaunâtre ou blanc cassé,Brun,Faible,Moyenne,Uniformément répartie,Ronde,Nulle,Autre,Blanc jaunâtre ou blanc cassé,Uniforme,Absente,Autre,Violet clair,Granuleux,Moyen,Épaisse,,Absent,-0.890243887901306,18497.0,289.150085449219,44.0668487548828,16.4552841186523,16.7839317321777,4.02055883407593,3.0219259262085,90.7833099365234,0.466961872801844,111.379852294922,0.863437974052354,1.72284563720453,20.16,83.4,-0.0,6.0,0.8622994652406417,modeste & variabilité forte,29.32,0.26,14.86,21.23,3203,Low,Low,Yellowish white or off-white,Rounded,7.0,57.0,29.0,7.0,737.0,56.0
CIRAD42,3762,PAK-LA,Dioscorea alata,Nigéria,2,,2022.0,IITA,,76.0,90.0,0.2513,76.1872,45.9,56.320392,73.9783,57.0,90.0,17.8,,,,17.4,87.5,184.0,,,59.0,,0.2553,85.2821,3.636,2.182,4.833,2.0,3.167,3.273,3.0,48.0,0.339416666666667,26.32,7.47,28.3814589665654,139.1928,83.2398,40.1333333333333,0.3045,12.07,2.3,19.0555095277548,139.1928,83.2398,168.0,134.5,117.8,18.6,34.2,100.0,175.0,24.5,75.0,181.0,,2.6,2.32,0.1537,79.2716,14.0,34.5,0.0,0.0,64.0641178729482,44.5236112540095,97.0302385095811,24.9839231598098,70.9956680634748,0.301995431735334,,102.043620524425,76.3776461302984,15.1620634190361,3.06397657013617,79.7071476190339,0.132343802300964,3.52689646532329,2.48554032812155,2.83052951881744,175.180149947589,106.266940198407,86.0360972979864,0.238336871375301,,1.1,4.0,1.1,1.2,1.0,1.0,1.40528870135167,,913.37,1696.5,1377.25,845.33,3506.57,1256.12,1525.20662312138,,799.2,424.12,1224.22,724.57,3506.57,1256.12,1300.59842449282,,20.297,37.7,30.606,18.785,77.924,27.914,33.8935389618352,-0.0453055306120601,0.0291139611420367,0.0342721920423773,0.201731133622535,-0.02050605406595,-0.0155606028405943,-0.0152893561160427,3.0,2.0,3.0,2.96,2.0,66.87,29.52,3.6,61.51,7.08,31.41,65.37,12.29,22.34,Vert foncé / Vert violacé,Vert,Jaunâtre,Verte,Entière,Sagittée allongée,Aigue,Souple,Peu nombreuses,0.0,Alternes à la base/opposées au-dessus,0.0,Entièrement vert avec base violette,Absent,Absent,Vert,Absente,Vert,Absente,0,0.0,0.0,0.0,Violet,Entièrement vert avec les deux extrémités violettes,Vert,Vert,,Présente,Absence,Autre,Autre,Autre,Autre,Autre,Autre,Autre,Autre,Autre,Faible,Moyenne,Uniformément répartie,Fusiforme,Forte,Base,Blanc avec du violet,Non uniforme,Absente,Autre,Violet clair,Granuleux,Moyen,Épaisse,Absent,Absent,0.680824756622314,22327.0,187.615264892578,43.9967002868652,8.71133995056152,9.31707668304443,3.17437791824341,3.11159825325012,86.4064559936523,0.542019244699247,128.897323608398,0.880020495807023,1.81273626305487,33.89,56.2,-0.52,6.0,0.768716577540107,performante & variabilité forte,64.06,0.24,29.0,38.81,3762,Medium,Low,White with purple,Irregular,21.0,53.0,21.0,4.0,1287.0,47.0
CIRAD43,4929,CIDERAD,Dioscorea alata,Bénin,2,,2022.0,IITA,,89.0,90.0,0.2003,85.4394,56.3333333333333,92.103529,68.2211,42.75,90.6,19.2,18.4,100.0,150.0,21.0,87.5,148.0,161.0,180.0,62.0,,0.2492,86.6779,3.636,1.727,3.667,1.182,3.833,4.3,3.455,46.5166666666667,0.342416666666667,18.69,4.46,23.8630283574104,109.0429,84.3557,45.45,0.283416666666667,15.41,3.11,20.1817001946788,109.0429,84.3557,221.0,0.0,96.8,17.4,22.8,100.0,177.0,21.1,87.5,178.0,,2.5,3.32,0.172,80.9726,0.0,62.0,0.0,0.0,55.9984397700459,47.6348131614978,97.0302385095811,22.3468446897119,75.8621139586789,0.301336416271734,176.802428293676,95.4407531542662,75.4515704719979,14.1108614228057,2.76594162782078,81.1597594878462,0.132343802300964,3.24840873978082,2.64344509757715,2.99799132765178,165.742569952369,99.2069213320199,90.4834592435076,0.228869124582646,1.0,1.0,2.3,1.4,1.4,1.0,1.1,1.24318129492667,1245.4,288.75,754.33,1443.5,1889.88,1780.12,1729.62,1312.72245409351,1245.4,288.75,323.29,1049.82,1374.45,1780.12,1537.44,1101.01927494503,27.676,6.417,16.763,32.078,41.997,39.558,38.436,29.171663242066,-0.0381318722909874,0.0291139611420367,0.0082041870061706,0.128789385298691,0.0040615556889049,-0.0733583334019253,0.0477405336152235,3.0,2.0,2.0,2.13,1.0,65.68,22.34,11.98,65.52,12.08,22.4,65.15,10.76,24.09,Vert foncé / Vert violacé,Vert,Jaunâtre,Verte,Entière,Sagittée allongée,Aigue,Souple,Peu nombreuses,0.0,Alternes à la base/opposées au-dessus,0.0,Entièrement vert avec base violette,Absent,Absent,Vert violacé,Absente,Vert violacé,Absente,0,0.0,0.0,0.0,Violet,Entièrement vert avec base violette,Vert,Vert,Mâle,Absente,Absence,Autre,Autre,Autre,Autre,Autre,Autre,Autre,Autre,Autre,Faible,Faible,Base,Ronde,Faible,Base,Blanc,Uniforme,Absente,Autre,Blanc,Granuleux,Très abondant,Épaisse,Absent,Absent,-1.20894968509674,9112.5,156.682083129883,50.1692581176758,9.19228649139404,9.70984268188477,3.26044535636902,2.68828725814819,96.3450698852539,0.6807121592683,158.112716674805,0.960930085314676,1.76471140954473,29.17,42.1,1.11,7.0,0.2406417112299465,performante & variabilité faible,56.0,0.23,16.95,38.02,4929,Medium,Medium,White,Rounded,20.0,44.0,33.0,3.0,1027.0,66.0
CIRAD44,2868,2868,Dioscorea alata,Inde,2,,2022.0,IITA,,,,,,,,,,,,,,,,,,,,,,,,,,,,,,,,,,,,,,,,,,,,,,,,,,,,,,,,,,,,,,,,,,,,,,,,,,,,,,,,,,,,,,,,,,,,,,,,,,,,,,,,,,,,,,,,,,,,,,,,,,,,,,,,,,,,,,,,,,,,,,,,,,,,,,,,,,,,,,,,,,,,,,,,,,,,,,,,,,,,,,,,,,,,,,,,,,,,,,,,,,,,,,,,0.0,,données insuffisantes,,,,,2868,na,na,na,na,,,,,,
CIRAD45,4042,4042,Dioscorea alata,Nigéria,2,,2022.0,IITA,,,,0.6086,69.426,42.0666666666667,89.721172,82.2303,38.0,107.5,23.0,32.6,100.0,171.0,,,,159.0,175.0,,,,,,,,,2.667,3.3,2.545,57.0666666666667,0.267916666666667,18.03,3.77,20.9095951192457,115.2135,87.257,37.9833333333333,0.269,8.49,1.79,21.0836277974087,115.2135,87.257,,73.0,89.0,15.2,28.1,87.5,180.0,35.6,62.5,180.0,176.0,2.7,3.24,0.2705,76.4072,14.0,55.5,0.0,0.0,44.5503278525611,45.1960088625204,,30.7942434070334,,0.298096003830902,176.815803440045,98.3861498733076,80.6558666446642,12.2534928607017,2.49364606688716,77.9803094424605,0.132343802300964,3.21037153850645,2.71851251465423,3.11017034782345,173.831028316613,102.074751242942,83.5110855382429,0.386665936319256,1.0,,2.0,1.2,1.5,1.0,1.0,1.26716173443109,441.02,,916.25,458.5,2421.85,1442.25,2295.75,1305.32728713488,441.02,,837.915,366.8,1614.57,1442.25,2295.75,1158.37474837761,9.8,,20.361,10.189,53.819,32.05,51.017,29.0072663834844,0.010549764604304,0.0291139611420367,-0.0396083500870951,0.0977462566599583,0.048539860956573,0.0151099682967327,-0.056446689260127,,2.0,2.0,,,67.37,14.22,18.41,55.3,12.09,32.61,61.61,12.25,26.14,Vert foncé / Vert violacé,Vert,Vert,Verte,Entière,Sagittée allongée,Aigue,Souple,Peu nombreuses,0.0,Alternes à la base/opposées au-dessus,0.0,Entièrement vert avec base violette,Absent,Absent,Vert,Absente,Vert,Absente,0,0.0,0.0,0.0,Vert pâle,Entièrement vert avec base violette,Vert,Vert,Mâle,Absente,Absence,Autre,Autre,Autre,Autre,Autre,Autre,Autre,Autre,Autre,Faible,Moyenne,Uniformément répartie,Fusiforme,Forte,Base,Blanc,Uniforme,Absente,Autre,Blanc,Granuleux,Moyen,Épaisse,Absent,Absent,-1.56357026100159,40265.5,268.716674804688,48.6995315551758,11.433835029602,11.7709445953369,2.62826776504517,2.28779864311218,97.5829467773438,0.58727138676926,163.432281494141,0.903137896983152,1.82053288736857,29.01,60.3,1.86,6.0,0.7018716577540107,performante & variabilité forte,44.55,0.39,15.08,36.77,4042,Medium,Medium,White,Irregular,28.0,47.0,21.0,5.0,1320.0,43.0
CIRAD46,1278,1278,Dioscorea alata,Nigéria,2,,2022.0,IITA,,,,,,,,,,,,,,,,,,,,,,,,,,,,,,,,,,,,,,,,,,,,,,,,,,,,,,,,,,,,,,,,,,,,,,,,,,,,,,,,,,,,,,,,,,,,,,,,,,,,,,,,,,,,,,,,,,,,,,,,,,,,,,,,,,,,,,,,,,,,,,,,,,,,,,,,,,,,,,,,,,,,,,,,,,,,,,,,,,,,,,,,,,,,,,,,,,,,,,,,,,,,,,,,0.0,,données insuffisantes,,,,,1278,na,na,na,na,,,,,,
CIRAD47,1326,1326,Dioscorea alata,Ghana,3,,2022.0,IITA,,96.0,108.0,,,47.4333333333333,91.088588,76.6619,9.5,120.2,24.2,37.8,100.0,145.0,17.8,100.0,143.0,,,91.0,,0.1928,87.6509,2.636,3.0,4.333,1.917,2.25,1.727,1.273,39.3833333333333,0.267166666666667,12.38,2.65,21.40549273021,79.5994,56.7192,48.3333333333333,0.3175,8.0,2.41,30.125,79.5994,56.7192,0.0,0.0,83.2,13.8,34.9,87.5,172.0,24.2,100.0,176.0,,4.7,3.36,0.1921,82.87,14.0,0.0,0.0,0.0,18.624510099088,44.7671282257405,99.2982723954335,28.6626846342384,86.8116172228883,0.299836169087319,,100.619472660273,63.1493748503206,10.7489753183114,2.42591085272457,80.7378096529177,0.132343802300964,3.87885567611947,2.29466643097742,2.61739630757374,162.700578954834,81.9570682996885,92.5841329402403,0.232249907458305,1.0,1.8,1.3,1.0,1.8,1.0,1.1,1.29153738434692,51.0,649.0,518.83,185.0,1330.51,190.38,2328.0,900.359784001556,51.0,370.86,389.12,185.0,760.29,190.38,2069.33,706.697011716199,1.133,14.422,11.53,4.111,29.567,4.231,51.733,20.0079683301522,-0.0415319923825595,0.0291139611420367,-0.0327807319119929,-0.0019007545447112,-0.0096534482818283,-0.0571307622230074,0.069287556007655,3.0,3.0,3.0,2.84,2.0,62.29,17.58,20.13,49.24,32.41,18.35,58.36,19.56,22.08,Vert foncé / Vert violacé,Jaunâtre,Jaunâtre,Autre,Entière,Sagittée allongée,Aigue,Souple,Peu nombreuses,0.0,Alternes à la base/opposées au-dessus,0.0,Vert,Absent,Absent,Vert,Absente,Vert,Absente,0,0.0,0.0,0.0,Vert foncé / Vert violacé,Vert,Vert,Vert,,Présente,Absence,Autre,Autre,Autre,Autre,Autre,Autre,Autre,Autre,Autre,Faible,Faible,Base,Irrégulière,Faible,Base,Blanc jaunâtre ou blanc cassé,Uniforme,Absente,Autre,Blanc,Granuleux,Abondant,Épaisse,Absent,Absent,-2.17156553268433,19608.0,185.244186401367,49.5327682495117,13.1463098526001,13.3855628967285,2.83291435241699,1.26456737518311,99.1843643188477,0.732639760692713,142.009475708008,0.945579051385452,1.79709434218146,20.01,100.9,1.56,7.0,0.7593582887700535,modeste & variabilité forte,18.62,0.23,9.03,22.41,1326,High,Medium,Yellowish white or off-white,Flattened,8.0,42.0,33.0,17.0,669.0,60.0
CIRAD48,1467,1467,Dioscorea alata,Nigéria,2,,2022.0,IITA,207.0,94.0,106.0,0.2884,73.586,46.8666666666667,101.195409,64.0847,9.5,118.4,15.4,16.6,100.0,161.0,28.6,100.0,179.0,157.0,,101.0,,0.2453,86.687,3.273,4.818,3.333,2.333,4.417,4.455,1.818,50.5,0.280833333333333,15.85,3.28,20.6940063091483,89.0394,69.2313,36.0166666666667,0.257916666666667,13.0,2.27,17.4615384615385,89.0394,69.2313,0.0,0.0,119.8,21.2,23.1,100.0,184.0,20.4,100.0,175.0,169.0,3.0,2.68,0.3128,77.996,0.0,0.0,2.0,,18.624510099088,44.3818625689721,99.0462686303388,23.4330082470509,89.2448401704904,0.298162816458547,173.604089096848,111.883187585838,66.4190360856035,12.8244254134329,2.49229136260391,79.4163782224418,0.576825843782112,3.28492450790092,2.36432300902612,3.94830781624663,173.973839710406,90.3043504374158,94.684806636973,0.283772295416346,1.0,1.0,1.5,1.1,1.0,1.1,1.0,1.11039811207984,411.67,2270.42,1459.67,783.75,1669.9,455.12,3409.83,1457.21274739221,411.67,2270.42,973.11,696.67,1669.9,404.56,3409.83,1351.58224992092,9.148,50.454,32.437,17.417,37.109,10.114,75.774,32.3825496343609,-0.0167418355418588,-0.138723947274898,-0.0161239363696845,0.06527913844822,0.081632029027238,0.112295801890778,-0.0889108413384372,2.0,2.0,2.0,3.05,2.0,67.31,15.55,17.14,67.13,3.65,29.22,64.18,10.57,25.26,Vert foncé / Vert violacé,Jaunâtre,Jaunâtre,Verte,Entière,Sagittée allongée,Aigue,Souple,Peu nombreuses,0.0,Alternes à la base/opposées au-dessus,0.0,Vert,Absent,Absent,Vert,Absente,Vert,Absente,0,0.0,0.0,0.0,Vert pâle,Vert,Vert,Vert,Femelle,Présente,Présence,Irrégulière,Moyen (2-3 cm),,,Blanc jaunâtre ou blanc cassé,Rugueuse,Épaisse,Blanc,Blanc,Faible,Moyenne,Base,Fusiforme,Forte,Base,Blanc jaunâtre ou blanc cassé,Uniforme,Présente,Orangée,Blanc,Granuleux,Moyen,Moyenne,Absent,Absent,0.578216791152954,44306.5,280.25,44.5392417907715,16.720235824585,17.2175769805908,5.67247152328491,3.61322784423828,88.3937377929688,0.55354698825811,153.430862426758,0.886555546644658,1.81885884195236,32.38,67.2,1.32,7.0,0.56951871657754,performante & variabilité moyenne,18.62,0.28,30.68,35.1,1467,Medium,Medium,Yellowish white or off-white,Irregular,28.0,45.0,28.0,0.0,1326.0,47.0
CIRAD49,3150,3150,Dioscorea alata,Inde,2,,2022.0,IITA,,34.0,69.0,0.2724,81.6204,55.5666666666667,93.605718,56.7781,47.5,92.4,16.0,22.8,100.0,145.0,17.8,75.0,148.0,,,53.0,,0.2611,84.0389,2.909,1.364,4.167,1.333,3.167,2.636,2.455,42.7,0.281666666666667,6.84,1.47,21.4912280701754,41.4549,53.0057,50.1666666666667,0.311666666666667,10.33,2.0,19.3610842207164,41.4549,53.0057,0.0,0.0,91.4,16.4,23.0,87.5,176.0,30.0,87.5,179.0,,3.4,4.12,0.2508,82.7049,14.0,41.0,0.0,0.0,27.9606063647186,47.6638898148388,94.3841989760866,24.4186011046362,56.3963303778622,0.300152010599827,,94.2755412654147,55.9751911864205,9.96241158686636,2.21051287168754,80.6038757799795,0.132343802300964,3.55637304922747,2.6312985768498,2.4045558617301,164.8478667178,60.7131170323955,86.2821118500421,0.268594618856985,1.0,2.1,2.5,1.3,1.0,1.3,1.0,1.36024423953311,349.74,153.71,363.5,495.67,1865.5,876.71,1546.71,930.430191586777,349.74,71.73,145.4,371.75,1865.5,681.89,1546.71,813.782012338476,7.772,3.416,8.078,11.015,41.456,19.483,34.371,20.6763673255519,-0.0215839398042833,0.0291139611420367,-0.045905337011842,-0.0757730822434759,-0.0343966343643579,-0.0981568323123877,0.092674977412296,3.0,2.0,3.0,2.25,1.0,55.01,22.36,22.63,70.13,17.09,12.78,59.15,21.98,18.88,Vert foncé / Vert violacé,Jaunâtre,Jaunâtre,Verte,Entière,Sagittée allongée,Aigue,Souple,Peu nombreuses,0.0,Alternes à la base/opposées au-dessus,0.0,Vert,Absent,Absent,Vert,Absente,Vert,Absente,0,0.0,0.0,0.0,Vert pâle,Vert,Vert,Vert,,Présente,Absence,Autre,Autre,Autre,Autre,Autre,Autre,Autre,Autre,Autre,Faible,Faible,Uniformément répartie,Cylindrique,Nulle,Autre,Blanc,Uniforme,Absente,Autre,Violet,Lisse,Abondant,Moyenne,,Absent,-1.87487483024597,21744.5,221.262268066406,57.4570579528809,6.40980958938599,6.79844665527344,1.50674951076508,1.32344663143158,105.556228637695,0.660606044225939,135.896102905273,0.942585287574555,1.77481268084113,20.68,75.5,1.6,7.0,0.731283422459893,modeste & variabilité forte,27.96,0.27,6.42,26.58,3150,Medium,High,White,Cylindrical,9.0,39.0,30.0,23.0,674.0,57.0
CIRAD50,4678,4678,Dioscorea alata,Bénin,2,,2022.0,IITA,,68.0,75.0,0.265,78.1093,46.7,87.285468,58.3319,38.0,125.8,27.4,11.4,100.0,150.0,11.5,100.0,148.0,,,62.0,,0.2223,83.476,2.273,3.0,2.667,2.083,2.167,1.455,1.1,47.9,0.34,10.82,1.92,17.7449168207024,52.2028,59.2989,43.7833333333333,0.329416666666667,13.86,3.97,28.6435786435786,52.2028,59.2989,97.0,253.5,86.8,14.6,36.6,100.0,181.0,,,,,3.3,3.48,0.2508,83.0368,0.0,69.0,0.0,0.0,71.5684484155754,45.4722370692601,95.1402102713707,22.9544506589952,69.4749037212234,0.302924734647138,,103.597236376227,59.6896335258716,11.8026276688454,2.53835130823447,80.163692860368,0.132343802300964,3.20441383843129,2.32267779510377,2.53776411875741,165.705953068607,65.0831925727656,93.6111325772168,0.257321167779132,1.0,1.0,1.7,1.0,1.6,,1.0,1.22529156397734,209.0,685.13,341.83,68.0,1746.92,,301.5,771.96116594498,209.0,685.13,205.1,68.0,1075.03,,301.5,612.872984983121,4.644,15.225,7.596,1.511,38.821,,6.7,17.1546313578006,-0.027806739560154,0.0291139611420367,0.291799319932177,-0.0007404215622135,-0.0872301707897828,-0.0532438022505071,0.0001782955581063,2.0,2.0,2.0,2.4,1.0,69.73,6.6,23.67,57.0,43.0,0.0,63.0,20.15,16.85,Vert pâle,Jaunâtre,Jaunâtre,Verte,Entière,Cordée allongée,Aigue,Souple,Peu nombreuses,0.0,Alternes à la base/opposées au-dessus,0.0,Entièrement vert avec base violette,Absent,Absent,Vert violacé,Absente,Vert violacé,Absente,0,0.0,0.0,0.0,Violet,Entièrement vert avec les deux extrémités violettes,Vert,Vert,,Présente,Absence,Autre,Autre,Autre,Autre,Autre,Autre,Autre,Autre,Autre,Faible,Faible,Base,Ronde,Nulle,Autre,Violet clair,Non uniforme,Absente,Autre,Blanc,Granuleux,Moyen,Épaisse,Absent,Absent,19.0402240753174,3939.0,73.6297073364258,312.686431884766,-9.79712295532227,21.5021362304688,3.38959813117981,4.42685317993164,333.231201171875,0.869093312713558,91.4568405151367,0.984996248815955,1.62058997173972,17.15,100.8,0.93,6.0,0.5320855614973262,modeste & variabilité moyenne,71.57,0.26,9.15,15.68,4678,Medium,Medium,Light purple,Rounded,2.0,58.0,23.0,16.0,561.0,43.0
CIRAD51,1414,1414,Dioscorea alata,Ghana,3,,2022.0,IITA,,69.0,76.0,0.2208,72.8475,60.6666666666667,61.895795,43.4737,38.0,115.8,26.8,15.3,60.0,150.0,17.1,100.0,143.0,,,45.0,,0.2159,82.0326,2.727,3.0,3.167,2.167,,,,46.55,0.304416666666667,13.29,2.39,17.9834462001505,78.9664,60.4733,,,,,,,,98.0,,,,,,,,,,,3.8,2.64,0.2249,82.5437,0.0,96.5,0.0,0.0,50.4808687519515,48.8569368469584,95.2662121539181,22.4356750108705,64.6084578260193,0.300576949208395,,106.433101965003,54.7379528526524,11.7042081132796,2.38562072319848,79.3169574149658,0.132343802300964,3.42438834517891,2.42801958535734,2.98598295650314,162.273940466662,70.668558386402,81.8685186570328,0.238654089695674,1.0,1.1,1.3,,1.0,,1.1,1.07508879317731,231.0,480.71,291.83,,517.12,,694.38,670.672660426575,231.0,420.62,218.88,,517.12,,617.22,562.219720979275,5.133,10.683,6.485,,11.492,,15.431,14.9039484958056,-0.0375872629174174,0.0291139611420367,-0.0424288444889493,0.0119383628244212,-0.111288063039379,-0.054760518021419,0.030600436581941,2.0,3.0,2.0,2.61,2.0,68.25,6.19,25.55,,,,63.3,15.41,21.3,Vert foncé / Vert violacé,Jaunâtre,Jaunâtre,Verte,Entière,Sagittée allongée,Aigue,Souple,Peu nombreuses,0.0,Alternes à la base/opposées au-dessus,0.0,Vert,Absent,Absent,Vert,Absente,Vert,Absente,0,0.0,0.0,0.0,Vert pâle,Vert,Vert,Vert,,Présente,Absence,Autre,Autre,Autre,Autre,Autre,Autre,Autre,Autre,Autre,Faible,Faible,Uniformément répartie,Allongée,Nulle,Autre,Blanc jaunâtre ou blanc cassé,Non uniforme,Absente,Autre,Blanc,Granuleux,Moyen,Épaisse,,Absent,-1.50967741012573,9578.5,139.963577270508,46.550537109375,14.9274959564209,15.1065235137939,3.48994135856628,1.71444082260132,95.5801391601562,0.728665614548825,151.905990600586,0.962808463490696,1.70533460660272,14.9,37.5,0.33,5.0,0.4385026737967914,modeste & variabilité moyenne,50.48,0.24,7.43,13.46,1414,High,Medium,Yellowish white or off-white,Oval-oblong,0.0,59.0,41.0,0.0,442.0,34.0
CIRAD52,1475,1475,Dioscorea alata,Nigéria,2,,2022.0,IITA,,,,0.3208,75.8508,52.3333333333333,70.66944,68.0982,28.5,,,,,,,,,,,,,,,,,,,,,,,,,,,,,,,,,,,,,,,,,,,,,,,,,,,,,,,33.6423687553407,46.6394338301712,,,,,,,64.8739192019599,,,79.1349645050891,,,,,,70.8865883875855,,0.295039327966213,,,1.0,,,,,0.931119540344309,,,209.6,,,,,1010.70740829713,,,209.6,,,,,899.149174056108,,,4.658,,,,,22.4602356216278,-0.01497082361061,0.0291139611420367,-0.0412165385207154,-9.75993422957585e-05,-0.019835159673838,-0.0276422009964927,0.0344476256958706,,,,,,,,,,,,,,,,,,,,,,,,,,,,,,,,,,,,,,,,,,,Présente,,,,,,,,,,Autre,Faible,Moyenne,Uniformément répartie,Ronde,Nulle,Autre,Blanc,Uniforme,Absente,Autre,Blanc,Granuleux,Moyen,Épaisse,Absent,,-1.29183530807495,4771.0,91.1010437011719,46.2327919006348,15.7290821075439,15.9396257400513,2.96433186531067,2.1817364692688,94.6123580932617,0.777876025120169,136.97200012207,0.946251487317284,1.67354378892617,22.46,,,1.0,,données insuffisantes,33.64,0.3,4.66,,1475,na,na,White,Rounded,0.0,40.0,40.0,20.0,210.0,5.0
CIRAD53,1247,1247,Dioscorea alata,Ghana,2,,2022.0,IITA,,,,0.3068,82.2289,40.7111111111111,49.142899,47.563,28.5,,,,,,,,,,,77.0,,0.2418,88.89,,,4.167,,,,,,,,,,,,,,,,,,,,,,,,,,,,,176.0,3.3,2.92,0.2667,77.9576,0.0,21.0,2.0,,32.7317564938786,42.1444191080413,,,77.5874488192735,,178.642567308573,,53.5085142582657,,,80.6876635712302,0.576825843782112,3.53437559855271,2.5741963578078,,,56.2685963294182,,0.276159055727407,,,1.0,,1.0,,1.0,0.770194840991116,,,170.0,,1622.62,,1328.12,948.755264758174,,,170.0,,1622.62,,1328.12,897.032027829516,,,3.778,,36.058,,29.514,21.0835210104639,-0.0234719507846637,0.0291139611420367,-0.0333038807942491,-0.0144582876473994,-0.0233046908388767,0.0016540855891696,0.0729195971471234,3.0,2.0,3.0,,,,,,,,,,,,,,,,,,,,,,,,,,,,,,,,,,,,,,,Mâle,Présente,,,,,,,,,,Autre,Forte,Autre,Autre,Allongée,Faible,Base,Blanc jaunâtre ou blanc cassé,Uniforme,Absente,Autre,Violet,Granuleux,Moyen,Épaisse,Absent,,-5.35192012786865,15903.0,246.464904785156,51.6182060241699,31.7174968719482,32.4111289978027,7.07160043716431,3.9956476688385,99.2795791625977,0.551716059742768,215.051208496094,0.935773338377959,1.71991313357253,21.08,60.3,1.3,3.0,0.4919786096256684,modeste & variabilité moyenne,32.73,0.28,3.78,32.79,1247,Medium,Medium,Yellowish white or off-white,Oval-oblong,28.0,44.0,28.0,0.0,1330.0,18.0
CIRAD54,1173,ORIGINAL,D. alata,Bénin,2,,2022.0,IITA,,89.0,90.0,,,54.1222222222222,101.819837,52.8312,9.5,70.6666666666667,15.3333333333333,20.5,80.0,157.0,22.8,62.5,174.0,157.0,,91.0,,0.3036,80.1631,2.273,2.909,3.833,3.5,2.917,1.9,2.909,48.1166666666667,0.27825,11.35,2.55,22.4669603524229,67.6442,47.4774,48.2,0.273916666666667,11.1,2.62,23.6036036036036,67.6442,47.4774,0.0,249.0,57.0,12.4,19.7,75.0,180.0,31.4,100.0,187.0,,3.9,4.04,0.2265,81.2914,14.0,0.0,1.0,0.0,48.0509401008857,48.1012511421765,97.0302385095811,24.579514224242,84.6825471437365,0.298651763415412,165.733968748099,76.1068669985076,52.0339714271558,11.2561986591499,2.44081259984034,79.5291559147396,0.311759951324705,3.59288881734758,3.26118243742543,2.64140307037866,173.794899063492,78.1618921493713,80.8203602385369,0.279116979843643,1.0,1.6,1.3,1.0,1.0,1.4,1.0,1.10779701009993,606.28,2183.36,746.11,453.5,2081.75,1119.0,3166.12,1445.71087379608,606.28,1364.6,559.58,453.5,2081.75,813.82,3166.12,1262.81613361149,13.473,48.519,16.58,10.078,46.261,24.867,70.358,32.1268979632308,-0.0179353296158296,0.0291139611420367,-0.0144754157082908,-0.0164021874087718,0.0731041214092528,0.0922291236166669,0.0836288610329188,3.0,3.0,3.0,3.45,3.0,60.71,22.2,17.09,59.15,25.12,15.73,60.27,18.04,21.69,Vert foncé / Vert violacé,Jaunâtre,Jaunâtre,Verte,Entière,Sagittée allongée,Aigue,Souple,Nombreuses,0.0,Alternes à la base/opposées au-dessus,0.0,Vert,Absent,Absent,Vert,Absente,Vert,Absente,0,0.0,0.0,0.0,Vert pâle,Vert,Vert,Vert,Mâle,Absente,Absence,Autre,Autre,Autre,Autre,Autre,Autre,Autre,Autre,Autre,Faible,Moyenne,Base,Allongée,Nulle,Autre,Blanc,Uniforme,Absente,Autre,Blanc,Lisse,Moyen,Moyenne,Fort,Absent,-0.189849629998207,72178.5,555.204956054688,49.1641616821289,12.5375938415527,13.2760219573975,4.76231718063354,4.23017835617065,93.0529861450195,0.388995164466836,198.053253173828,0.891384218282631,1.83958923983563,32.13,63.5,1.99,7.0,0.7540106951871658,performante & variabilité forte,48.05,0.28,26.19,37.89,1173,High,High,White,Oval-oblong,27.0,47.0,20.0,5.0,1324.0,55.0
CIRAD55,,,,,,,,,,,,,,,,,,,,,,,,,,,,,,,,,,,,,,,,,,,,,,,,,,,,,,,,,,,,,,,,,,,,,,,,,,,,,,,,,,,,,,,,,,,,,,,,,,,,,,,,,,,,,,,,,,,,,,,,,,,,,,,,,,,,,,,,,,,,,,,,,,,,,,,,,,,,,,,,,,,,,,,,,,,,,,,,,,,,,,,,,,,,,,,,,,,,,,,,,,,,,,,,,,,,,,,,0.0,,données insuffisantes,,,,,1328,na,na,na,na,,,,,,
CIRAD56,1185,1185,Dioscorea alata,Bénin,2,,2022.0,IITA,,64.0,78.0,0.2781,67.5986,43.8666666666667,59.492172,55.9286,57.0,127.6,90.8,,,,14.1,100.0,143.0,,,62.0,,,,3.0,1.0,,1.083,3.667,1.364,1.0,40.3333333333333,0.315,9.41,1.46,15.5154091392136,54.2333,71.2275,43.9333333333333,0.306083333333333,8.17,1.72,21.0526315789474,54.2333,71.2275,405.0,317.0,67.0,16.2,21.8,100.0,180.0,,,,,3.1,2.72,0.2436,64.9762,21.0,75.5,1.0,0.0,118.485286611213,43.2369693436698,95.5182159190128,21.1645550041076,68.2582922474224,0.301163310827379,,97.7711769319692,65.3252875128272,10.0628761133126,2.17122644747323,76.2128146570705,0.311759951324705,3.32317529102505,1.86160578382054,1.92559166723189,165.78041478254,58.2490464451838,91.9938910341275,0.271305800847357,,1.3,1.0,1.0,1.0,,,1.05978309757053,,119.47,272.4,190.0,272.07,,,490.89724843298,,89.6,272.4,190.0,272.07,,,437.363530849096,,2.655,6.053,4.222,6.046,,,10.9087416368076,-0.0272993042867932,0.0291139611420367,0.104376791033622,-0.0357436972940946,-0.114986270502579,-0.127349270929181,-0.0795552380633789,,2.0,2.0,,,65.28,0.0,34.72,57.1,18.5,24.41,60.41,20.76,18.83,Vert pâle,Jaunâtre,Jaunâtre,Verte,Entière,Sagittée élargie,Aigue,Souple,Peu nombreuses,0.0,Alternes à la base/opposées au-dessus,0.0,Entièrement vert avec base violette,Absent,Absent,Vert,Absente,Vert,Absente,0,0.0,0.0,0.0,Vert foncé / Vert violacé,Entièrement vert avec les deux extrémités violettes,Vert,Vert,,Présente,Absence,Autre,Autre,Autre,Autre,Autre,Autre,Autre,Autre,Autre,Faible,Faible,Uniformément répartie,Ovale,Nulle,Autre,Violet avec du blanc,Non uniforme,Absente,Autre,Violet clair,Lisse,Moyen,Épaisse,,Absent,6.358558177948,8200.0,123.665885925293,233.024765014648,0.403687387704849,6.81235027313232,2.28336501121521,2.83337497711182,129.099426269531,0.821389035615288,124.927352905273,0.980978585837902,1.63247809265572,10.91,29.9,0.02,4.0,0.446524064171123,modeste & variabilité moyenne,118.49,0.27,4.35,5.13,1185,Medium,Medium,Purple with white,Oval,0.0,35.0,55.0,10.0,278.0,20.0
CIRAD57,1372,1372,Dioscorea alata,Inde,3,,2022.0,IITA,,,,,,47.9333333333333,50.232373,58.5477,66.5,,,,,,,,,,,,,,,,,,,,,,,,,,,,,,,,,,,,,,,,,,,,,,176.0,,1.8,,,14.0,41.0,0.0,,41.7076103517727,44.9376882948333,,,,,178.642567308573,,59.5881026569663,,,,0.13953683593657,,2.02357806985878,,,57.008423609592,,,,,,,1.5,,,1.66236265473853,,,,,1679.0,,,1238.33730257463,,,,,1119.33,,,950.806477185422,,,,,37.311,,,27.5185456522493,-0.0140981733692243,0.0291139611420367,-0.0189715219788984,-0.009791373895637,-0.0156367390627197,-0.0144628016221829,-0.0394801440323716,,,,,,,,,,,,,,,,,,,,,,,,,,,,,,,,,,,,,,,,,,Mâle,,,,,,,,,,,,Faible,Faible,Uniformément répartie,Ronde,Faible,Extrémité,Violet clair,Uniforme,Présente,Marron,Violet clair,Lisse,Moyen,Épaisse,Absent,,,,,,,,,,,,,,,27.52,,,1.0,,données insuffisantes,41.71,,,37.31,1372,na,Low,Light purple,Rounded,33.0,33.0,33.0,0.0,1119.0,3.0
CIRAD58,2842,LEVYLA,Dioscorea alata,Ghana,2,,2022.0,IITA,,89.0,90.0,0.262,79.0199,47.7222222222222,89.453043,70.964,9.5,86.75,21.25,,,,25.1,87.5,174.0,,,96.0,,0.2518,79.0535,2.455,3.909,4.167,3.583,2.417,2.182,2.0,42.2,0.256916666666667,12.2,2.37,19.4262295081967,72.7199,58.3478,48.6,0.294,14.73,3.48,23.6252545824847,72.7199,58.3478,0.0,0.0,75.6,18.6,27.1,87.5,180.0,39.9,100.0,185.0,,3.5,4.04,0.2246,86.0199,0.0,0.0,0.0,0.0,18.624510099088,45.5025252498236,97.0302385095811,29.0124989179354,86.2033114859878,0.298606209351108,,87.3328204276743,62.508235445086,12.353957387148,2.53293249110147,80.1014901592401,0.132343802300964,3.57837049990224,3.05642680230718,3.01672831325562,174.962211200236,77.5239291673586,88.5611090577299,0.257394372006911,,1.0,1.0,1.0,1.1,1.0,1.0,1.01697847776411,,2467.59,1093.6,1184.67,2335.12,421.43,2737.0,1562.83676486255,,2467.59,1093.6,1184.67,2075.67,421.43,2737.0,1509.75517756458,,54.835,24.302,26.326,51.892,9.365,60.822,34.7296377147298,-0.0295888222146811,0.0291139611420367,-0.0463205889740914,0.0175969158372618,0.0771598674986863,0.0826194795647371,0.0733736749268086,3.0,3.0,3.0,3.75,3.0,65.15,12.0,22.84,64.56,26.45,8.99,63.46,15.12,21.42,Vert foncé / Vert violacé,Jaunâtre,Jaunâtre,Autre,Entière,Sagittée allongée,Aigue,Souple,Peu nombreuses,0.0,Alternes à la base/opposées au-dessus,0.0,Vert,Absent,Absent,Vert,Absente,Vert,Absente,0,0.0,0.0,0.0,Vert pâle,Vert,Vert,Vert,,Présente,Absence,Autre,Autre,Autre,Autre,Autre,Autre,Autre,Autre,Autre,Faible,Faible,Base,Allongée,Nulle,Autre,Blanc,Uniforme,Absente,Autre,Blanc,Lisse,Abondant,Moyenne,Absent,Absent,-2.72859025001526,22505.0,329.588775634766,55.8972320556641,10.9305009841919,11.4091911315918,2.04126858711243,1.74779725074768,104.01082611084,0.418473486773803,165.158432006836,0.914484243852395,1.75940601788914,34.73,49.8,1.31,6.0,0.4304812834224598,performante & variabilité moyenne,18.62,0.26,39.57,37.1,2842,Medium,High,White,Oval-oblong,36.0,38.0,23.0,3.0,1790.0,39.0
CIRAD59,1371,1371,Dioscorea alata,Congo,2,,2022.0,IITA,,,,,,53.7555555555556,82.10599,77.7864,9.5,,,,,,,,,,,,,,,,,,,,,,,,,,,,,,,,,,,,,,,,,,,,,,,,,,,,,,,30.1636498643345,47.1894929931087,,,,,,,70.2359471430317,,,,,,,,,78.6527871964342,,,,,1.0,,,,,0.931119540344309,,,865.89,,,,,1240.93628408418,,,865.89,,,,,1156.24303732865,,,19.242,,,,,27.5763534604831,,,,,,,,,,,,,,,,,,,,,,,,,,,,,,,,,,,,,,,,,,,,,,,,,,,,,,,,,,,,,,,,,,,,,,,,,,,,,,,,,,,,,,,,,,27.58,,,1.0,,données insuffisantes,30.16,,19.24,,1371,na,na,na,na,0.0,89.0,11.0,0.0,866.0,9.0
CIRAD60,4890,CONSISTANT,Dioscorea alata,Côte d'Ivoire,2,,2022.0,IITA,,76.0,99.0,0.3302,82.5195,53.0222222222222,86.635501,87.732,28.5,99.8,19.6,20.8,80.0,180.0,38.3,87.5,143.0,,,86.0,,0.3071,85.4506,2.364,1.455,4.5,3.833,3.583,4.364,4.636,59.4833333333333,0.367833333333333,11.98,3.29,27.4624373956594,56.9035,53.7162,48.2833333333333,0.30875,10.86,1.91,17.5874769797422,56.9035,53.7162,305.0,0.0,107.8,21.2,26.9,100.0,168.0,,,,,3.2,4.64,0.2171,81.6366,7.0,41.0,0.0,0.0,61.7596384149761,50.3583263577725,98.1642554525073,29.6267792583907,79.2077955116318,0.303185911282481,,101.9788865306,64.479646519124,11.351762476989,2.4448767126901,80.7500309542446,0.132343802300964,3.58562965862491,3.92056499119607,2.93709612443929,168.32121803684,67.6033268213753,87.0461020018838,0.285700006747841,2.8,1.8,,2.0,1.2,,1.2,1.81328652067429,1819.06,493.2,,2317.0,1976.62,,528.38,1321.30211669303,649.66,274.0,,1158.5,1581.3,,422.7,811.384800207872,40.424,10.96,,51.489,43.925,,11.742,29.3623696229653,-0.0148932144864247,0.0291139611420367,-0.0488687178590806,0.0010694208407023,-0.0278441683792877,-0.0372182953280535,0.137721557301424,3.0,2.0,3.0,3.6,3.0,58.69,39.01,2.3,68.5,5.38,26.11,61.71,19.45,18.84,Vert foncé / Vert violacé,Jaunâtre,Jaunâtre,Verte,Entière,Sagittée allongée,Aigue,Souple,Peu nombreuses,0.0,Alternes à la base/opposées au-dessus,0.0,Vert,Absent,Absent,Vert,Absente,Vert,Absente,0,0.0,0.0,0.0,Vert pâle,Vert,Vert,Vert,,Présente,Absence,Autre,Autre,Autre,Autre,Autre,Autre,Autre,Autre,Autre,Faible,Faible,Milieu,Allongée,Nulle,Autre,Blanc,Uniforme,Absente,Autre,Blanc,Lisse,Moyen,Moyenne,Absent,Absent,-1.91702926158905,6796.5,162.575653076172,49.7980842590332,11.621410369873,11.8756017684937,3.08646035194397,1.45787680149078,99.6914901733398,0.61829282210656,168.636779785156,0.955168294433958,1.64464465503219,29.36,53.6,-0.37,5.0,0.7259358288770054,performante & variabilité forte,61.76,0.29,25.69,35.72,4890,Medium,High,White,Oval-oblong,10.0,51.0,31.0,8.0,850.0,59.0
CIRAD61,4941,DIRCA,Dioscorea alata,Bénin,2,,2022.0,IITA,,88.0,92.0,0.2333,79.1617,56.1333333333333,70.881926,55.2397,28.5,84.4,14.0,24.5,80.0,171.0,35.2,100.0,138.0,165.0,,,101.0,0.2475,84.5179,4.364,1.182,3.0,3.25,2.917,1.909,3.0,55.85,0.344,12.18,3.12,25.615763546798,62.3678,59.5621,48.8166666666667,0.306358333333333,8.11,1.94,23.921085080148,62.3678,59.5621,0.0,97.0,105.4,20.0,23.4,87.5,177.0,22.4,100.0,175.0,,3.8,4.28,0.225,85.9839,0.0,21.0,0.0,0.0,34.8149555217638,50.3607494122177,96.9076194022554,26.812183758772,80.5726986466876,0.302230187013381,171.011885503082,96.2175610801672,59.0156320156692,10.7269221295793,2.42591085272457,80.7567123336395,0.132343802300964,3.38765260255206,3.28126137985228,2.13843211307554,167.17409512768,66.2138875436953,89.2230550254679,0.249439512588339,1.0,1.0,1.0,1.1,1.0,1.8,1.0,1.16105707802007,516.98,308.31,675.0,130.75,1576.16,907.75,727.5,842.603808826729,516.98,308.31,675.0,116.22,1576.16,518.71,727.5,748.665750474514,11.488,6.851,15.0,2.906,35.026,20.172,16.167,18.7245036286428,-0.0315785093965808,0.0291139611420367,-0.021973647549836,-0.0113339938238574,-0.043075923378687,-0.0634654988266839,0.146167843642404,2.0,3.0,2.0,2.92,2.0,59.87,32.67,7.46,53.52,24.63,21.85,59.56,22.5,17.94,Vert foncé / Vert violacé,Jaunâtre,Jaunâtre,Autre,Entière,Cordée allongée,Aigue,Souple,Peu nombreuses,0.0,Alternes à la base/opposées au-dessus,0.0,Vert,Absent,Absent,Vert,Absente,Vert,Absente,0,0.0,0.0,0.0,Vert foncé / Vert violacé,Vert,Vert,Vert,Mâle,Absente,Absence,Autre,Autre,Autre,Autre,Autre,Autre,Autre,Autre,Autre,Faible,Faible,Base,Ovale,Nulle,Autre,Blanc,Uniforme,Absente,Autre,Violet,Granuleux,Moyen,Moyenne,Absent,Absent,-0.874239325523376,14864.0,183.617370605469,47.0060844421387,11.4446249008179,11.7845087051392,3.81811046600342,2.37695264816284,94.0616302490234,0.781718892347134,138.292495727539,0.986101436230066,1.72983544690887,18.72,62.8,0.79,7.0,0.463903743315508,modeste & variabilité moyenne,34.81,0.25,11.11,18.57,4941,High,High,White,Oval,4.0,56.0,30.0,11.0,604.0,57.0
CIRAD62,5080,PERSY,Dioscorea alata,Bénin,2,,2022.0,IITA,,63.0,69.0,0.3373,79.627,55.0,,,28.5,88.0,18.4,,,,20.9,100.0,148.0,,,53.0,101.0,0.237,87.3647,2.455,3.455,3.0,3.583,4.083,2.636,2.364,48.55,0.30775,9.33,1.71,18.3279742765273,57.6428,67.7049,53.9,0.339166666666667,13.58,4.25,31.2960235640648,57.6428,67.7049,0.0,97.0,105.8,22.8,14.9,100.0,179.0,,,,,4.0,4.08,0.2407,84.7438,0.0,34.5,0.0,0.0,36.410364377283,49.6301984970247,94.3338729960479,21.1309034044589,65.2167635629198,0.302104761489664,,97.5122409566689,66.5837247259588,11.368914957114,2.54783423821724,81.0004415256534,0.132343802300964,3.43164750390158,3.15657362626333,3.01672831325562,166.895103672266,60.7462162825164,91.9938910341275,0.276085851499628,,1.4,3.0,1.8,1.1,,1.8,1.66037761795089,,1177.69,1100.0,768.75,1888.46,,1802.88,1290.70544536715,,856.5,366.67,439.29,1678.63,,1030.21,911.143719194994,,26.171,24.444,17.083,41.966,,40.064,28.6822806343533,-0.024175543883861,0.0291139611420367,-0.035082999468481,-0.0159759947080719,-0.0146477490861041,-0.0074300647713506,0.106820445593343,2.0,3.0,2.0,3.33,3.0,63.0,8.33,28.67,54.59,45.41,0.0,61.82,23.74,14.43,Vert foncé / Vert violacé,Jaunâtre,Jaunâtre,Autre,Entière,Cordée allongée,Aigue,Souple,Peu nombreuses,0.0,Alternes à la base/opposées au-dessus,0.0,Vert,Absent,Absent,Vert,Absente,Vert,Absente,0,0.0,0.0,0.0,Vert foncé / Vert violacé,Vert,Vert,Vert,,Présente,Absence,Autre,Autre,Autre,Autre,Autre,Autre,Autre,Autre,Autre,Faible,Faible,Uniformément répartie,Ronde,Faible,Extrémité,Blanc,Uniforme,Absente,Autre,Violet,Lisse,Moyen,Moyenne,,Absent,-2.46553087234497,12962.0,143.131271362305,56.1854209899902,9.10697269439697,9.50675392150879,2.15238761901855,1.19924712181091,105.222808837891,0.783866729409903,165.221862792969,0.963645825517534,1.78449067836624,28.68,31.9,0.91,5.0,0.1270053475935829,performante & variabilité faible,36.41,0.28,25.31,33.04,5080,High,High,White,Rounded,7.0,72.0,13.0,7.0,876.0,54.0
CIRAD63,3805,3805,Dioscorea alata,Côte d'Ivoire,2,,2022.0,IITA,,86.0,99.0,0.2868,78.4996,50.5666666666667,99.834236,75.3282,28.5,80.0,16.25,,,,22.8,62.5,179.0,,,91.0,91.0,0.3378,79.4718,3.182,4.182,3.333,2.417,2.583,2.636,1.455,48.15,0.317666666666667,12.82,2.52,19.6567862714509,82.3115,54.9608,40.0833333333333,0.270583333333333,16.97,3.55,20.9192692987625,82.3115,54.9608,0.0,0.0,82.8,14.6,30.1,100.0,176.0,,,,176.0,3.7,2.72,0.256,78.7562,21.0,0.0,0.0,0.0,20.869900340189,45.5631016109507,96.5719133492718,26.8853269443903,83.7700885383857,0.299966757404991,178.642567308573,87.4784719137808,61.8752130585845,13.0547587179682,2.562735985333,79.2350634654098,0.132343802300964,3.43890666262425,2.30507773445801,3.22956875909926,174.697925900347,86.0375336637486,82.5013544306012,0.29209317597381,,1.0,1.0,1.0,1.1,,1.2,1.10504096332847,,2378.53,300.0,423.29,1380.83,,4523.38,1627.72251201611,,2378.53,300.0,423.29,1227.4,,3618.7,1445.34880943846,,52.856,6.667,9.406,30.685,,100.519,36.1714544720925,-0.0054950859467565,0.0291139611420367,0.137189912115844,0.0414240783962378,0.0857734151359391,0.0547086965783199,-0.0031733393137687,2.0,3.0,2.0,3.0,2.0,64.7,11.99,23.31,69.6,17.58,12.82,64.71,11.62,23.67,Vert foncé / Vert violacé,Jaunâtre,Jaunâtre,Verte,Entière,Sagittée allongée,Aigue,Souple,Peu nombreuses,0.0,Alternes à la base/opposées au-dessus,0.0,Entièrement vert avec les deux extrémités violettes,Absent,Absent,Vert violacé,Absente,Vert violacé,Absente,0,0.0,0.0,0.0,Violet,Entièrement vert avec base violette,Vert,Vert,Mâle,Présente,Absence,Autre,Autre,Autre,Autre,Autre,Autre,Autre,Autre,Autre,Faible,Faible,Uniformément répartie,Cylindrique,Nulle,Autre,Violet avec du blanc,Non uniforme,Absente,Autre,Violet clair,Lisse,Moyen,Épaisse,Absent,Absent,4.58412933349609,14116.5,213.720397949219,227.405578613281,-0.25165319442749,5.32699012756348,2.7075572013855,3.28854990005493,159.54443359375,0.569254676748861,134.934234619141,0.84096866431306,1.71873960569728,36.17,86.3,2.37,5.0,0.9050802139037432,performante & variabilité forte,20.87,0.29,29.76,46.87,3805,High,Medium,Purple with white,Cylindrical,35.0,41.0,22.0,3.0,1783.0,37.0
CIRAD64,4830,GODET,Dioscorea alata,Côte d'Ivoire,2,,2022.0,IITA,,,,0.276,71.9783,45.6222222222222,95.658267,54.9276,28.5,88.25,20.25,27.2,100.0,140.0,42.7,87.5,160.0,,,91.0,,0.2185,89.6327,3.091,3.727,4.167,2.667,,,,42.9666666666667,0.31525,21.74,4.06,18.6752529898804,116.4472,82.5989,,,,,,,,0.0,,,,,,,,,,,,4.08,,,14.0,55.5,0.0,0.0,30.5794532250157,43.6617451623801,,35.0550248791411,83.7068103359621,0.300986683135564,,93.248551165337,66.7015070228757,14.4467863345234,2.64730710468891,79.7186158809046,0.132343802300964,3.57686413131468,3.06742326381971,3.28693040146936,164.224646023682,99.4815902941009,88.8297121662854,0.255097644384328,1.0,1.0,1.5,,1.2,,1.0,0.958152825595989,2051.0,635.94,777.0,,3090.16,,4625.67,1959.57665229419,2051.0,635.94,518.0,,2575.13,,4625.67,1850.03021831909,45.578,14.132,17.267,,68.67,,102.793,43.5462432697286,-0.0228135653534366,0.0291139611420367,-0.0305825193625268,0.138395008812984,0.18616602946455,-0.0120439823041476,0.036300203155855,3.0,,3.0,3.29,3.0,73.92,7.99,18.09,,,,67.13,6.63,26.23,Vert foncé / Vert violacé,Jaunâtre,Jaunâtre,Autre,Entière,Cordée allongée,Aigue,Souple,Peu nombreuses,0.0,Alternes à la base/opposées au-dessus,0.0,Vert,Absent,Absent,Vert violacé,Absente,Vert violacé,Absente,0,0.0,0.0,0.0,Vert pâle,Vert,Vert,Vert,,Présente,Absence,Autre,Autre,Autre,Autre,Autre,Autre,Autre,Autre,Autre,Faible,Faible,Uniformément répartie,Allongée,Nulle,Autre,Blanc jaunâtre ou blanc cassé,Non uniforme,Absente,Autre,Violet,Granuleux,Moyen,Épaisse,Absent,Absent,-1.98440134525299,18109.5,302.062377929688,48.3102874755859,13.6062393188477,13.8812246322632,2.22399044036865,1.83584582805634,97.7518692016602,0.475348766271461,182.769393920898,0.840738161520857,1.69811378112689,43.55,66.8,3.02,5.0,0.8689839572192514,performante & variabilité forte,30.58,0.26,25.66,85.73,4830,na,High,Yellowish white or off-white,Oval-oblong,38.0,46.0,4.0,12.0,1841.0,24.0
CIRAD65,4878,4878,Dioscorea alata,Côte d'Ivoire,2,,2022.0,IITA,,69.0,86.0,0.2866,63.7313,46.9222222222222,81.436892,76.0522,47.5,,24.6,18.2,100.0,150.0,18.4,100.0,160.0,164.0,,91.0,,0.168,89.9809,2.364,2.0,2.167,1.25,3.917,3.182,1.545,38.5666666666667,0.307166666666667,7.24,1.21,16.7127071823204,45.686,57.5662,34.6166666666667,0.30575,10.75,2.28,21.2093023255814,45.686,57.5662,196.0,0.0,140.6,21.4,17.0,100.0,170.0,17.0,100.0,176.0,163.0,3.0,2.56,0.2528,82.7563,0.0,96.5,0.0,0.0,57.6824824508717,41.4863125070964,96.5262309793917,19.7923489159703,78.5994897747313,0.300865690940592,170.549822997798,119.135740167891,63.4342060287104,10.1633406397589,2.21322228025404,79.2045855534162,0.132343802300964,3.02843423303321,1.99844005813685,2.75060456460105,166.279391893111,59.6457266827936,94.684806636973,0.24982993513649,1.0,2.3,1.0,1.4,1.0,1.0,1.0,1.33590508066495,91.6,169.07,665.25,430.62,2760.8,398.67,802.71,885.960109875344,91.6,73.97,665.25,313.18,2760.8,398.67,802.71,802.323399095836,2.036,3.757,14.783,9.569,61.351,8.859,17.838,19.6879078098572,-0.0280240943304714,0.0291139611420367,-0.033547924425566,-0.055155102455354,-0.0122302068027837,-0.068766035115632,-0.0745605632118336,1.0,2.0,1.0,1.68,1.0,62.23,0.76,37.01,66.0,24.17,9.83,60.18,21.13,18.69,Vert foncé / Vert violacé,Jaunâtre,Jaunâtre,Verte,Entière,Sagittée allongée,Aigue,Souple,Peu nombreuses,0.0,Alternes à la base/opposées au-dessus,0.0,Vert,Absent,Absent,Vert violacé,Absente,Vert violacé,Absente,0,0.0,0.0,0.0,Vert pâle,Vert,Vert,Vert,Mâle,Absente,Absence,Autre,Autre,Autre,Autre,Autre,Autre,Autre,Autre,Autre,Faible,Faible,Uniformément répartie,Allongée,Moyenne,Extrémité,Blanc,Uniforme,Absente,Autre,Blanc,Granuleux,Moyen,Épaisse,,Absent,-1.87813019752502,15387.0,219.099731445312,59.0684471130371,6.6656928062439,7.07830905914307,2.42304086685181,1.35550785064697,105.88565826416,0.49461096676522,128.758346557617,0.84781530658175,1.71907547950352,19.69,111.8,1.65,7.0,0.7994652406417112,modeste & variabilité forte,57.68,0.25,6.86,24.4,4878,Medium,Medium,White,Oval-oblong,6.0,46.0,27.0,21.0,591.0,52.0
CIRAD66,4950,4950,Dioscorea alata,Bénin,2,,2022.0,IITA,,98.0,98.0,0.2308,63.8825,34.4555555555556,,,57.0,90.3333333333333,13.6666666666667,,,,23.0,37.5,143.0,,,,,,,2.455,1.364,,1.1,,,,43.95,0.26975,6.82,1.22,17.8885630498534,41.6951,53.7358,,,,,,,,276.0,,,,,,,,,,,3.7,2.08,0.1724,77.3728,0.0,75.5,0.0,0.0,74.0677315986902,40.8216657237186,98.0382535699599,26.6770058887063,84.9436711586081,0.299265800641457,,94.2455680134666,57.8968059356344,9.60426952257573,2.20228355772315,77.3700235574339,0.132343802300964,3.49238091980296,1.89177742821391,2.30874771583638,163.369265634907,51.722624039278,68.0973385096663,0.233056847144447,,1.0,3.0,,1.3,,,1.75981401104739,,144.9,585.0,,1364.67,,,936.042164461853,,144.9,195.0,,1023.5,,,723.470929280986,,3.22,13.0,,30.326,,,20.8009284287822,-0.0378062944520717,0.0291139611420367,0.0241049991049763,-0.0854462482985746,-0.0324931354652749,-0.120878293415962,-0.0411916589400102,,3.0,3.0,,,59.83,7.15,33.02,,,,59.01,26.57,14.43,Vert foncé / Vert violacé,Jaunâtre,Jaunâtre,Verte,Entière,Sagittée allongée,Aigue,Souple,Peu nombreuses,0.0,Alternes à la base/opposées au-dessus,0.0,Entièrement vert avec les deux extrémités violettes,Absent,Absent,Vert,Absente,Vert,Absente,0,0.0,0.0,0.0,Vert foncé / Vert violacé,Entièrement vert avec les deux extrémités violettes,Vert,Vert,,Présente,Absence,Autre,Autre,Autre,Autre,Autre,Autre,Autre,Autre,Autre,Faible,Faible,Uniformément répartie,Ovale,Faible,Base,Blanc avec du violet,Non uniforme,Présente,Orangée,Violet clair,Granuleux,Abondant,Moyenne,Absent,Absent,2.3806312084198,8323.5,111.902198791504,34.6511993408203,11.2446718215942,12.0483350753784,3.4520525932312,3.41745018959045,77.1964492797852,0.793260621600573,145.82438659668,0.961198683415763,1.69777075534868,20.8,72.2,0.8,3.0,0.5294117647058824,modeste & variabilité moyenne,74.07,0.23,8.11,30.33,4950,High,Low,White with purple,Oval,0.0,41.0,47.0,12.0,387.0,17.0
CIRAD67,5140,5140,Dioscorea alata,Nigéria,2,,2022.0,IITA,,89.0,91.0,0.3092,77.8,43.6444444444445,68.209228,65.2736,19.0,88.2,18.8,,,,22.9,100.0,138.0,,,25.0,,0.2321,94.0361,3.455,1.909,2.333,1.667,2.5,1.636,1.182,55.4666666666667,0.324,11.31,2.24,19.8054818744474,56.744,52.7381,53.75,0.311666666666667,9.76,2.39,24.4877049180328,56.744,52.7381,0.0,0.0,82.5,16.25,27.0,50.0,177.0,,,,176.0,3.6,4.04,0.2467,80.7879,0.0,41.0,2.0,0.0,24.5925210030671,48.6294770112049,97.1562403921284,25.8757789549287,64.6084578260193,0.301694774910927,178.642567308573,90.0354646698716,58.0662560479311,10.9180497652576,2.36765856854475,81.1049557086188,0.491176100348446,3.19693470520188,2.37870052335646,2.27134760470279,163.551037003088,62.2052846393877,79.3371755627591,0.269497470999584,,2.3,2.5,1.0,1.9,,1.5,1.65189649853505,,407.32,519.5,257.5,1606.62,,1512.25,922.438440916192,,174.56,207.8,257.5,856.87,,1008.17,619.559321647877,,9.051,11.544,5.722,35.703,,33.606,20.4985756295185,-0.0224335941521242,0.0291139611420367,-0.0300551596985136,-0.0209908864461824,-0.0633261621958647,-0.10460283226501,0.0901474289235435,1.0,3.0,2.0,2.0,1.0,65.96,15.55,18.48,57.0,29.34,13.65,61.48,20.78,17.74,Vert foncé / Vert violacé,Jaunâtre,Jaunâtre,Verte,Entière,Cordée allongée,Aigue,Souple,Peu nombreuses,0.0,Alternes à la base/opposées au-dessus,0.0,Vert,Absent,Absent,Vert,Absente,Vert,Absente,0,0.0,0.0,0.0,Vert foncé / Vert violacé,Vert,Vert,Vert,Mâle,Présente,Absence,Autre,Autre,Autre,Autre,Autre,Autre,Autre,Autre,Autre,Faible,Faible,Uniformément répartie,Ovale,Nulle,Autre,Blanc,Uniforme,Absente,Autre,Violet,Lisse,Abondant,Moyenne,,Absent,-2.31506848335266,7757.5,136.695175170898,58.2687911987305,8.38171005249023,8.84884834289551,2.48888349533081,1.50562036037445,106.796310424805,0.746699064991802,178.903732299805,0.975418081104562,1.69221494823506,20.5,67.1,1.26,5.0,0.5213903743315509,modeste & variabilité moyenne,24.59,0.27,10.3,25.01,5140,Medium,High,White,Oval,10.0,32.0,40.0,18.0,589.0,50.0
CIRAD68,3121,3121,Dioscorea alata,Inde,2,,2022.0,IITA,,,,,,41.4777777777778,,,47.5,74.0,12.6666666666667,9.0,60.0,150.0,,,,,,,,,,,,,,,,,47.7,0.274666666666667,10.63,2.26,21.2605832549389,66.2266,58.9422,,,,,,,,,,,,,,,,,,,3.5,2.68,0.1859,83.8142,0.0,55.5,0.0,0.0,41.0112078972809,43.8259832532138,,21.0351801552805,,0.299451756808402,,86.4289559241306,60.7783383433465,10.8408639631602,2.36524992703456,80.1653398037587,0.132343802300964,3.43597904354366,2.45620672467587,,167.159042335186,68.3811885608577,75.7232370266392,0.249243596645629,1.2,,1.0,,1.0,,1.0,0.837805597566108,218.76,,283.0,,1937.42,,804.67,894.847724753015,182.3,,283.0,,1937.42,,804.67,835.250895592731,4.861,,6.289,,43.054,,17.881,19.8854209533045,-0.0229267292638209,0.0291139611420367,-0.00495509956276,-0.0219173149346926,-0.0393975082754894,-0.0414357916636425,-0.0198253965720179,,3.0,2.0,,,60.79,18.42,20.79,,,,60.34,19.83,19.83,Vert foncé / Vert violacé,Jaunâtre,Jaunâtre,Verte,Entière,Sagittée allongée,Aigue,Souple,Peu nombreuses,0.0,Alternes à la base/opposées au-dessus,0.0,Vert,Absent,Absent,Vert violacé,Absente,Vert violacé,Absente,0,0.0,0.0,0.0,Vert foncé / Vert violacé,Entièrement vert avec les deux extrémités violettes,Vert,Vert,,Présente,Absence,Autre,Autre,Autre,Autre,Autre,Autre,Autre,Autre,Autre,Faible,Faible,Uniformément répartie,Allongée,Faible,Base,Blanc jaunâtre ou blanc cassé,Uniforme,Présente,Marron,Blanc,Granuleux,Moyen,Épaisse,Absent,Absent,,4530.0,104.926368713379,,,,,,,0.68025789781685,,0.954890387657064,1.64142953665062,19.89,85.0,1.29,4.0,0.6122994652406417,modeste & variabilité forte,41.01,0.25,5.57,30.47,3121,Medium,Medium,Yellowish white or off-white,Oval-oblong,11.0,50.0,33.0,6.0,883.0,18.0
CIRAD69,4823,4823,Dioscorea alata,Côte d'Ivoire,2,,2022.0,IITA,,78.0,88.0,0.2628,72.8154,46.7333333333333,74.693267,58.3581,50.667,94.2,17.6,24.0,100.0,150.0,23.6,100.0,148.0,,,53.0,,0.2107,86.4144,2.727,2.455,3.5,1.833,3.167,2.727,1.727,39.15,0.284416666666667,6.02,1.14,18.936877076412,35.948,47.0675,55.85,0.32525,17.2,4.39,25.5232558139535,35.948,47.0675,276.0,0.0,127.75,18.5,26.5,75.0,165.0,27.2,62.5,185.0,,3.5,2.2,0.2186,77.809,0.0,34.5,2.0,0.0,60.1839653578919,46.202787984453,96.7782347444864,25.9673898808417,69.7790565896737,0.300747250373401,,106.62355058755,53.27046394749,11.4448759405246,2.48958195403741,79.2716698961795,0.491176100348446,3.43164750390158,2.0988347702711,2.75060456460105,164.8478667178,52.0953089456982,84.1814381533093,0.246096519519798,1.0,1.7,2.0,1.3,1.0,1.0,1.0,1.36658309946459,134.96,1032.06,773.0,849.67,1005.55,1471.5,886.67,965.798851784124,134.96,602.03,386.5,637.25,1005.55,1471.5,886.67,802.259261024786,2.999,22.935,17.178,18.881,22.346,32.7,19.704,21.4622721628139,-0.0425822114421584,0.0291139611420367,-0.0236828984602165,-0.0684237114620748,-0.0723135035371306,-0.0515514410011574,-0.0272904117747018,2.0,3.0,2.0,2.48,2.0,56.82,12.84,30.34,26.03,73.97,0.0,64.79,24.36,10.85,Vert pâle,Jaunâtre,Jaunâtre,Verte,Entière,Cordée allongée,Aigue,Souple,Peu nombreuses,0.0,Alternes à la base/opposées au-dessus,0.0,Entièrement vert avec base violette,Absent,Absent,Vert,Absente,Vert,Absente,0,0.0,0.0,0.0,Vert foncé / Vert violacé,Entièrement vert avec base violette,Vert,Vert,,Présente,Absence,Autre,Autre,Autre,Autre,Autre,Autre,Autre,Autre,Autre,Faible,Faible,Uniformément répartie,Fusiforme,Moyenne,Base,Blanc,Uniforme,Absente,Autre,Violet clair,Lisse,Moyen,Moyenne,,Absent,-1.14658784866333,13480.5,190.649765014648,47.5792083740234,9.14683437347412,9.50981616973877,2.8500542640686,2.26011061668396,95.740852355957,0.573680421603852,152.428924560547,0.908389487809408,1.70205887317118,21.46,42.0,0.37,7.0,0.4652406417112299,modeste & variabilité moyenne,60.18,0.25,14.37,23.41,4823,Medium,Low,White,Irregular,4.0,70.0,16.0,11.0,661.0,57.0
CIRAD70,2562,LONGTA,D. rotundata,Nigéria,,F,2022.0,IITA,,38.0,42.0,0.3123,73.3213,51.6888888888889,,,9.5,58.5,12.5,,,,51.8,62.5,160.0,,,38.0,,,,3.364,1.273,,1.917,2.167,2.818,2.545,58.3666666666667,0.33675,8.88,1.97,22.1846846846847,47.9705,33.0004,51.6833333333333,3.31818333333333,5.18,1.08,20.8494208494208,47.9705,33.0004,0.0,0.0,77.5,12.0,45.1,87.5,175.0,,,,85.0,3.2,3.2,0.2937,76.8014,0.0,0.0,0.0,0.0,18.624510099088,50.5654975128273,90.982148147308,41.6920307898279,53.0506488249094,0.411726669218613,118.606264220637,78.8041167412194,41.8549964423027,9.20035139845694,2.15361529179096,78.5521483432276,0.132343802300964,3.35137622915471,2.57031808503492,2.43119751313556,169.124481451717,52.9226483666341,79.3371755627591,0.298515816013225,,1.0,4.0,1.0,1.0,,1.0,1.39899148494468,,104.4,870.0,618.0,2194.57,,1258.67,1021.08252880145,,104.4,217.5,618.0,2194.57,,1258.67,893.741378529789,,2.32,19.333,13.733,48.768,,27.97,22.6905413085128,0.0924172616343029,0.0291139611420367,-0.0099577342325435,-0.0946523483014167,-0.0095728469889145,-0.095013928637209,0.0546015916274657,,2.0,2.0,,,58.79,24.77,16.43,49.47,16.43,34.1,57.34,27.12,15.54,Vert foncé / Vert violacé,Jaunâtre,Jaunâtre,Verte,Entière,Cordée allongée,Aigue,Souple,Peu nombreuses,0.0,Alternes à la base/opposées au-dessus,0.0,Vert,Absent,Absent,Brun foncé,Absente,Brun foncé,Absente,Spinescence,0.0,1.0,3.0,Vert pâle,10,Vert,Vert,Femelle,Présente,Absence,Autre,Autre,Autre,Autre,Autre,Autre,Autre,Autre,Autre,Faible,Faible,Uniformément répartie,Allongée,Faible,Base,Blanc,Uniforme,Absente,Autre,Violet,Lisse,Moyen,Épaisse,Absent,Absent,-1.90925586223602,14365.5,190.20654296875,49.150634765625,11.485481262207,11.7999114990234,2.644939661026,1.95570862293243,97.9898223876953,0.426220255279177,166.161529541016,0.853159520082364,1.75222632963743,22.69,69.5,1.23,5.0,0.5280748663101604,modeste & variabilité moyenne,18.62,0.3,10.83,30.16,2562,Medium,Medium,White,Oval-oblong,13.0,52.0,19.0,16.0,930.0,31.0
CIRAD71,2866,2866,Dioscorea alata,Côte d'Ivoire,2,,2022.0,IITA,,,,,,,,,,,,,,,,,,,,,,,,,,,,,,,,,,,,,,,,,,,,,,,,,,,,,,,,,,,,,,,,,,,,,,,,,,,,,,,,,,,,,,,,,,,,,,,,,,,,,,,,,,,,,,,,,,,,,,,,,,,,,,,,,,,,,,,,,,,,,,,,,,,,,,,,,,,,,,,,,,,,,,,,,,,,,,,,,,,,,,,,,,,,,,,,,,,,,,,,,,,,,,,,0.0,,données insuffisantes,,,,,2866,na,na,na,na,,,,,,
CIRAD72,3836,3836,Dioscorea alata,Nigéria,2,,2022.0,IITA,,,,,,44.2,,,28.5,,,,,,,,,,,79.0,,,,,,,,,,,,,,,,,,,,,,,,,,,,,,,,,,,,,,,,,,,,33.6423687553407,43.4937829921223,,,78.4616433216576,,,,,,,,,,,,,,,,,,1.0,,,,1.0,0.585865783806353,,,105.0,,,,146.0,690.466628930081,,,105.0,,,,146.0,592.216446352686,,,2.333,,,,3.244,15.3435219358925,,,,,,,,,,,,,,,,,,,,,,,,,,,,,,,,,,,,,,,,,,,,,,,,,,,,,,,,,,,,,,,,,,,,,,,,,,,,,,,,,,,,,,,,,,15.34,16.3,,2.0,,données insuffisantes,33.64,,2.33,3.24,3836,na,na,na,na,0.0,0.0,100.0,0.0,132.0,3.0
CIRAD73,5146,OCEAN,Dioscorea alata,Nigéria,2,,2022.0,IITA,,65.0,76.0,0.2799,82.0082,44.7222222222222,108.052666,52.2231,38.0,147.0,22.6,19.0,100.0,154.0,27.8,100.0,148.0,,,91.0,,0.1769,92.6425,3.273,2.091,3.167,1.75,3.25,1.8,2.818,46.4666666666667,0.312083333333333,14.01,3.21,22.9122055674518,87.0955,69.5882,44.0666666666667,0.281416666666667,15.18,2.71,17.8524374176548,87.0955,69.5882,0.0,269.0,91.2,18.6,23.9,100.0,175.0,26.8,100.0,170.0,,3.0,3.44,0.2352,82.8774,0.0,0.0,0.0,1.0,53.7825941373804,44.7901472429688,95.2662121539181,25.2030525627143,77.3828783009302,0.300158084475068,,111.883187585838,63.4906573984752,12.9077374597542,2.54241542108423,81.6818245940218,0.311759951324705,3.24840873978082,2.65608739466072,2.37264443312356,164.668926070886,91.1594595704542,94.684806636973,0.246072118110539,1.0,1.6,2.0,1.0,2.0,1.2,1.1,1.41590476128025,308.68,398.08,1224.85,299.2,1809.43,752.25,851.25,982.197660279361,308.68,255.91,618.35,299.2,904.72,601.8,756.67,693.930812711175,6.859,8.846,27.2185,6.649,40.21,16.717,18.917,21.8265746646975,-0.0280885992844204,-0.202112706709069,-0.0323453439741588,0.0573447930914478,-0.0465347736176719,-0.0658664471368936,0.0156697112954196,2.0,2.0,2.0,2.3,1.0,62.59,21.3,16.11,70.41,5.52,24.06,63.93,11.36,24.71,Vert foncé / Vert violacé,Jaunâtre,Jaunâtre,Verte,Entière,Sagittée allongée,Aigue,Souple,Peu nombreuses,0.0,Alternes à la base/opposées au-dessus,0.0,Vert,Absent,Absent,Vert violacé,Absente,Vert violacé,Absente,0,0.0,0.0,0.0,Vert pâle,Vert,Vert,Vert,,Présente,Présence,Irrégulière,Petit (1-2 cm),Faible,Nul,Jaune,Rugueuse,Épaisse,Blanc,Blanc,Faible,Faible,Uniformément répartie,Allongée,Nulle,Autre,Blanc jaunâtre ou blanc cassé,Uniforme,Absente,Autre,Blanc,Lisse,Moyen,Épaisse,,Absent,-1.25798654556274,14210.0,245.844345092773,47.6279182434082,9.27999973297119,9.46623992919922,1.79342269897461,1.36072182655334,98.0227890014648,0.546175889675405,148.94255065918,0.913033700587077,1.754671301048,21.83,63.9,0.64,7.0,0.5574866310160428,modeste & variabilité moyenne,53.78,0.25,14.31,20.62,5146,Medium,Medium,Yellowish white or off-white,Oval-oblong,2.0,63.0,27.0,8.0,532.0,59.0
CIRAD74,3264,TRANSITION,Dioscorea alata,Inde,2,,2022.0,IITA,,78.0,106.0,0.2631,6.1085,38.6111111111111,74.313996,81.7134,22.167,134.8,19.8,21.6,100.0,166.0,24.6,100.0,174.0,,,53.0,,0.2807,86.1059,2.818,3.909,4.167,1.833,2.583,3.273,2.182,42.35,0.262333333333333,14.35,2.62,18.2578397212544,74.401,67.0408,43.7333333333333,0.276333333333333,10.14,4.6,45.3648915187377,74.401,67.0408,0.0,0.0,97.6,15.0,28.2,75.0,187.0,29.7,75.0,187.0,176.0,3.9,2.24,0.2275,75.1279,14.0,0.0,2.0,0.0,20.1214763193,42.4870339929162,99.0462686303388,26.5305857994619,69.7790565896737,0.298159779520927,178.642567308573,110.00590176491,69.8990305538816,11.7560709370776,2.71852697790696,71.0732762517812,0.491176100348446,3.66636030260128,2.22153941843519,3.33613536472111,176.657949414114,74.1325719501651,86.2821118500421,0.265422435653261,1.2,1.1,2.0,1.1,1.0,1.0,1.1,1.20688178310144,749.16,1089.88,1649.5,995.14,2042.5,1917.75,837.62,1428.04345783062,624.3,968.78,1393.5,870.75,2042.5,1917.75,744.56,1308.14836215926,16.648,24.219,36.6555,22.114,45.389,42.617,18.614,31.7342503915282,-0.0225411011898081,0.0291139611420367,-0.0085976426286226,0.0299587562593659,-0.0093181603905695,0.0214360606020609,-0.101260311345505,3.0,3.0,3.0,2.9,2.0,70.64,7.84,21.51,46.07,53.93,0.0,60.09,22.9,17.01,Vert foncé / Vert violacé,Vert,Jaunâtre,Verte,Entière,Sagittée allongée,Aigue,Souple,Peu nombreuses,0.0,Alternes à la base/opposées au-dessus,0.0,Entièrement vert avec base violette,Absent,Absent,Vert violacé,Absente,Vert violacé,Absente,0,0.0,0.0,0.0,Vert foncé / Vert violacé,Entièrement vert avec les deux extrémités violettes,Vert,Vert,,Présente,Absence,Autre,Autre,Autre,Autre,Autre,Autre,Autre,Autre,Autre,Faible,Moyenne,Uniformément répartie,Fusiforme,Moyenne,Base,Blanc jaunâtre ou blanc cassé,Uniforme,Absente,Autre,Violet clair,Lisse,Moyen,Épaisse,,Absent,-0.94828587770462,21809.5,248.535202026367,45.5363159179688,10.7815227508545,11.1143922805786,2.94968962669373,2.3071014881134,91.5954742431641,0.474672680524322,116.744918823242,0.854503780870019,1.74964433877245,31.73,37.2,0.27,7.0,0.4425133689839572,performante & variabilité moyenne,20.12,0.27,25.84,32.18,3264,High,Low,Yellowish white or off-white,Irregular,18.0,59.0,18.0,5.0,1150.0,56.0
CIRAD75,3702,AGREABLE,Dioscorea alata,Congo,2,,2022.0,IITA,,89.0,100.0,0.2725,70.1324,53.3888888888889,77.407374,69.0502,19.0,108.6,29.0,,,,19.4,100.0,153.0,,,91.0,,0.2187,88.7152,2.364,2.727,4.5,3.0,2.417,2.3,1.818,46.55,0.250416666666667,8.83,1.96,22.1970554926387,54.3614,49.192,50.0833333333333,0.29125,9.58,2.32,24.2171189979123,54.3614,49.192,0.0,0.0,84.0,25.4,27.0,75.0,191.0,,,,,3.4,4.0,0.1861,71.3028,0.0,0.0,0.0,0.0,19.7472052196385,48.0103866004859,98.2902573350546,24.6979729672234,84.6825471437365,0.298269109275257,,97.1238369937184,57.1952920572744,10.2662555205087,2.32024391863093,78.4613879626524,0.132343802300964,3.62962455997443,2.85687681892923,2.70522592759175,171.632531453601,63.4818320387493,85.6655332984433,0.242485110949403,,1.2,1.7,1.2,1.4,,1.1,1.15778491059735,,582.19,438.67,408.62,2303.5,,3038.38,1316.99746837385,,465.75,263.2,326.9,1675.27,,2700.78,1084.79119569981,,12.938,9.748,9.081,51.189,,67.519,29.2666432730408,-0.0389808486375872,0.0291139611420367,-0.0511210995662544,-0.0580300151057858,0.0418927112211894,-0.0376163232208368,0.0753040406354184,3.0,2.0,3.0,3.38,3.0,57.48,22.69,19.82,57.2,29.27,13.53,59.0,22.75,18.25,Vert foncé / Vert violacé,Vert,Jaunâtre,Autre,Entière,Cordée allongée,Aigue,Souple,Nombreuses,0.0,Alternes à la base/opposées au-dessus,0.0,Vert,Absent,Absent,Vert,Absente,Vert,Absente,0,0.0,0.0,0.0,Vert pâle,Vert,Vert,Vert,,Présente,Absence,Autre,Autre,Autre,Autre,Autre,Autre,Autre,Autre,Autre,Faible,Faible,Uniformément répartie,Fusiforme,Faible,Base,Blanc,Uniforme,Absente,Autre,Violet,Lisse,Moyen,Moyenne,,Absent,-2.94820356369019,6798.0,148.054641723633,52.3471755981445,13.0471305847168,13.444263458252,2.93563222885132,1.54648768901825,101.988441467285,0.611497835952896,163.320571899414,0.957599661789322,1.58125437225791,29.27,81.3,2.46,5.0,0.9037433155080214,performante & variabilité forte,19.75,0.24,11.34,42.6,3702,Medium,High,White,Irregular,22.0,40.0,22.0,16.0,1066.0,50.0
CIRAD76,3754,TICO,Dioscorea alata,Nigéria,2,,2022.0,IITA,,91.0,98.0,0.2382,76.616,49.9333333333333,75.476,63.125,22.167,96.6,14.4,16.4,100.0,155.0,19.4,87.5,143.0,,,91.0,,0.1864,92.2145,1.909,2.636,4.0,2.0,2.667,1.727,2.727,45.8333333333333,0.266925,10.65,2.53,23.7558685446009,61.37,40.9398,55.0,0.3235,16.54,4.26,25.7557436517533,61.37,40.9398,0.0,0.0,100.4,15.2,24.1,87.5,176.0,21.5,100.0,178.0,149.0,4.0,3.36,0.2176,81.4641,7.0,0.0,2.0,0.0,20.1214763193,48.1727312483065,98.0382535699599,21.9646760306482,85.290852880637,0.30004602147688,160.829598260504,98.5479848578703,51.3033346665054,12.4176665990408,2.66027469372714,80.8309485754735,0.491176100348446,3.65162201064919,2.67567056073136,2.51082970195189,165.563629305455,66.962165376768,90.4834592435076,0.233920216299346,1.8,1.9,2.5,1.3,1.8,1.4,1.2,1.53403822924844,630.43,680.09,774.75,298.29,2088.35,942.5,2973.0,1200.70379029801,350.24,366.2,288.94,232.0,1193.34,685.45,2378.4,831.233658740288,14.01,15.113,17.2165,6.629,46.408,20.944,66.067,26.6823431273742,-0.0388936752254887,0.0291139611420367,-0.0453522860585451,-0.0162501775558203,0.0208055981356015,-0.0671994135933124,0.127101575117198,3.0,3.0,3.0,2.7,2.0,58.89,26.82,14.29,64.21,35.79,0.0,63.97,19.86,16.17,Vert foncé / Vert violacé,Jaunâtre,Jaunâtre,Autre,Entière,Cordée allongée,Aigue,Souple,Nombreuses,0.0,Alternes à la base/opposées au-dessus,0.0,Vert,Absent,Absent,Vert,Absente,Vert,Absente,0,0.0,0.0,0.0,Vert pâle,Vert,Vert,Vert,Mâle,Présente,Absence,Autre,Autre,Autre,Autre,Autre,Autre,Autre,Autre,Autre,Faible,Faible,Base,Irrégulière,Nulle,Autre,Blanc,Uniforme,Absente,Autre,Violet,Lisse,Moyen,Moyenne,,Absent,-2.12074112892151,7127.0,114.452087402344,50.4518814086914,11.8840408325195,12.2436399459839,3.35269856452942,1.89497244358063,98.8039703369141,0.832645754872349,149.858337402344,0.982695622063744,1.65337960461046,26.68,74.6,2.07,7.0,0.8475935828877006,performante & variabilité forte,20.12,0.23,15.45,35.01,3754,High,Medium,White,Flattened,8.0,53.0,23.0,17.0,790.0,78.0
CIRAD77,3912,LYANNAG,Dioscorea rotundata,Bénin,2,F,2022.0,IITA,,55.0,69.0,0.2965,80.9213,47.2444444444444,33.70617,64.2254,0.0,67.5,13.0,25.5,80.0,150.0,48.7,37.5,169.0,,,38.0,,0.3038,92.7216,3.455,2.091,4.333,3.333,,,,41.55,0.222333333333333,5.92,1.03,17.3986486486486,37.7132,53.4349,,,,,,,,0.0,,,,,,,,,,91.0,2.6,4.48,0.2886,77.9673,0.0,41.0,0.0,0.0,24.8167537795056,43.7190735525768,94.3841989760866,36.5020436640362,58.2212475885638,0.297472426760235,122.564701786875,83.3182633579662,59.6236660825255,9.31216059960302,2.17251085563742,80.985702496812,0.132343802300964,3.41690921194949,3.41876569744903,2.6096951608026,169.51941824988,42.5836841756028,71.1103105063696,0.294118492942341,1.2,1.0,2.15,,1.1,,1.0,1.26109882773169,564.44,1080.93,457.665,,3319.5,,1056.14,1235.40814975449,470.37,1080.93,273.04,,2950.67,,1056.14,1099.71578208957,12.543,24.021,10.1705,,73.767,,23.47,27.453654864774,0.150588534189404,0.0291139611420367,-0.0154529262290049,-0.109554350355847,0.032793042238894,-0.0110421557207151,0.0812162671820287,3.0,2.0,2.0,3.45,3.0,58.26,4.68,37.06,,,,60.06,31.62,8.31,Vert foncé / Vert violacé,Jaunâtre,Jaunâtre,Verte,Entière,Sagittée allongée,Aigue,Souple,Nombreuses,0.0,Alternes à la base/opposées au-dessus,0.0,6,Absent,Absent,Brun foncé,Absente,Brun foncé,Absente,Spinescence,0.0,3.0,5.0,Vert pâle,Entièrement vert avec les deux extrémités violettes,Vert,Vert,Femelle,Présente,Absence,Autre,Autre,Autre,Autre,Autre,Autre,Autre,Autre,Autre,Faible,Faible,Base,Cylindrique,Nulle,Autre,Blanc,Uniforme,Absente,Autre,Violet,Granuleux,Moyen,Moyenne,,Absent,-2.47678804397583,16161.0,286.593536376953,52.065242767334,11.7076539993286,12.0499353408813,1.94461691379547,1.48764061927795,101.360313415527,0.537508477311236,140.84880065918,0.980107950695609,1.73032430476457,27.45,80.5,2.01,5.0,0.8556149732620322,performante & variabilité forte,24.82,0.29,15.58,48.62,3912,Medium,High,White,Cylindrical,19.0,53.0,19.0,9.0,1315.0,32.0
CIRAD78,CRB25,AIA 445,Dioscorea alata,Nigéria,2,,2023.0,CRB,,61.0,71.0,0.2048,83.0328,41.0333333333333,123.908333,73.6451,47.5,99.4,19.2,15.0,100.0,152.0,17.6,100.0,143.0,,,53.0,,,,3.0,2.0,,1.273,,,,45.8,0.307,14.53,3.34,22.9869236063317,76.3783,61.4008,,,,,,,,335.0,,,,,,,,,,,3.22222222222222,2.12,0.203,79.7752,0.0,62.0,0.0,0.0,78.8923171809777,43.1721297217816,94.6362027411813,22.5029782101679,64.6084578260193,0.300674654991028,,98.5845853365267,65.8177299423755,12.106669296042,2.53448423362717,80.2432424119772,0.132343802300964,3.35764310429463,1.96197999703477,2.57202498543544,162.831284911525,94.7016801131957,91.9938910341275,0.234541616655277,1.0,1.3,1.0,,1.2,,1.0,1.08622696056927,246.93,297.67,389.29,,1767.67,,582.0,795.523071200488,246.93,223.25,389.29,,1515.14,,582.0,685.298345155563,5.487,6.615,8.651,,39.281,,12.933,17.6781377711771,-0.0357603630851321,0.0291139611420367,-0.0099591893555769,0.0457730401876174,-0.0755716469477575,-0.0976919430911124,0.036091067585713,,2.0,2.0,,,64.4,23.73,11.87,,,,61.21,14.4,24.39,Vert foncé / Vert violacé,Jaunâtre,Jaunâtre,Verte,Entière,Cordée allongée,Aigue,Souple,Nombreuses,0.0,Alternes à la base/opposées au-dessus,0.0,Entièrement vert avec les deux extrémités violettes,Absent,Absent,Vert,Absente,Vert,Absente,0,0.0,0.0,0.0,Violet,Entièrement vert avec les deux extrémités violettes,Vert,Vert,,Présente,Absence,Autre,Autre,Autre,Autre,Autre,Autre,Autre,Autre,Autre,Faible,Moyenne,Uniformément répartie,Ovale,Nulle,Autre,Blanc,Uniforme,Absente,Autre,Blanc,Lisse,Abondant,Moyenne,Absent,Absent,-0.710285067558289,12421.0,150.286209106445,43.2215385437012,11.0588436126709,11.3650465011597,3.01007461547852,2.20580077171326,90.7398223876953,0.77132126164265,122.923652648926,0.957265615894781,1.72589344952068,17.68,86.4,1.03,5.0,0.4959893048128342,modeste & variabilité moyenne,78.89,0.23,6.92,26.11,AIA 445,Medium,Low,White,Oval,4.0,54.0,42.0,0.0,675.0,26.0
CIRAD78,CRB25,AIA 445,Dioscorea alata,Nigéria,2,,2023.0,CRB,,61.0,71.0,0.2048,83.0328,41.0333333333333,123.908333,73.6451,47.5,99.4,19.2,15.0,100.0,152.0,17.6,100.0,143.0,,,53.0,,,,3.0,2.0,,1.273,,,,45.8,0.307,14.53,3.34,22.9869236063317,76.3783,61.4008,,,,,,,,335.0,,,,,,,,,,,3.22222222222222,2.12,0.203,79.7752,0.0,62.0,0.0,0.0,78.8923171809777,43.1721297217816,94.6362027411813,22.5029782101679,64.6084578260193,0.300674654991028,,98.5845853365267,65.8177299423755,12.106669296042,2.53448423362717,80.2432424119772,0.132343802300964,3.35764310429463,1.96197999703477,2.57202498543544,162.831284911525,94.7016801131957,91.9938910341275,0.234541616655277,1.0,1.3,1.0,,1.2,,1.0,1.08622696056927,246.93,297.67,389.29,,1767.67,,582.0,795.523071200488,246.93,223.25,389.29,,1515.14,,582.0,685.298345155563,5.487,6.615,8.651,,39.281,,12.933,17.6781377711771,-0.0357603630851321,0.0291139611420367,-0.0099591893555769,0.0457730401876174,-0.0755716469477575,-0.0976919430911124,0.036091067585713,,2.0,2.0,,,64.4,23.73,11.87,,,,61.21,14.4,24.39,Vert foncé / Vert violacé,Jaunâtre,Jaunâtre,Verte,Entière,Cordée allongée,Aigue,Souple,Nombreuses,0.0,Alternes à la base/opposées au-dessus,0.0,Entièrement vert avec les deux extrémités violettes,Absent,Absent,Vert,Absente,Vert,Absente,0,0.0,0.0,0.0,Violet,Entièrement vert avec les deux extrémités violettes,Vert,Vert,,Présente,Absence,Autre,Autre,Autre,Autre,Autre,Autre,Autre,Autre,Autre,Faible,Moyenne,Uniformément répartie,Ovale,Nulle,Autre,Blanc,Uniforme,Absente,Autre,Blanc,Lisse,Abondant,Moyenne,Absent,Absent,-0.710285067558289,12421.0,150.286209106445,43.2215385437012,11.0588436126709,11.3650465011597,3.01007461547852,2.20580077171326,90.7398223876953,0.77132126164265,122.923652648926,0.957265615894781,1.72589344952068,17.68,86.4,1.03,5.0,0.4959893048128342,modeste & variabilité moyenne,78.89,0.23,6.92,26.11,AIA445,na,na,na,na,4.0,54.0,42.0,0.0,675.0,26.0
CIRAD79,CRB26,Nouméa,Dioscorea alata,Nouvelle calédonie,,,2023.0,CRB,,,,,,,,,,,,,,,,,,,,,,,,,,,,,,,,,,,,,,,,,,,,,,,,,,,,,,,,,,,,,,,,,,,,,,,,,,,,,,,,,,,,,,1.0,,,,,0.931119540344309,,,336.2,,,,,1055.11914041958,,,336.2,,,,,948.743230175056,,,7.471,,,,,23.4470457889824,,,,,,,,,,,,,,,,,,,,,,,,,,,,,,,,,,,,,,,,,,,,,,,,,,,,,,,,,,,,,,,,,,,,,,,,,,,,,,,,,,,,,,,,,,23.45,,,1.0,,données insuffisantes,,,7.47,,Nouméa,na,na,na,na,0.0,40.0,60.0,0.0,336.0,5.0
CIRAD80,CRB38,DA 26,Dioscorea alata,Guyane Française,2,,2023.0,CRB,,,,,,,,,,,,,,,,,,,,,,,,,,,,,,,,,,,,,,,,,,,,,,,,,,,,,,,149.0,2.6,2.16,0.1633,61.6131,42.0,0.0,0.0,,28.3524219864524,,,,,,160.829598260504,,,,,76.7504366479976,0.13953683593657,3.1821706003768,2.20056251955668,,,,,0.238472069125781,,,,,1.0,,,1.26844134601998,,,,,304.57,,,706.534616036569,,,,,304.57,,,537.954426396327,,,,,6.768,,,15.7006820474178,-0.0344492773727388,0.0291139611420367,-0.0274673078333801,-0.0022862509550083,-0.0831566284701147,-0.0124677438088559,-0.10656702606671,,2.0,2.0,,,,,,,,,,,,,,,,,,,,,,,,,,,,,,,,,,,,,,,Mâle,,,,,,,,,,,,Faible,Moyenne,Uniformément répartie,Cylindrique,Nulle,Autre,Jaune,Uniforme,Présente,Orangée,Blanc,Lisse,Moyen,Épaisse,Absent,,,,,,,,,,,,,,,15.7,,,1.0,,données insuffisantes,28.35,0.24,,6.77,DA 26,Medium,Low,Yellow,Cylindrical,0.0,57.0,29.0,14.0,305.0,7.0
CIRAD81,CRB39,Telemaque,Dioscorea alata,Martinique,3,,2023.0,CRB,,,,,,,,,,,,,,,,,,,,,,,,,,,,,,,,,,,,,,,,,,,,,,,,,,,,,,,,,,,,,,,,,,,,,,,,,,,,,,,,,,,,,,,,,,,,,,,,,,,,,,,,,,,,,,,,,,,,,,,,,,,,,,,,,,,,,,,,,,,,,,,,,,,,,,,,,,,,,,,,,,,,,,,,,,,,,,,,,,,,,,,,,,,,,,,,,,,,,,,,,,,,,,,,0.0,,données insuffisantes,,,,,Telemaque,na,na,na,na,,,,,,
CIRAD82,CRB40,De agua,Dioscorea alata,Porto Rico,3,,2023.0,CRB,200.0,83.0,89.0,0.3381,80.6567,42.3666666666667,87.45868,58.6447,19.0,70.8,17.0,,,,13.0,100.0,147.0,,,,,0.2659,87.9692,3.091,1.455,4.5,2.25,3.083,2.636,1.545,49.6833333333333,0.338166666666667,10.44,1.98,18.9655172413793,49.9533,58.709,50.3,0.297666666666667,6.52,1.66,25.4601226993865,49.9533,58.709,196.0,0.0,75.6,15.8,20.4,87.5,170.0,,,,156.0,3.72727272727273,1.83,0.2532,85.126,0.0,34.5,0.0,0.0,46.9873341972062,46.3372675061552,96.9042366270337,20.3232650128896,78.3872123907274,0.301700848786167,169.35916724916,82.1702844201238,59.4618841653035,9.91095414649144,2.23354284450282,81.237630494175,0.132343802300964,3.70161621672819,2.06536986622635,2.43119751313556,164.108381447951,63.8375032678227,88.8297121662854,0.286383246207105,,2.4,1.7,,1.1,,1.0,1.5378584007674,,687.4,442.5,,396.57,,1192.12,819.886704361733,,289.43,265.5,,347.0,,1192.12,647.494763813855,,15.276,9.833,,8.813,,26.492,18.2198352020607,-0.0161841690855229,0.0291139611420367,0.015199352371694,-0.0355572203901406,-0.0812635047921059,-0.0809363073165075,0.0666005630824993,3.0,3.0,3.0,2.84,2.0,67.18,12.85,19.97,49.47,29.98,20.55,58.31,22.21,19.48,Vert foncé / Vert violacé,Jaunâtre,Jaunâtre,Verte,Entière,Sagittée allongée,Aigue,Souple,Peu nombreuses,0.0,Alternes à la base/opposées au-dessus,0.0,Vert,Absent,Absent,Vert,Absente,Vert,Absente,0,0.0,0.0,0.0,Vert foncé / Vert violacé,Vert,Vert,Vert,Mâle,Présente,Absence,Autre,Autre,Autre,Autre,Autre,Autre,Autre,Autre,Autre,Faible,Faible,Base,Ovale,Faible,Extrémité,Blanc jaunâtre ou blanc cassé,Uniforme,Absente,Autre,Violet,Granuleux,Moyen,Épaisse,Absent,Absent,2.35475063323975,13813.0,143.188125610352,39.0945167541504,25.7315807342529,26.2770729064941,4.08813762664795,4.65246438980103,84.2950744628906,0.846856091969396,177.936492919922,0.984077227158902,1.74224347785336,18.22,46.5,0.26,4.0,0.5561497326203209,modeste & variabilité moyenne,46.99,0.29,12.55,17.65,De agua,High,Low,Yellowish white or off-white,Oval,0.0,51.0,31.0,18.0,455.0,45.0
CIRAD83,CRB50,AIA 443,Dioscorea alata,Nigéria,5,,2023.0,CRB,,,,,,,,,,,,,,,,,,,,,,,,,,,,,,,,,,,,,,,,,,,,,,,,,,,,,,,,,,,,,,,,,,,,,,,,,,,,,,,,,,,,,,,,,,,,,,,,,,,,,,,,,,,,,,,,,,,,,,,,,,,,,,,,,,,,,,,,,,,,,,,,,,,,,,,,,,,,,,,,,,,,,,,,,,,,,,,,,,,,,,,,,,,,,,,,,,,,,,,,,,,,,,,,0.0,,données insuffisantes,,,,,AIA 443,na,na,na,na,,,,,,
CIRAD84,CRB52,Sweet yam,Dioscorea alata,Jamaique,2,,2023.0,CRB,,,,,,,,,,,,,,,,,,,,,,,,,,,,,,,,,,,,,,,,,,,,,,,,,,,,,,,,,,,,,,,,,,,,,,,,,,,,,,,,,,,,,,,,,,,,,,,,,,,,,,,,,,,,,,,,,,,,,,,,,,,,,,,,,,,,,,,,,,,,,,,,,,,,,,,,,,,,,,,,,,,,,,,,,,,,,,,,,,,,,,,,,,,,,,,,,,,,,,,,,,,,,,,,0.0,,données insuffisantes,,,,,Sweet yam,na,na,na,na,,,,,,
CIRAD85,CRB56,DA 27,Dioscorea alata,Guyane Française,3,,2023.0,CRB,,88.0,90.0,0.3057,79.0101,40.5555555555556,87.61749,78.0086,19.0,114.6,21.0,24.4,100.0,189.0,19.5,100.0,202.0,167.0,,91.0,,0.3279,86.552,3.727,4.273,2.5,2.833,,,,37.2833333333333,0.287,9.05,1.46,16.1325966850829,57.8614,57.6047,,,,,,,,0.0,,,,,,,,,,176.0,3.4,3.24,0.2335,79.6231,14.0,21.0,0.0,0.0,24.682737513331,40.66362529669,97.0302385095811,26.3056089704735,84.3783942752862,0.299918223125486,176.909756535417,105.85882026048,66.0198806782764,10.3280505206081,2.2398911814104,80.229930267715,0.132343802300964,3.1896755464792,2.84527992398278,3.51295145367233,189.583818264945,72.5356958242097,91.9938910341275,0.288798985723787,,1.2,1.0,,1.1,,1.1,1.04856446033813,,1766.38,1102.5,,1717.62,,1694.62,1429.31758037164,,1413.1,1102.5,,1526.78,,1506.33,1267.94851341911,,39.253,24.5,,38.169,,37.658,31.7625151482954,-0.0129085653439495,0.0291139611420367,-0.0041027044007176,-0.0317193477898417,0.0219795515552915,0.122532962389673,-0.0760057733404347,2.0,2.0,2.0,2.99,2.0,64.37,0.0,35.63,,,,59.09,18.42,22.49,Vert foncé / Vert violacé,Jaunâtre,Jaunâtre,Verte,Entière,Cordée élargie,Aigue,Souple,Peu nombreuses,0.0,Alternes à la base/opposées au-dessus,0.0,Vert,Absent,Absent,Vert,Absente,Vert,Absente,0,0.0,0.0,0.0,Violet,Entièrement vert avec base violette,Vert,Vert,Femelle,Absente,Absence,Autre,Autre,Autre,Autre,Autre,Autre,Autre,Autre,Autre,Faible,Moyenne,Uniformément répartie,Allongée,Nulle,Autre,Blanc jaunâtre ou blanc cassé,Uniforme,Absente,Autre,Blanc,Granuleux,Moyen,Épaisse,Absent,Absent,-1.85270047187805,27119.0,376.068237304688,47.0684127807617,20.0238952636719,20.3200950622559,6.97700834274292,2.64604306221008,93.9509811401367,0.340664208266127,110.757446289062,0.674040289791491,1.79172968711043,31.76,17.3,0.5,4.0,0.248663101604278,performante & variabilité faible,24.68,0.29,31.88,37.91,DA 27,Medium,Medium,Yellowish white or off-white,Oval-oblong,27.0,67.0,7.0,0.0,1454.0,30.0
CIRAD86,CIRAD86,Bresil1,Dioscorea alata,Bresil,,,,CRB,,,,0.2745,57.3661,44.7333333333333,61.491759,75.5356,9.5,97.8,16.0,,,,34.4,100.0,179.0,174.0,,91.0,,0.2372,65.7424,2.909,3.818,3.5,2.0,,,,43.7666666666667,0.233,15.58,2.97,19.0629011553273,113.8268,75.8114,,,,,,,,0.0,,,,,,,,,,176.0,2.27272727272727,2.56,0.2354,82.5949,14.0,34.5,0.0,,25.2188025780296,43.6369545071599,,32.45903279462,83.7068103359621,0.297875857088524,179.692227458125,97.8188763971631,71.6254129895986,12.4474630395101,2.47650581377599,75.5856893346782,0.13953683593657,3.16167879107496,2.34661097268713,3.32460057683652,177.2772285881,84.6038014975731,89.2803899457022,0.25951729461248,,1.2,1.7,,1.0,,1.0,1.00008688261176,,1155.4,195.0,,1325.2,,1755.5,1094.02161851797,,990.34,117.0,,1325.2,,1755.5,1024.66670616275,,25.676,4.333,,29.449,,39.011,24.3116118414394,-0.0366156834125927,-0.139865807776757,0.0361921130438014,0.0626508805783818,-0.021252225402394,0.0136366827727456,-0.128120802504945,2.0,2.0,2.0,2.77,2.0,66.63,8.54,24.82,,,,63.56,12.43,24.01,Vert foncé / Vert violacé,Jaunâtre,Jaunâtre,Verte,Entière,Sagittée allongée,Aigue,Souple,Peu nombreuses,0.0,Alternes à la base/opposées au-dessus,0.0,Entièrement vert avec base violette,Absent,Absent,Vert,Absente,Vert,Absente,0,0.0,0.0,0.0,Vert foncé / Vert violacé,Entièrement vert avec base violette,Vert,Vert,Mâle,Absente,Présence,Ronde,Petit (1-2 cm),,,Blanc jaunâtre ou blanc cassé,Légèrement rugueuse,Épaisse,Blanc,Blanc,Faible,Faible,Uniformément répartie,Ovale,Faible,Base,Blanc avec du violet,Non uniforme,Présente,Orangée,Violet clair,Lisse,Moyen,Épaisse,Absent,Absent,4.89285707473755,1995.5,55.9215278625488,29.9348125457764,14.3994455337524,15.6337089538574,4.84230661392212,3.82051801681519,70.768196105957,0.828978305068438,131.102981567383,0.976988983609797,1.46031235715217,24.31,51.5,1.19,4.0,0.3716577540106952,modeste & variabilité faible,25.22,0.26,15.0,34.23,Brésil 1,Low,Medium,White with purple,Oval,19.0,52.0,15.0,15.0,1142.0,27.0
CIRAD87,CRB58,Americano,Dioscorea alata,République dominicaine,2,,2023.0,CRB,200.0,,,,,51.1666666666667,82.907602,73.9338,19.0,98.2,19.4,23.8,100.0,180.0,31.0,87.5,160.0,158.0,154.0,,,0.2609,75.6396,2.909,2.818,3.5,2.333,2.0,1.182,3.0,40.1666666666667,0.24975,11.01,2.46,22.3433242506812,79.166,76.9003,43.1,0.281333333333333,15.57,4.95,31.7919075144509,79.166,76.9003,0.0,209.5,73.0,15.0,36.2,62.5,187.0,35.4,62.5,186.0,156.0,2.90909090909091,3.72,0.2506,79.271,14.0,34.5,0.0,,48.5827430527254,44.6108412140326,,31.0160390084727,,0.297883418197482,167.176662657804,90.1972996544343,73.0353520251227,12.2681949865232,2.74426635928875,78.6567799775138,0.13953683593657,3.30166256809617,2.9151305407849,2.4045558617301,176.4790087672,79.3515938165163,79.9800907598438,0.273113346604199,1.0,1.2,1.3,1.5,1.0,1.0,1.0,1.15161556955529,2464.22,1054.65,950.0,763.0,2527.86,2591.0,1174.0,1570.60433037554,2464.22,903.99,712.5,508.67,2527.86,2591.0,1174.0,1479.98984501485,54.76,23.437,21.111,16.956,56.175,57.578,26.089,34.9023928215032,-0.022513942786233,-0.139579419989055,-0.0164349446335094,0.0268074624055745,0.0442204007333555,-0.0091125144691537,0.0123679803924516,2.0,2.0,2.0,2.79,2.0,59.16,19.54,21.3,58.13,41.87,0.0,61.17,20.26,18.58,Vert foncé / Vert violacé,Jaunâtre,Jaunâtre,Verte,Entière,Sagittée élargie,Aigue,Souple,Peu nombreuses,0.0,Alternes à la base/opposées au-dessus,0.0,Vert,Absent,Absent,Vert,Absente,Vert,Absente,0,0.0,0.0,0.0,Vert foncé / Vert violacé,Vert,Vert,Vert,Mâle,Absente,Présence,Ronde,Petit (1-2 cm),,,Blanc jaunâtre ou blanc cassé,Rugueuse,Épaisse,Blanc,Blanc,Faible,Faible,Uniformément répartie,Allongée,Nulle,Autre,Blanc jaunâtre ou blanc cassé,Uniforme,Absente,Autre,Blanc,Granuleux,Abondant,Moyenne,Absent,Absent,,,,,,,,,,,,,,34.9,46.9,0.85,7.0,0.3114973262032086,performante & variabilité faible,48.58,0.27,33.1,39.2,Americano,Medium,High,Yellowish white or off-white,Oval-oblong,22.0,57.0,15.0,5.0,1524.0,40.0
CIRAD88,CRB60,St Domingue,Dioscorea alata,République dominicaine,2,,2023.0,CRB,,102.0,105.0,0.3771,72.5503,53.2222222222222,67.886474,73.4713,28.5,84.6666666666667,12.6666666666667,,,,33.0,87.5,174.0,,,,,0.2887,80.1216,2.364,4.182,3.833,2.5,2.333,3.0,1.636,40.9666666666667,0.33275,14.85,2.08,14.006734006734,93.2292,79.0933,43.8666666666667,0.295916666666667,16.63,7.15,42.9945880938064,93.2292,79.0933,0.0,0.0,51.8,12.0,26.6,100.0,185.0,,,,,3.36363636363636,3.12,0.241,78.0411,14.0,41.0,0.0,,25.7152161236176,45.4007569631301,98.9202667477914,29.1399841208547,86.6920601633763,0.301439672150824,,78.9551627268113,74.0660032548674,13.4688685952711,2.99082253884057,78.5275665550399,0.13953683593657,3.47490249100113,2.46967548472256,3.33613536472111,175.812614790073,83.1254951655348,88.8297121662854,0.298486345199778,,1.9,1.0,1.2,1.0,,1.0,1.24339838713795,,727.81,89.17,595.0,1999.33,,1967.62,1120.04969910998,,385.31,89.17,476.0,1999.33,,1967.62,1001.00715948567,,16.174,1.981,13.222,44.43,,43.725,24.8900003159439,-0.013753487490256,-0.140152195564459,0.0272266784158926,0.0753213901191296,0.0076477731342917,-0.0089841458796811,-0.0336425442609621,3.0,2.0,2.0,3.14,2.0,67.19,0.0,32.81,50.52,49.48,0.0,62.84,19.81,17.35,Vert foncé / Vert violacé,Jaunâtre,Jaunâtre,Verte,Entière,Cordée allongée,Aigue,Souple,Peu nombreuses,0.0,Alternes à la base/opposées au-dessus,0.0,Vert,Absent,Absent,Vert,Absente,Brun foncé,Absente,0,0.0,0.0,0.0,Vert foncé / Vert violacé,Entièrement vert avec base violette,Vert,Vert,,Présente,Présence,Ronde,Petit (1-2 cm),,,Blanc jaunâtre ou blanc cassé,Lisse,Épaisse,Blanc,Blanc,Faible,Faible,Base,Allongée,Nulle,Autre,Blanc,Uniforme,Absente,Autre,Blanc,Lisse,Moyen,Épaisse,Absent,Absent,0.357751280069351,4620.5,185.702590942383,41.7393531799316,15.5153322219849,16.0101203918457,4.66649436950684,3.6239013671875,87.0869064331055,0.435738637507721,124.246170043945,0.875841152331373,1.56543599531838,24.89,71.7,1.94,5.0,0.8021390374331551,modeste & variabilité forte,25.72,0.3,9.08,33.79,St Domingue,Medium,Medium,White,Oval-oblong,17.0,36.0,26.0,21.0,886.0,42.0
CIRAD90,CRB62,Bacala 2,Dioscorea alata,Haiti,2,,2023.0,CRB,,104.0,106.0,0.2532,74.2018,48.3222222222222,85.564727,67.6951,57.0,103.0,19.2,,,,11.9,100.0,143.0,,,,,,,3.4,1.727,,1.182,,,,44.65,0.304,15.02,3.67,24.4340878828229,82.9139,73.3933,,,,,,,,347.0,,,,,,,,,,,3.18181818181818,2.0,0.206,74.1963,0.0,110.0,0.0,0.0,88.206447680116,44.8842343479251,99.0462686303388,21.0471375855798,87.5662546657604,0.300561190211196,,100.307430450095,67.9705248343058,12.2657063763271,2.58619471619713,78.3222396433179,0.132343802300964,3.34624878585841,1.89243660726387,2.45901445933396,163.369265634907,81.837516718254,89.2803899457022,0.251132302058902,,1.0,1.0,,1.0,,,0.928851968295312,,231.0,199.2,,763.57,,,734.622778141783,,231.0,199.2,,763.57,,,679.846884306817,,5.133,4.427,,16.968,,,16.3248991441877,-0.0252602515051,0.0291139611420367,-0.0078847753192062,0.0524573199796863,-0.0701594108172856,-0.108061033645013,-0.0241649710863168,,2.0,2.0,,,62.95,26.34,10.71,,,,62.23,16.29,21.48,Vert foncé / Vert violacé,Vert,Jaunâtre,Verte,Entière,Sagittée allongée,Aigue,Souple,Peu nombreuses,0.0,Alternes à la base/opposées au-dessus,0.0,Entièrement vert avec les deux extrémités violettes,Absent,Absent,Vert violacé,Absente,Vert violacé,Absente,0,0.0,0.0,0.0,Vert foncé / Vert violacé,Entièrement vert avec les deux extrémités violettes,Vert,Vert,,Présente,Absence,Autre,Autre,Autre,Autre,Autre,Autre,Autre,Autre,Autre,Faible,Moyenne,Uniformément répartie,Fusiforme,Forte,Base,Blanc jaunâtre ou blanc cassé,Uniforme,Absente,Autre,Blanc,Lisse,Abondant,Épaisse,Absent,Absent,-1.31167721748352,5114.0,94.8752059936523,45.4859771728516,16.2369785308838,16.4850215911865,3.02800250053406,2.46402740478516,93.6530532836914,0.826806607950103,151.641387939453,0.97866232877645,1.7078388933135,16.32,65.1,0.54,3.0,0.5975935828877006,modeste & variabilité forte,88.21,0.25,4.78,16.97,Bacala 2,Medium,Low,Yellowish white or off-white,Irregular,0.0,47.0,53.0,0.0,419.0,19.0
CIRAD91,CRB64,St Vincent Violet,Dioscorea alata,Guadeloupe,2,,2023.0,CRB,195.0,,106.0,0.2492,61.4724,39.1555555555556,112.809834,52.6885,47.5,73.0,15.4,,,,22.8,75.0,153.0,,,79.0,,0.2454,76.7166,3.909,1.818,3.833,1.75,3.0,2.182,1.273,42.6166666666667,0.31175,11.85,2.42,20.42194092827,62.3312,55.0625,35.25,0.27875,9.19,1.92,20.892274211099,62.3312,55.0625,289.0,0.0,74.6,15.8,17.0,87.5,165.0,,,,,,2.96,,,0.0,21.0,0.0,0.0,59.7506050413594,40.8139148985855,99.0462686303388,22.4769673904078,78.4616433216576,0.300048754720738,169.695446608173,82.5586883830744,55.9814956669898,10.9106987023469,2.32837214433044,76.5961981786625,0.132343802300964,3.48267299796164,2.15411383398947,2.4045558617301,164.387053670383,78.2667117036193,82.5013544306012,0.255129921982389,,1.8,1.3,1.0,1.1,,1.1,1.08722724478051,,945.2,860.895,253.0,2312.24,,1871.38,1212.37743361903,,525.11,807.57,253.0,2055.32,,1663.44,1075.27133088923,,21.004,19.1305,5.622,51.383,,41.586,26.9414611558358,-0.02281004953236,0.0291139611420367,0.0243832411625029,-0.0087520008065754,0.0127749683941375,-0.0754756830559541,-0.0187768526713163,3.0,,2.0,2.5,2.0,64.98,17.06,17.96,58.64,17.07,24.28,60.0,16.89,23.11,Vert foncé / Vert violacé,Vert,Jaunâtre,Verte,Entière,Cordée élargie,Aigue,Souple,Nombreuses,0.0,Alternes à la base/opposées au-dessus,0.0,Entièrement vert avec les deux extrémités violettes,Absent,Absent,Vert violacé,Absente,Vert violacé,Absente,0,0.0,0.0,0.0,Violet,Entièrement vert avec les deux extrémités violettes,Vert,Vert,Femelle,Présente,Absence,Autre,Autre,Autre,Autre,Autre,Autre,Autre,Autre,Autre,Faible,Faible,Uniformément répartie,Ovale,Nulle,Autre,Blanc jaunâtre ou blanc cassé,Non uniforme,Présente,Orangée,Violet clair,Lisse,Moyen,Moyenne,Absent,Absent,0.384665936231613,5929.0,103.29216003418,42.6755752563477,16.1956195831299,16.6931457519531,6.17450332641602,3.65621590614319,86.7289428710938,0.833747730424883,138.81379699707,0.977737466857233,1.7173473055409,26.94,59.4,1.54,5.0,0.5962566844919786,performante & variabilité forte,59.75,0.26,20.07,32.86,St Vincent Violet,na,Medium,Yellowish white or off-white,Oval,17.0,52.0,24.0,7.0,1072.0,46.0
CIRAD92,CRB66,Buet,Dioscorea alata,Nouvelle calédonie,2,,2023.0,CRB,,74.0,79.0,0.2719,80.9238,55.5,85.554063,61.0855,28.5,70.8,12.2,22.0,100.0,171.0,33.4,100.0,180.0,161.0,,79.0,,0.2927,80.8854,2.455,3.909,4.333,2.25,1.917,2.727,2.455,45.8833333333333,0.314083333333333,10.34,2.22,21.4700193423598,61.1736,58.3969,36.9166666666667,0.257916666666667,6.77,1.49,22.0088626292467,61.1736,58.3969,0.0,97.0,58.6,13.6,34.5,100.0,170.0,34.9,100.0,182.0,,3.63636363636364,2.68,0.2411,75.9972,0.0,21.0,0.0,0.0,34.8149555217638,45.4540641609219,95.6442178015602,30.6942127692612,76.4704196955794,0.299374554569037,168.37292712559,76.6678949449916,59.9390808070658,9.94770946104495,2.24302577448558,79.3619626219468,0.132343802300964,3.64488279166974,2.50165305969866,3.17628545628834,174.689602298061,69.7512129525299,94.684806636973,0.273816520438502,1.0,1.1,1.0,1.9,1.0,1.1,1.0,1.16416435666564,1126.85,1059.5,731.68,304.5,4816.07,1150.5,1983.75,1508.55252212111,1126.85,927.06,731.68,162.4,4816.07,1022.67,1983.75,1437.63181163591,25.041,23.544,16.26,6.767,107.024,25.567,44.083,33.5234346534669,-0.0195601696349013,0.0291139611420367,-0.0338603673792714,-0.0349050884686214,0.132578351327609,0.0152989994176643,0.0330938269564238,3.0,3.0,3.0,3.13,2.0,60.67,19.93,19.4,52.13,18.76,29.11,57.81,21.04,21.15,Vert pâle,Jaunâtre,Jaunâtre,Autre,Entière,Cordée élargie,Aigue,Souple,Peu nombreuses,0.0,Alternes à la base/opposées au-dessus,0.0,Vert,Absent,Absent,Vert,Absente,Vert,Absente,0,0.0,0.0,0.0,Vert pâle,Vert,Vert,Vert,Mâle,Absente,Absence,Autre,Autre,Autre,Autre,Autre,Autre,Autre,Autre,Autre,Faible,Faible,Uniformément répartie,Irrégulière,Moyenne,Milieu,Blanc,Uniforme,,,Violet,Granuleux,Abondant,Moyenne,Absent,Absent,-1.10715508460999,20842.5,206.831832885742,50.0855865478516,10.9366655349731,11.3611965179443,5.19655704498291,2.62577891349792,96.8775253295898,0.689343593658294,113.282440185547,0.944039315112599,1.7454691033095,33.52,87.5,3.19,7.0,0.962566844919786,performante & variabilité forte,34.81,0.27,21.62,45.86,Buet,Medium,Medium,White,Flattened,10.0,56.0,19.0,15.0,1010.0,52.0
CIRAD93,CRB67,Bacala 1,Dioscorea alata,Haiti,2,,2023.0,CRB,207.0,85.0,100.0,0.2653,74.0953,53.4555555555555,90.856431,77.3108,28.5,121.0,20.2,,,,24.8,100.0,184.0,,,91.0,,0.2932,76.1248,2.364,4.182,4.667,3.0,2.167,1.727,2.909,41.65,0.28875,9.06,1.75,19.3156732891832,51.7091,59.4359,38.9833333333333,0.29325,7.81,1.45,18.5659411011524,51.7091,59.4359,0.0,97.0,56.0,13.6666666666667,20.2,50.0,180.0,25.0,50.0,188.0,,3.45454545454546,2.33,0.2296,78.471,7.0,34.5,0.0,0.0,36.410364377283,44.535726526235,98.2902573350546,23.4480286520244,83.4659356699354,0.29973898708347,177.612321740648,92.0745854753618,64.747114107279,9.88890095775934,2.17393585603974,78.2897306219642,0.132343802300964,3.67835891206024,2.71334956380396,2.9634450104447,177.795414915822,65.8271765122805,73.4110384992691,0.269521872408844,,1.2,2.0,1.0,1.1,1.3,1.0,1.35271371265334,,2901.0,1400.6,283.67,3003.04,1892.0,1688.25,1685.32748544689,,2320.8,700.3,283.67,2627.66,1419.0,1688.25,1382.34405079776,,64.467,31.124,6.304,66.734,42.044,37.517,37.4516718039186,-0.0206923707816258,0.0291139611420367,-0.0158704248883958,-0.0446453622208311,0.0707153857577103,0.0953415617950889,-0.0197253442699639,3.0,2.0,3.0,3.64,3.0,62.15,13.24,24.61,59.62,9.43,30.95,58.59,20.19,21.21,Vert foncé / Vert violacé,Jaunâtre,Jaunâtre,Verte,Entière,Cordée élargie,Aigue,Souple,Nombreuses,0.0,Alternes à la base/opposées au-dessus,0.0,Vert,Absent,Absent,Vert,Absente,Vert,Absente,0,0.0,0.0,0.0,Vert pâle,Vert,Vert,Vert,Mâle,Présente,Absence,Autre,Autre,Autre,Autre,Autre,Autre,Autre,Autre,Autre,Faible,Faible,Base,Fusiforme,Forte,Milieu,Orange,Uniforme,Absente,Autre,Blanc,Granuleux,Moyen,Épaisse,Absent,Absent,-0.575884521007538,12168.0,161.692581176758,44.6629409790039,21.2160148620605,21.5106029510498,5.45140075683594,3.22745943069458,91.2628021240234,0.604592925738597,134.751861572266,0.911426538263628,1.7378686699797,37.45,49.6,1.14,6.0,0.3409090909090909,performante & variabilité faible,36.41,0.27,47.8,38.15,Bacala 1,Medium,Low,Orange,Irregular,36.0,53.0,11.0,0.0,1637.0,47.0
CIRAD94,CRB70,Morado,Dioscorea alata,Cuba,2,,2023.0,CRB,,,,,,,,,,,,,,,,,,,,,,,,,,,,,,,,,,,,,,,,,,,,,,,,,,,,,,,,,,,,,,,,,,,,,,,,,,,,,,,,,,,,,,,,,,,,,,,,,,,,,,,,,,,,,,,,,,,,,,,,,,,,,,,,,,,,,,,,,,,,,,,,,,,,,,,,,,,,,,,,,,,,,,,,,,,,,,,,,,,,,,,,,,,,,,,,,,,,,,,,,,,,,,,,0.0,,données insuffisantes,,,,,Morado,na,na,na,na,,,,,,
CIRAD95,CRB86,Wénéféla bis,Dioscorea alata,Nouvelle calédonie,3,,2023.0,CRB,,74.0,88.0,0.2692,85.8815,45.9777777777778,110.840167,67.0644,38.0,114.4,19.8,,,,17.2,62.5,143.0,,,79.0,,,,2.091,1.0,,1.167,2.583,2.182,1.091,51.4166666666667,0.396916666666667,11.96,2.59,21.6555183946488,53.0748,67.7973,43.0,0.36925,12.89,3.0,23.2738557020947,53.0748,67.7973,362.0,0.0,66.0,14.4,21.6,87.5,157.0,,,,,3.90909090909091,1.64,0.2049,73.7056,21.0,34.5,0.0,0.0,68.8503444395057,45.9108099238203,96.7782347444864,22.1404513939206,76.4704196955794,0.306450619224276,,93.1750633703882,66.4483781889201,11.844283692006,2.49771017973692,79.8138599861744,0.132343802300964,3.55134651771041,1.63726698263166,2.165073764481,159.370953666616,72.3684129241261,79.3371755627591,0.25594166417007,,1.5,1.7,1.0,1.0,,1.0,1.05713921200899,,232.4,317.17,427.0,1773.0,,1357.67,935.039666145698,,154.93,190.3,427.0,1773.0,,1357.67,862.548092159883,,5.164,7.048,9.489,39.4,,30.17,20.7785006666672,-0.0188751980553617,0.0291139611420367,0.010585019765362,0.023370069375199,-0.0244745586849846,-0.122567419698538,0.042716527345665,,3.0,3.0,,,65.87,24.12,10.01,65.79,30.55,3.66,62.51,17.48,20.01,Vert foncé / Vert violacé,Jaunâtre,Jaunâtre,Verte,Entière,Cordée élargie,Emarginée,Souple,Nombreuses,0.0,Alternes à la base/opposées au-dessus,0.0,Vert,Absent,Absent,Vert violacé,Absente,Vert violacé,Absente,0,0.0,0.0,0.0,Vert foncé / Vert violacé,Entièrement vert avec les deux extrémités violettes,Vert,Vert,,Présente,Absence,Autre,Autre,Autre,Autre,Autre,Autre,Autre,Autre,Autre,Faible,Faible,Uniformément répartie,Ovale,Faible,Base,Blanc,Uniforme,Absente,Autre,Violet clair,Granuleux,Moyen,Moyenne,Absent,Absent,1.02386629581451,8644.5,147.544448852539,39.8445281982422,12.9379472732544,13.782509803772,4.74069166183472,4.18626689910889,81.221305847168,0.692903657768754,130.59700012207,0.936971601892806,1.73029343457906,20.78,76.0,1.44,5.0,0.6657754010695187,modeste & variabilité forte,68.85,0.26,6.11,26.35,Wénéféla bis,High,Low,White,Oval,10.0,34.0,45.0,10.0,664.0,29.0
CIRAD96,CRB92,Purple Lisbon,Dioscorea alata,Porto Rico,2,,2023.0,CRB,,71.0,88.0,0.2393,84.8551,45.6,102.642573,71.7829,66.5,123.4,23.0,,,,18.2,100.0,153.0,,,53.0,,0.2666,77.4687,3.091,1.818,3.667,1.833,3.667,3.0,1.818,45.4333333333333,0.311583333333333,14.13,3.21,22.7176220806794,81.7335,68.9396,43.6666666666667,0.327833333333333,18.8,5.07,26.968085106383,81.7335,68.9396,289.0,73.0,79.4,12.6,19.9,100.0,162.0,,,,,4.2,2.42,0.1893,82.1129,0.0,69.0,0.0,0.0,76.2955857652617,44.6689945207146,96.7782347444864,21.9048901963795,67.6499865105219,0.301831437103839,,100.425270678798,68.2879993503895,13.8241699692884,2.86212563193165,80.1418842733992,0.132343802300964,3.62236540125176,2.17592799366308,2.6440379589792,163.551037003088,86.5133541452566,91.9938910341275,0.24685296320684,,1.5,1.0,1.0,1.0,,1.0,1.1011000814884,,832.12,487.0,637.88,1229.83,,1687.2,1039.2383081091,,554.75,487.0,637.88,1229.83,,1687.2,956.341277229469,,18.492,10.822,14.175,27.329,,37.493,23.0940529101274,0.004471346046865,0.0291139611420367,0.0151765079552748,0.0712813442163154,-0.034063194053509,-0.0641802056976285,0.0482450316026004,3.0,3.0,3.0,2.44,1.0,63.45,21.75,14.81,65.43,34.57,0.0,64.62,15.19,20.18,Vert foncé / Vert violacé,Vert,Jaunâtre,Verte,Entière,Cordée élargie,Aigue,Souple,Nombreuses,0.0,Alternes à la base/opposées au-dessus,0.0,Entièrement vert avec les deux extrémités violettes,Absent,Absent,Vert violacé,Absente,Vert violacé,Absente,Spinescence,0.0,0.0,0.0,Violet,Entièrement vert avec les deux extrémités violettes,Vert,Vert,,Présente,Absence,Autre,Autre,Autre,Autre,Autre,Autre,Autre,Autre,Autre,Faible,Faible,Base,Ronde,Faible,Base,Blanc,Non uniforme,Absente,Autre,Violet clair,Granuleux,Abondant,Moyenne,Absent,Absent,-0.212299138307571,8280.5,131.952285766602,42.4536476135254,11.3334360122681,11.9275856018066,3.51199722290039,3.44330549240112,86.8780517578125,0.812508592866577,138.697158813477,0.981392592476279,1.71454658521733,23.09,44.6,0.98,5.0,0.2259358288770053,modeste & variabilité faible,76.3,0.25,14.66,26.33,Purple Lisbon,High,Medium,White,Rounded,5.0,71.0,24.0,0.0,854.0,38.0
CIRAD97,CRB94,Renta Yam,Dioscorea alata,Jamaique,,,2023.0,CRB,,,,,,,,,,,,,,,,,,,,,,,,,,,,,,,,,,,,,,,,,,,,,,,,,,,,,,,,,,,,,,,,,,,,,,,,,,,,,,,,,,,,,,,,,,1.0,1.20473977721443,,,,,,,2622.57,1553.5630643142,,,,,,,2622.57,1455.34968392038,,,,,,,58.279,34.5235306932815,,,,,,,,,,,,,,,,,,,,,,,,,,,,,,,,,,,,,,,,,,,,,,,,,,Présente,,,,,,,,,,,Faible,Faible,Uniformément répartie,Allongée,Nulle,Autre,Blanc jaunâtre ou blanc cassé,Uniforme,Absente,Autre,Blanc,Lisse,Abondant,Épaisse,Absent,,,,,,,,,,,,,,,34.52,,,1.0,,données insuffisantes,,,,58.28,Renta Yam,na,na,Yellowish white or off-white,Oval-oblong,71.0,29.0,0.0,0.0,2623.0,7.0
CIRAD98,CRB97,Toro,Dioscorea alata,Haiti,2,F,2023.0,CRB,,,,0.3328,82.7474,54.0666666666667,117.044244,77.7912,0.0,123.8,22.4,27.0,100.0,186.0,28.4,87.5,181.0,166.0,,91.0,,0.3323,77.6763,3.182,4.727,3.167,3.75,2.417,2.818,2.818,38.9,0.28075,15.33,2.93,19.1128506196999,107.1364,123.4542,36.9833333333333,0.297833333333333,10.13,2.25,22.2112537018756,107.1364,123.4542,0.0,0.0,106.4,21.6,37.6,87.5,198.0,32.0,75.0,189.0,176.0,2.8,3.08,0.2218,82.56,14.0,41.0,0.0,,22.347130761966,43.6331387454411,,30.7344410491626,83.7068103359621,0.299614472641039,176.512260689316,109.293827832834,98.5068194961162,11.9937553045236,2.44216730412359,79.9709680012003,0.13953683593657,3.20441383843129,3.06262400675992,3.4424092049429,183.815575290668,105.291031004843,86.2821118500421,0.293630464757153,,1.3,1.5,1.4,1.2,1.0,1.0,1.1765319234708,,2551.33,1177.2,1202.57,3075.25,1193.43,3246.88,1871.07563366082,,1984.37,784.8,886.11,2460.2,1193.43,3246.88,1617.66965817409,,56.696,26.16,26.724,68.339,26.521,72.153,41.5795164807286,-0.0118908981307904,-0.139001173620051,-0.0152218123635373,0.110628543168067,0.133608412506757,0.135147013341054,-0.0150169818025064,2.0,2.0,2.0,3.69,3.0,66.73,9.0,24.27,56.93,15.71,27.35,61.09,11.99,26.92,Vert foncé / Vert violacé,Jaunâtre,Jaunâtre,Verte,Entière,Sagittée élargie,Aigue,Souple,Peu nombreuses,0.0,Alternes à la base/opposées au-dessus,0.0,Vert,Absent,Absent,Vert,Absente,Vert,Absente,0,0.0,0.0,0.0,Violet,Entièrement vert avec base violette,Vert,Vert,Femelle,Absente,Présence,Irrégulière,Petit (1-2 cm),,,Blanc jaunâtre ou blanc cassé,Lisse,Épaisse,Blanc,Blanc jaunâtre ou blanc cassé,Faible,Moyenne,Uniformément répartie,Cylindrique,Nulle,Autre,Blanc,Uniforme,Absente,Autre,Blanc,Granuleux,Abondant,Moyenne,Absent,Absent,-1.98806369304657,25505.5,352.535369873047,50.3598594665527,11.8284702301025,12.1427555084229,2.13590502738953,1.77823042869568,99.4049911499023,0.485149027784929,153.051284790039,0.92809708345876,1.76240625898273,41.58,43.8,1.97,6.0,0.5762032085561497,performante & variabilité moyenne,22.35,0.29,41.43,48.43,Toro,Medium,Medium,White,Cylindrical,29.0,43.0,24.0,4.0,1550.0,68.0
CIRAD99,CRB102,SEA 184,Dioscorea alata,Philippines,,,2023.0,CRB,,,,,,,,,,,,,,,,,,,,,,,,,,,,,,,,,,,,,,,,,,,,,,,,,,,,,,,,,,,,,,,,,,,,,,,,,,,,,,,,,,,,,,,,,,,,,,,,,,,,,,,,,,,,,,,,,,,,,,,,,,,,,,,,,,,,,,,,,,,,,,,,,,,,,,,,,,,,,,,,,,,,,,,,,,,,,,,,,,,,,,,,,,,,,,,,,,,,,,,,,,,,,,,,0.0,,données insuffisantes,,,,,SEA 184,na,na,na,na,,,,,,
cirad30,,,,,,,,,,,,,,,,,,,,,,,,,,,,,,,,,,,,,,,,,,,,,,,,,,,,,,,,,,,,,,,,,,,,,,,,,,,,,,,,,,,,,,,,,,,,,,,,,,,,,,,,,,,,,,,,,,,,,,,,,,,,,,,,,,,,,,,,,,,,,,,,,,,,,,,,,,,,,,,,,,,,,,,,,,,,,,,,,,,,,,,,,,,,,,,,,,,,,,,,2.27218198776245,3528852.0,2326.40771484375,38.9625778198242,23.4852695465088,24.3309917449951,5.10684776306152,6.03450918197632,84.3084411621094,0.537945568480849,190.892471313477,0.858921935958135,1.9756750204254,,,,,,,,,,,,,,,,,,,,,
cirad57,,,,,,,,,,,,,,,,,,,,,,,,,,,,,,,,,,,,,,,,,,,,,,,,,,,,,,,,,,,,,,,,,,,,,,,,,,,,,,,,,,,,,,,,,,,,,,,,,,,,,,,,,,,,,,,,,,,,,,,,,,,,,,,,,,,,,,,,,,,,,,,,,,,,,,,,,,,,,,,,,,,,,,,,,,,,,,,,,,,,,,,,,,,,,,,,,,,,,,,,14.5008897781372,3002051.5,2227.58813476562,26.6870594024658,29.4999771118164,33.3154602050781,8.5457592010498,6.1205677986145,63.5262260437012,0.617060170454774,139.460403442383,0.931035113718489,1.97516934948185,,,,,,,,,,,,,,,,,,,,,
cirad80,,,,,,,,,,,,,,,,,,,,,,,,,,,,,,,,,,,,,,,,,,,,,,,,,,,,,,,,,,,,,,,,,,,,,,,,,,,,,,,,,,,,,,,,,,,,,,,,,,,,,,,,,,,,,,,,,,,,,,,,,,,,,,,,,,,,,,,,,,,,,,,,,,,,,,,,,,,,,,,,,,,,,,,,,,,,,,,,,,,,,,,,,,,,,,,,,,,,,,,,12.4522523880005,1897817.5,2930.2060546875,37.1108131408691,41.4995651245117,43.8998069763184,11.9264583587646,7.4389705657959,75.9203033447266,0.295278482705342,180.00373840332,0.815210025899447,1.95954490707291,,,,,,,,,,,,,,,,,,,,,
cirad87,,,,,,,,,,,,,,,,,,,,,,,,,,,,,,,,,,,,,,,,,,,,,,,,,,,,,,,,,,,,,,,,,,,,,,,,,,,,,,,,,,,,,,,,,,,,,,,,,,,,,,,,,,,,,,,,,,,,,,,,,,,,,,,,,,,,,,,,,,,,,,,,,,,,,,,,,,,,,,,,,,,,,,,,,,,,,,,,,,,,,,,,,,,,,,,,,,,,,,,,-0.0786814913153648,5535706.5,3706.20361328125,44.6084175109863,19.0381565093994,19.3982830047607,6.94393348693848,4.40081691741943,92.7981414794922,0.578925627916618,199.178512573242,0.923386084170716,1.98002324723557,,,,,,,,,,,,,,,,,,,,,
CIRAD100,CRB110,Caillade 1,Dioscorea alata,Haiti,,,2023.0,CRB,,,,,,,,,,,,,,,,,,,,,,,,,,,,,,,,,,,,,,,,,,,,,,,,,,,,,,,,,,,,,,,,,,,,,,,,,,,,,,,,,,,,,,,,,,,,,,,,,,,,,,,,,,,,,,,,,,,,,,,,,,,,,,,,,,,,,,,,,,,,,,,,,,,,,,,,,,,,,,,,,,,,,,,,,,,,,,,,,,,,,,,,,,,,,,,,,,,,,,,,,,,,,,,,0.0,,données insuffisantes,,,,,Caillade 1,na,na,na,na,,,,,,
CIRAD101,CRB115,SEA 144,Dioscorea alata,Fidji,3,,2023.0,CRB,,,,,,,,,,,,,,,,,,,,,,,,,,,,,,,,,,,,,,,,,,,,,,,,,,,,,,,,,,,,,,,,,,,,,,,,,,,,,,,,,,,,,,,,,,,,,,,,,,,,,,,,,,,,,,,,,,,,,,,,,,,,,,,,,,,,,,,,,,,,,,,,,,,,,,,,,,,,,,,,,,,,,,,,,,,,,,,,,,,,,,,,,,,,,,,,,,,,,,,,,,,,,,,,0.0,,données insuffisantes,,,,,SEA 144,na,na,na,na,,,,,,
CIRAD102,CRB36,Tahiti messien,Dioscorea alata,,3,,2023.0,CRB,,70.0,73.0,0.3786,80.8962,45.8333333333333,100.663174,64.331,9.5,81.0,16.5,,,,34.6,62.5,184.0,165.0,,79.0,,0.2942,81.1038,3.364,4.0,3.667,3.417,1.5,2.909,2.364,40.3166666666667,0.336925,21.22,3.02,14.2318567389255,103.1351,69.3293,39.0333333333333,0.296083333333333,11.81,1.76,14.9026248941575,103.1351,69.3293,0.0,0.0,72.0,20.6,48.7,75.0,195.0,55.9,100.0,180.0,,3.7,2.68,0.1965,80.0721,14.0,0.0,0.0,0.0,18.624510099088,42.5936483884999,94.888206506276,40.8716188059176,75.2538082217784,0.30159789660084,171.011885503082,84.3065062163516,66.535222408763,13.848673512324,2.38797913279352,79.8637365671077,0.132343802300964,3.51237814787795,2.76838073934422,3.25621041050473,179.320986147291,98.26930989085,80.9860737784995,0.289335816727495,,1.4,1.0,1.0,1.0,1.8,1.0,1.29683069757344,,2532.0,840.9,1280.67,1525.76,889.5,1376.25,1389.11409369742,,1772.4,840.9,1280.67,1525.76,508.29,1376.25,1205.11042207329,,56.267,18.687,28.459,33.906,19.767,30.583,30.8692417379745,0.005569262849435,0.0291139611420367,0.400023022902783,0.11194840855596,0.0134943245354461,0.113137344472404,-0.0200596764890501,3.0,3.0,3.0,3.58,3.0,74.62,0.0,25.38,63.17,0.0,36.83,67.82,2.66,29.53,Vert foncé / Vert violacé,Jaunâtre,Violet clair,Verte,Entière,Sagittée élargie,Aigue,Souple,Peu nombreuses,0.0,Alternes à la base/opposées au-dessus,0.0,Entièrement vert avec les deux extrémités violettes,Absent,Absent,Vert violacé,Absente,Brun foncé,Absente,0,0.0,0.0,0.0,Violet,Violet,Violet,Violet,Femelle,Absente,Absence,Autre,Autre,Autre,Autre,Autre,Autre,Autre,Autre,Autre,Faible,Moyenne,Uniformément répartie,Allongée,Nulle,Autre,Violet avec du blanc,Non uniforme,Absente,Autre,Violet clair,Granuleux,Moyen,Épaisse,Absent,Absent,14.2562665939331,26244.5,410.970794677734,279.402374267578,-9.74967002868652,18.1353321075439,7.50723028182983,5.54229021072388,281.617736816406,0.383999170553201,119.945907592773,0.88529262941861,1.74386642817851,30.87,39.8,0.31,6.0,0.4705882352941176,performante & variabilité moyenne,18.62,0.29,37.48,28.18,Tahiti messien,High,Medium,Purple with white,Oval-oblong,17.0,66.0,13.0,4.0,1138.0,53.0
CIRAD103,CRB63,Ti Joseph 1,Dioscorea alata,,,,2023.0,CRB,,,,0.3976,75.0756,45.1333333333333,73.522421,51.3765,28.5,72.4,15.8,,,,35.7,87.5,160.0,,,115.0,,0.3767,72.894,3.636,2.727,3.333,1.273,1.75,2.818,1.091,44.8833333333333,0.327666666666667,15.77,3.28,20.7989854153456,90.3852,69.9036,40.8,0.333,10.36,2.38,22.972972972973,90.3852,69.9036,0.0,0.0,42.6666666666667,10.3333333333333,37.1,100.0,175.0,,,,,3.5,1.68,0.1787,60.2556,0.0,0.0,0.0,0.0,20.869900340189,43.8221369921576,,33.5819952744859,94.1971443645712,0.302605856197009,,72.0286253875273,63.433969610689,12.1579290428626,2.50719310971968,75.8823284642247,0.132343802300964,3.39491176127473,1.67345865663561,2.85687840482285,169.124481451717,83.1105055577708,88.8297121662854,0.309759796277631,,1.2,2.0,1.8,1.0,,1.0,1.36434770599669,,360.8,490.8,308.0,1546.77,,2007.0,958.345288954483,,300.67,245.4,171.11,1546.77,,2007.0,846.32354055311,,8.018,10.907,6.844,34.373,,44.6,21.2966361166607,-0.0062495187044888,0.0291139611420367,0.190519706956794,0.0537785530625216,0.0026753268338283,-0.0721755427613072,-0.146467349954527,2.0,3.0,2.0,2.23,1.0,66.91,15.69,17.4,57.06,19.2,23.74,62.43,14.72,22.85,Vert foncé / Vert violacé,Jaunâtre,Jaunâtre,Verte,Entière,Sagittée élargie,Aigue,Souple,Peu nombreuses,0.0,Alternes à la base/opposées au-dessus,0.0,Entièrement vert avec base violette,Absent,Absent,Vert violacé,Absente,Vert violacé,Absente,0,0.0,0.0,0.0,Violet,Entièrement vert avec les deux extrémités violettes,Vert,Vert,,Présente,Absence,Autre,Autre,Autre,Autre,Autre,Autre,Autre,Autre,Autre,Faible,Faible,Uniformément répartie,Allongée,Nulle,Autre,exterieur violet/interieur blanc,Non uniforme,Présente,Orangée,Violet clair,Lisse,Moyen,Épaisse,Absent,Absent,7.3939208984375,9797.5,339.425628662109,222.235870361328,0.99209725856781,9.3822078704834,5.07253742218018,4.51883888244629,193.217208862305,0.215872643803347,65.0048599243164,0.667859577323254,1.64605761139049,21.3,74.2,1.48,5.0,0.6684491978609626,modeste & variabilité forte,20.87,0.31,9.46,28.61,Ti Joseph 1,Medium,Low,Purple exterior / white interior,Oval-oblong,9.0,35.0,44.0,12.0,621.0,34.0
CIRAD104,CRB107,St Martin,Dioscorea alata,,4,,2023.0,CRB,,91.0,104.0,0.3203,78.2203,43.9666666666667,105.204383,51.0295,19.0,59.8,12.4,,,,34.3,87.5,179.0,,,105.0,,0.3187,82.374,2.727,3.727,4.333,3.083,2.75,3.091,2.455,31.95,0.314583333333333,15.77,3.06,19.4039315155358,86.4421,65.5678,42.05,0.35775,17.3,4.38,25.3179190751445,86.4421,65.5678,0.0,0.0,100.0,20.0,30.6,100.0,196.0,76.5,25.0,183.0,,2.6,2.52,0.2358,81.8268,14.0,7.0,0.0,,20.5744542558336,41.0198745264176,98.7942648652441,41.4255479726598,89.5489930389407,0.303031027463847,,86.5074620064045,61.0649034247388,13.8584749295383,2.7483304721385,79.9047894088127,0.13953683593657,3.41690921194949,2.66848180356619,3.22956875909926,179.103047399938,89.9629278739748,75.9360502590125,0.290677894236763,,1.5,1.0,1.4,1.2,1.0,1.0,1.28698391502117,,1208.38,884.71,949.57,1396.75,369.75,1620.25,1115.66727608149,,805.58,884.71,664.7,1117.4,369.75,1620.25,939.001945237289,,26.853,19.66,21.102,31.039,8.217,36.006,24.7927292702064,-0.0190254595793134,-0.139581029353655,-0.0040261416219749,0.0769120513745139,0.0044457304454951,0.0185081785616615,-0.0377684882831843,3.0,2.0,2.0,3.54,3.0,69.18,11.54,19.28,64.73,28.91,6.36,65.33,12.14,22.53,Vert pâle,Vert,Jaunâtre,Verte,Entière,Sagittée élargie,Aigue,Souple,Peu nombreuses,0.0,Alternes à la base/opposées au-dessus,0.0,Entièrement vert avec base violette,Absent,Absent,Vert,Absente,Vert,Absente,0,0.0,0.0,0.0,Vert foncé / Vert violacé,Entièrement vert avec base violette,Vert,Vert,,Présente,Présence,Ovale,Petit (1-2 cm),,,Jaune,Lisse,Épaisse,Blanc,Blanc,Faible,Moyenne,Base,Cylindrique,Nulle,Autre,Blanc jaunâtre ou blanc cassé,Uniforme,Absente,Autre,Violet clair,Granuleux,Très abondant,Épaisse,Absent,Absent,-0.221291869878769,10464.5,283.286376953125,45.5940971374512,10.513955116272,11.1183652877808,3.16130089759827,3.53531861305237,91.1590805053711,0.388214472020225,118.365234375,0.87037345081341,1.70013076393576,24.79,37.5,0.6,6.0,0.3302139037433155,modeste & variabilité faible,20.57,0.29,23.26,24.09,St Martin,Medium,Medium,Yellowish white or off-white,Cylindrical,14.0,59.0,22.0,6.0,944.0,51.0
CIRAD105,CRB418,A 19,Dioscorea alata,,2,,2023.0,CRB,,98.0,98.0,0.3069,80.4488,58.3666666666667,89.632258,47.6491,28.5,65.6666666666667,19.0,17.8,80.0,150.0,12.0,62.5,153.0,,,77.0,,,,2.727,1.818,,1.5,,,,46.7833333333333,0.253,5.74,1.22,21.2543554006969,37.0483,36.781,,,,,,,,0.0,,,,,,,,,,,3.6,2.8,0.2491,86.4713,14.0,0.0,2.0,0.0,23.1415504523225,48.2805541130893,98.0382535699599,21.5607334200037,83.1617828014852,0.298632288954066,,82.4408885316122,47.7845589550413,9.25373881500848,2.20228355772315,80.7914318848398,0.491176100348446,3.46417998167331,2.26091769619218,2.49668463470112,165.060662690977,64.9330559605111,77.4386682420539,0.282377016982461,1.0,1.2,1.0,,,,1.0,1.02685494471707,51.12,199.5,341.71,,,,1487.17,808.000436229162,51.12,171.0,341.71,,,,1487.17,729.64982647859,1.136,4.433,7.594,,,,33.048,17.9555640944079,-0.018020121439032,0.0291139611420367,-0.0318681414060632,-0.110073985707484,-0.036308730997993,-0.0979241107075787,0.0780197962990341,,3.0,2.0,,,52.37,21.67,25.96,,,,55.76,24.76,19.47,Vert foncé / Vert violacé,Jaunâtre,Jaunâtre,Verte,Entière,Sagittée allongée,Aigue,Souple,Peu nombreuses,0.0,Alternes à la base/opposées au-dessus,0.0,Vert,Absent,Absent,Vert,Absente,Vert,Absente,0,0.0,0.0,0.0,Vert pâle,Vert,Vert,Vert,,Présente,Absence,Autre,Autre,Autre,Autre,Autre,Autre,Autre,Autre,Autre,Faible,Faible,Base,Allongée,Nulle,Autre,Blanc,Uniforme,Absente,Autre,Blanc,Granuleux,Moyen,Épaisse,Absent,Absent,-0.951009511947632,10259.5,193.003021240234,47.6900253295898,12.2595014572144,12.5998039245605,3.98464965820312,2.81194639205933,96.8224639892578,0.57044029627992,208.830459594727,0.902926292549797,1.71683366793667,17.96,109.2,1.33,4.0,0.6711229946524064,modeste & variabilité forte,23.14,0.28,4.39,33.05,A 19,Medium,Medium,White,Oval-oblong,4.0,42.0,25.0,29.0,530.0,24.0
CIRAD106,CRB622,Wabé,Dioscorea alata,,4,M,2023.0,CRB,,65.0,88.0,0.3091,74.1423,48.6444444444445,95.385295,67.6497,9.5,77.6,13.2,35.2,80.0,135.0,21.4,100.0,153.0,,,53.0,115.0,0.2899,81.0737,2.727,2.727,4.0,1.917,2.833,4.273,2.091,50.3833333333333,0.297583333333333,9.02,1.77,19.6230598669623,45.7779,74.8889,47.5333333333333,0.3245,12.08,3.01,24.9172185430463,45.7779,74.8889,0.0,0.0,90.2,18.4,25.4,100.0,180.0,27.6,87.5,178.0,163.0,2.7,3.76,0.2376,82.5872,14.0,0.0,1.0,0.0,18.624510099088,47.2556051408421,98.0266395788674,27.6368634967516,65.8250692998203,0.301199754078822,170.065952581725,89.0968217594079,70.3278665759431,10.9254008281683,2.38797913279352,79.3615862062062,0.311759951324705,3.3656551518773,2.5965942319145,3.28285206191019,164.489985423972,63.7153514846523,89.2230550254679,0.281356555899664,,1.3,1.0,1.8,1.2,1.6,1.0,1.377104664368,,419.89,535.62,911.12,2137.9,1101.5,1043.62,1070.80512599991,,326.58,535.62,520.64,1710.32,677.85,1043.62,845.398125803565,,9.331,11.903,20.247,47.509,24.478,23.192,23.7957987115182,-0.0243105613090495,0.0291139611420367,0.0268234298980963,-0.0183759543433634,-0.0271874789599004,-0.0642713932556166,0.0184536048139958,3.0,2.0,2.0,2.71,2.0,63.29,15.88,20.83,62.37,37.63,0.0,61.07,20.98,17.95,Vert foncé / Vert violacé,Vert,Jaunâtre,Verte,Entière,Cordée élargie,Aigue,Souple,Nombreuses,0.0,Alternes à la base/opposées au-dessus,0.0,Entièrement vert avec base violette,Absent,Absent,Vert,Absente,Vert,Absente,0,0.0,0.0,0.0,Vert pâle,Vert,Vert,Vert,Mâle,Présente,Absence,Autre,Autre,Autre,Autre,Autre,Autre,Autre,Autre,Autre,Faible,Moyenne,Uniformément répartie,Fusiforme,Faible,Extrémité,Blanc avec du violet,Non uniforme,,,Violet clair,Granuleux,Très abondant,Moyenne,Absent,Absent,3.99288892745972,7893.0,113.991714477539,132.904891967773,3.45629620552063,6.08863639831543,4.27663087844849,2.14371299743652,69.6100006103516,0.757879347578387,105.059555053711,0.938023649540909,1.69692194832001,23.8,54.4,1.23,6.0,0.410427807486631,modeste & variabilité moyenne,18.62,0.28,10.62,28.86,Wabé,Medium,High,White with purple,Irregular,8.0,68.0,19.0,5.0,787.0,62.0
CIRAD107,CRB83,Tana,Dioscorea alata,,2,,2023.0,CRB,200.0,88.0,90.0,0.3221,79.3666,38.3222222222222,89.952459,73.6707,28.5,92.2,18.0,13.2,80.0,157.0,20.4,87.5,148.0,,,77.0,115.0,0.2492,78.5794,3.091,1.455,3.667,1.583,2.417,3.273,2.273,41.5666666666667,0.2745,9.84,2.23,22.6626016260163,57.9094,50.5672,44.5166666666667,0.318,11.98,3.4,28.3806343906511,57.9094,50.5672,97.0,0.0,74.8,16.8,25.8,75.0,170.0,30.2,62.5,170.0,,3.9,2.56,0.189,82.9045,14.0,34.5,0.0,0.0,36.410364377283,42.424034577344,98.2504436141898,23.6140355066074,80.1202541169826,0.300121641223625,172.994144580038,88.8378857841076,59.1315293834692,11.1018263380251,2.50312899686993,79.7200398581482,0.132343802300964,3.55637304922747,2.26144941511078,2.6176890729738,164.311044777058,69.1378395735557,78.7196865418042,0.262738280634724,2.2,1.3,1.9,1.0,1.3,1.0,1.0,1.28246968119158,806.38,380.17,283.64,2404.4,1481.29,368.0,1457.25,1099.74981552698,358.39,285.12,152.73,2404.4,1152.11,368.0,1457.25,956.069380416954,17.919,8.448,6.303,53.431,32.917,8.178,32.383,24.438679442557,-0.029432557710477,0.0291139611420367,0.026973795071765,-0.0297681213545287,-0.0219774974835913,-0.090868551369723,0.0216712491720537,3.0,3.0,3.0,2.26,1.0,58.78,24.02,17.2,57.78,40.53,1.69,60.0,21.94,18.06,Vert foncé / Vert violacé,Jaunâtre,Jaunâtre,Verte,Entière,Cordée élargie,Aigue,Souple,Nombreuses,0.0,Alternes à la base/opposées au-dessus,0.0,Entièrement vert avec base violette,Absent,Absent,Vert violacé,Absente,Vert violacé,Absente,0,0.0,0.0,0.0,Violet,Entièrement vert avec les deux extrémités violettes,Vert,Vert,Femelle,Présente,Absence,Autre,Autre,Autre,Autre,Autre,Autre,Autre,Autre,Autre,Faible,Faible,Uniformément répartie,Ovale,Faible,Base,Blanc jaunâtre ou blanc cassé,Uniforme,Absente,Autre,Violet clair,Granuleux,Moyen,Épaisse,Absent,Absent,1.02857148647308,9874.0,137.281173706055,39.7517395019531,13.6626653671265,14.4037294387817,4.28170824050903,3.86319470405579,81.9273376464844,0.714182798828595,136.90348815918,0.927049103283537,1.7171163579492,24.44,71.3,0.9,7.0,0.481283422459893,modeste & variabilité moyenne,36.41,0.26,10.89,31.73,Tana,High,Medium,Yellowish white or off-white,Oval,6.0,43.0,25.0,25.0,661.0,67.0
CIRAD108,Roujol83,61F,Dioscorea alata,Guadeloupe,2,F,2006.0,CIRAD,,88.0,97.0,0.2926,74.3014,44.9666666666667,74.606415,74.1475,19.0,93.2,17.4,27.0,100.0,171.0,30.4,100.0,133.0,,144.0,77.0,,0.2801,77.431,3.091,3.091,1.333,1.333,2.0,4.364,2.727,46.6666666666667,0.3115,13.41,2.67,19.910514541387,82.2174,63.4503,53.9666666666667,0.324333333333333,10.31,2.45,23.7633365664404,82.2174,63.4503,182.0,0.0,100.25,16.25,38.3,75.0,193.0,31.5,75.0,182.0,149.0,2.3,2.76,0.2218,71.7807,14.0,21.0,0.0,0.0,43.7374272692969,47.0460109313423,97.9122516874126,31.1769521280785,80.1202541169826,0.301700848786167,157.947690858594,97.398956467475,66.025216199371,11.5673936557029,2.43403907842408,77.6806429017674,0.132343802300964,2.69099333968237,2.36159623906692,3.4160603189375,170.395026772129,78.7185283093704,86.2821118500421,0.271083562601447,1.0,1.1,1.1,1.0,1.0,1.0,1.0,0.952249751990352,1314.0,359.0,998.33,2661.5,2561.75,1723.33,2613.71,1637.94755909444,1314.0,314.12,898.5,2661.5,2561.75,1723.33,2613.71,1604.90476847024,29.2,7.978,22.185,59.144,56.928,38.296,58.083,36.3988611353307,-0.0239022743950823,0.0291139611420367,-0.0138034181813273,0.0248389726373416,0.0932782921239445,-0.0288812654888086,-0.149448110758639,1.0,2.0,1.0,1.67,1.0,65.38,13.03,21.6,56.67,22.11,21.22,61.39,16.27,22.33,Vert foncé / Vert violacé,Jaunâtre,Jaunâtre,Verte,Entière,Sagittée allongée,Aigue,Souple,Peu nombreuses,0.0,Alternes à la base/opposées au-dessus,0.0,Vert,Absent,Absent,Vert,Absente,Vert,Absente,0,0.0,0.0,0.0,Vert pâle,Vert,Vert,Vert,Femelle,Absente,Absence,Autre,Autre,Autre,Autre,Autre,Autre,Autre,Autre,Autre,Faible,Moyenne,Uniformément répartie,Fusiforme,Faible,Milieu,Jaune,Uniforme,Présente,Orangée,Blanc,Granuleux,Abondant,Épaisse,Absent,Absent,-0.483078956604004,18423.0,183.586883544922,43.3795623779297,27.8553409576416,28.2454795837402,8.64051914215088,3.93892645835876,87.852180480957,0.571805522205743,125.830787658691,0.872053393880903,1.76155408482983,36.4,48.0,1.6,7.0,0.53475935828877,performante & variabilité moyenne,43.74,0.27,19.79,53.11,61F,Low,Medium,Yellow,Irregular,24.0,62.0,10.0,4.0,1663.0,50.0
CIRAD109,Roujol20,MALALAGI (VU 639),Dioscorea alata,Vanuatu,,M,2005.0,CIRAD,,56.0,74.0,0.3087,76.4127,41.0222222222222,44.421576,,19.0,95.8,24.4,34.4,100.0,145.0,13.5,100.0,153.0,161.0,180.0,53.0,,0.2435,80.4031,2.273,2.273,3.667,3.0,2.75,2.727,3.636,34.6666666666667,0.223333333333333,7.39,1.43,19.3504736129905,55.8347,61.1707,27.4833333333333,0.21975,4.96,0.96,19.3548387096774,55.8347,61.1707,0.0,0.0,71.2,16.4,18.0,87.5,176.0,21.7,87.5,178.0,,3.6,2.96,0.2031,78.002,0.0,21.0,0.0,0.0,22.2289523282239,37.7935775327879,95.0142083888234,23.2117527075929,63.087693483768,0.294676412070473,176.802428293676,88.8378857841076,61.9277735855861,8.78134081254693,2.06420480909634,79.0104138462457,0.132343802300964,3.49038069720319,3.04973382149823,2.69732126179013,165.563629305455,54.8314988098293,90.4834592435076,0.261518210171753,1.0,1.3,1.6,1.4,1.0,2.6,1.2,1.34775081470642,1976.0,859.03,425.09,780.5,978.69,1725.25,927.4,1123.16591904449,1976.0,668.13,259.78,567.64,978.69,657.24,772.83,883.881437364324,43.911,19.09,9.446,17.344,21.749,38.339,20.609,24.9592505573566,-0.0354006220259204,0.0291139611420367,0.0223782168144989,-0.0899421420589067,-0.0679334623434681,-0.0319278878123775,-0.0076407537305632,3.0,3.0,3.0,3.05,2.0,56.76,11.74,31.5,49.75,10.31,39.94,56.01,26.3,17.68,Vert foncé / Vert violacé,Jaunâtre,Jaunâtre,Verte,Entière,Sagittée allongée,Aigue,Souple,Peu nombreuses,0.0,Alternes à la base/opposées au-dessus,0.0,Entièrement vert avec les deux extrémités violettes,Absent,Absent,Vert,Absente,Vert,Absente,0,0.0,0.0,0.0,Vert foncé / Vert violacé,Entièrement vert violacé avec les deux extrémités violettes,Vert,Violet,Mâle,Absente,Absence,Autre,Autre,Autre,Autre,Autre,Autre,Autre,Autre,Autre,Faible,Faible,Base,Allongée,Faible,Base,Blanc,Uniforme,Absente,Autre,Blanc jaunâtre ou blanc cassé,Granuleux,Abondant,Moyenne,Absent,Absent,-2.33764052391052,8727.5,159.940185546875,53.4213485717773,10.7460670471191,11.1564617156982,2.68361902236938,1.77626013755798,101.989570617676,0.662153212286822,164.082015991211,0.946583513997117,1.6549009976932,24.96,46.5,0.17,7.0,0.5802139037433155,modeste & variabilité forte,22.23,0.26,24.15,24.51,MALALAGI (VU 639),Medium,Medium,White,Oval-oblong,6.0,55.0,34.0,5.0,677.0,77.0
CIRAD110,Roujol95,H4X-200 (Rosette),Dioscorea alata,Guadeloupe,4,,2006.0,CIRAD,,62.0,74.0,,,41.1333333333333,61.01916,52.8408,19.0,62.4,19.8,31.2,100.0,171.0,31.3,87.5,179.0,158.0,161.0,53.0,101.0,0.3211,82.0105,2.545,3.636,3.833,3.75,2.25,3.273,3.727,49.6666666666667,0.318833333333333,10.87,2.03,18.6752529898804,57.7479,46.507,50.95,0.312416666666667,8.68,2.11,24.3087557603687,57.7479,46.507,0.0,0.0,130.6,24.0,33.5,75.0,175.0,33.2,100.0,175.0,156.0,3.9,3.83,0.236,82.3439,14.0,34.5,0.0,,23.824361183743,46.2064225661206,94.8933830843538,31.5792349270929,64.9126106944695,0.301533817217052,166.8606006018,97.2533049813686,51.5266708906749,10.5455959111154,2.30127805866541,79.9157454072992,0.13953683593657,3.59288881734758,3.47387049424318,3.25621041050473,174.15278035732,60.7129563461501,88.3827855467748,0.287831931320255,1.0,1.0,1.6,1.0,1.0,1.0,1.1,1.02947959545023,1019.02,1385.57,834.12,984.33,1250.12,2008.25,1222.75,1240.23432381768,1019.02,1385.57,513.31,984.33,1250.12,2008.25,1086.89,1151.26950045286,22.645,30.79,18.536,21.874,27.781,44.628,27.172,27.5607879531258,-0.0128938537850377,-0.135499082689282,0.244221357042415,-0.0380237586350539,-0.0213750161645878,0.0551703525576896,-0.0423958271843613,3.0,3.0,3.0,3.71,3.0,66.39,10.4,23.21,54.76,27.4,17.83,60.78,21.3,17.92,Vert foncé / Vert violacé,Jaunâtre,Jaunâtre,Verte,Entière,Cordée élargie,Aigue,Souple,Peu nombreuses,0.0,Alternes à la base/opposées au-dessus,0.0,Entièrement vert avec base violette,Absent,Absent,Vert violacé,Absente,Brun foncé,Absente,0,0.0,0.0,0.0,Vert foncé / Vert violacé,Entièrement vert avec base violette,Violet,Violet,Femelle,Présente,Présence,Allongée,Petit (1-2 cm),,,Jaune,Rugueuse,Épaisse,Violet avec du blanc,Violet,Faible,Faible,Uniformément répartie,Allongée,Faible,Base,exterieur violet/interieur blanc,Non uniforme,Présente,Orangée,Violet clair,Granuleux,Moyen,Épaisse,Absent,Absent,9.94873428344727,21162.5,204.076599121094,46.4092826843262,18.2964134216309,22.1775074005127,5.97919273376465,5.99740648269653,59.953987121582,0.514874870253397,141.071517944336,0.870920613981196,1.78409895452276,27.56,28.7,0.4,7.0,0.3368983957219251,performante & variabilité faible,23.82,0.29,23.99,30.36,H4X-200 (Rosette),High,High,Purple exterior / white interior,Oval-oblong,18.0,73.0,7.0,2.0,1129.0,56.0
CIRAD111,Roujol96,TiBou/7F,Dioscorea rotundata,Guadeloupe,2,,2006.0,CIRAD,,,,,,48.9444444444444,31.652894,76.0927,19.0,,,15.5,40.0,150.0,,0.0,,,,62.0,,0.2947,82.1612,3.636,1.0,4.0,1.286,2.75,2.727,2.545,,,,,,,,34.95,0.25675,3.3,0.52,15.7575757575758,,,0.0,0.0,52.2,14.6,32.0,75.0,185.0,57.0,62.5,191.0,,4.0,3.56,0.2717,78.4644,0.0,0.0,0.0,,19.7472052196385,43.0392173946815,,32.8588884830728,71.0309900513928,0.298774119928855,,76.8303212680557,69.2985525058655,8.92648756593519,2.09667814104691,79.4186541628231,0.13953683593657,3.65162201064919,2.50314038876731,2.32463090751371,172.741334579849,44.3916879962445,57.2928148351302,0.290833747939977,1.0,,1.0,1.0,1.0,1.0,1.0,1.12423933704589,104.15,,1395.0,696.5,1235.97,499.25,499.5,859.594892580848,104.15,,1395.0,696.5,1235.97,499.25,499.5,789.535433423743,2.314,,31.0,15.478,27.466,11.094,11.1,19.1020315516836,-0.0020629831301746,-0.139865807776757,-0.0359630936878619,-0.0553131579184726,-0.0734326771874389,-0.0645985374028534,0.0972922031586168,3.0,3.0,3.0,2.03,1.0,,,,,,,58.28,30.59,11.13,Vert pâle,Vert,Vert,Verte,Entière,Cordée allongée,Aigue,Coriace,Nombreuses,0.0,Alternes à la base/opposées au-dessus,0.0,Vert,Absent,Absent,Vert,Absente,Vert,Absente,0,0.0,0.0,0.0,Vert pâle,Vert brunâtre,Vert,Vert,,Présente,Présence,Ronde,Petit (1-2 cm),,,Blanc jaunâtre ou blanc cassé,Légèrement rugueuse,Épaisse,Blanc,Blanc,Faible,Faible,Base,Allongée,Nulle,Autre,Blanc,Uniforme,Absente,Autre,Violet,Lisse,Abondant,Moyenne,Absent,Absent,,,,,,,,,,,,,,19.1,60.5,-0.08,6.0,0.7580213903743316,modeste & variabilité forte,19.75,0.29,16.66,16.28,TiBou/7F,High,Medium,White,Oval-oblong,0.0,81.0,15.0,4.0,711.0,27.0
CIRAD112,CRB19,Pacala Tardif,Dioscorea alata,Martinique,2,,2023.0,CRB,,,,,,,,,,,,,,,,,,,,,,,,,,,,,,,,,,,,,,,,,,,,,,,,,,,,,,,,2.3,2.0,0.2508,84.6166,14.0,41.5,0.0,,35.9506764062815,,,,,,,,,,,80.2887624401228,0.13953683593657,3.09756778598785,2.12190276413539,,,,,0.280175992045549,,,,,1.4,,1.0,1.39083558275678,,,,,668.62,,1305.88,920.110978740344,,,,,486.27,,1305.88,753.531166953396,,,,,14.858,,29.019,20.446691664123,-0.0166744104182962,0.0291139611420367,-0.0359630936878619,-0.0022862509550083,-0.065512830784131,-0.0230845573073897,-0.0034131370531639,,2.0,2.0,,,,,,,,,,,,,,,,,,,,,,,,,,,,,,,,,,,,,,,,Présente,,,,,,,,,,,Faible,Faible,Base,Cylindrique,Nulle,Autre,Blanc,Uniforme,Absente,Autre,Violet,Lisse,Moyen,Épaisse,Absent,,,,,,,,,,,,,,,20.45,32.3,,2.0,,données insuffisantes,35.95,0.28,,21.94,Pacala Tardif,Low,Low,White,Cylindrical,5.0,68.0,26.0,0.0,831.0,19.0
CIRAD113,CRB76,Vino Purple forme,Dioscorea alata,,2,,2023.0,CRB,,,,,,,,,,,,,,,,,,,,,,,,,,,,,,,,,,,,,,,,,,,,,,,,,,,,,,,,,,,,,,,,,,,,,,,,,,,,,,,,,,,,,,,,,,,,,,,,,,,,,,,,,,,,,,,,,,,,,,,,,,,,,,,,,,,,,,,,,,,,,,,,,,,,,,,,,,,,,,,,,,,,,,,,,,,,,,,,,,,,,,,,,,,,,,,,,,,,,,,,,,,,,,,,0.0,,données insuffisantes,,,,,Vino Purple forme,na,na,na,na,,,,,,
CIRAD114,CRB155,Monoique,Dioscorea rotundata,,,,2023.0,CRB,,,,,,,,,,,,,,,,,,,,,,,,,,,,,,,,,,,,,,,,,,,,,,,,,,,,,,,,,,,,,,,,,,,,,,,,,,,,,,,,,,,,,,,,,,,,,,,,,,,,,,,,,,,,,,,,,,,,,,,,,,,,,,,,,,,,,,,,,,,,,,,,,,,,,,,,,,,,,,,,,,,,,,,,,,,,,,,,,,,,,,,,,,,,,,,,,,,,,,,,,,,,,,,,0.0,,données insuffisantes,,,,,Monoique,na,na,na,na,,,,,,
CIRAD115,CRB448,Mono 25-2,Dioscorea rotundata,,3,,2023.0,CRB,,,,,,,,,,,,,,,,,,,,,,,,,,,,,,,,,,,,,,,,,,,,,,,,,,,,,,,,,,,,,,,,,,,,,,,,,,,,,,,,,,,,,,,,,,,,,,,,,,,,,,,,,,,,,,,,,,,,,,,,,,,,,,,,,,,,,,,,,,,,,,,,,,,,,,,,,,,,,,,,,,,,,,,,,,,,,,,,,,,,,,,,,,,,,,,,,,,,,,,,,,,,,,,,0.0,,données insuffisantes,,,,,Mono 25-2,na,na,na,na,,,,,,
CIRAD116,Roujol84,LABOKO,Dioscorea rotundata,Bénin,2,F,2023.0,BIORAVE,,,,,,,,,,,,,,,,,,,,22.0,,0.46,88.3495,,,3.167,,,,,31.1666666666667,0.494916666666667,7.49,1.46,19.4926568758344,65.286,64.7413,,,,,,,,,,,,,,,,,,,,1.55,,,,,,0.0,,39.0655300179135,,,53.547100003711,0.307781962727678,,,63.9879062953984,9.82172838745542,2.2398911814104,80.4417411750519,0.183023258668045,3.29485475001817,1.90067220201301,,,67.7424568979346,,0.368914848958834,,,,,,,1.0,1.22230389500194,,,,,,,281.0,720.305396341042,,,,,,,281.0,528.34429654511,,,,,,,6.244,16.0066572675385,0.0213984144390135,0.0291139611420367,-0.0359630936878619,-0.0324790997921723,-0.0994902519242866,-0.0158482584369933,0.0560787822444843,2.0,,2.0,,,55.94,11.15,32.91,,,,57.5,22.04,20.46,Vert foncé / Vert violacé,Jaunâtre,Jaunâtre,Verte,Entière,Cordée allongée,Aigue,Souple,Peu nombreuses,0.0,Alternes à la base/opposées au-dessus,0.0,Vert,Absent,Absent,,,,,,,,,,,,,Femelle,Absente,Absence,Autre,Autre,Autre,Autre,Autre,Autre,Autre,Autre,Autre,Forte,Autre,Autre,Allongée,Nulle,Autre,Blanc,Uniforme,Absente,Autre,Violet avec du blanc,Lisse,Moyen,Moyenne,Absent,Absent,,,,,,,,,,,,,,16.01,,,1.0,,données insuffisantes,,0.37,,6.24,LABOKO,na,Low,White,Oval-oblong,0.0,0.0,100.0,0.0,281.0,1.0
CIRAD117,CRB764,Coco,Dioscorea rotundata,Guadeloupe,3,,2006.0,CIRAD,,,,,,,,,,,,,,,,,,,,,,,,,,,,,,,,,,,,,,,,,,,,,,,,,,,,,,,,,,,,,,,,,,,,,,,,,,,,,,,,,,,,,,,,,,,,,,,,,,,,,,,,,,,,,,,,,,,,,,,,,,,,,,,,,,,,,,,,,,,,,,,,,,,,,,,,,,,,,,,,,,,,,,,,,,,,,,,,,,,,,,,,,,,,,,,,,,,,,,,,,,,,,,,,0.0,,données insuffisantes,,,,,Coco,na,na,na,na,,,,,,
CIRAD118,CRB765,Belo,Dioscorea rotundata,Guadeloupe,,,2006.0,CIRAD,,,,,,,,,,,,,,,,,,,,,,,,,,,,,,,,,,,,,,,,,,,,,,,,,,,,,,,,,,,,,,,,,,,,,,,,,,,,,,,,,,,,,,,,,,,,,,,,,,,,,,,,,,,,,,,,,,,,,,,,,,,,,,,,,,,,,,,,,,,,,,,,,,,,,,,,,,,,,,,,,,,,,,,,,,,,,,,,,,,,,,,,,,,,,,,,,,,,,,,,,,,,,,,,0.0,,données insuffisantes,,,,,Belo,na,na,na,na,,,,,,
CIRAD119,CRB766,TiClair,Dioscorea rotundata,Guadeloupe,,,2006.0,CIRAD,,,,,,,,,,,,,,,,,,,,,,,,,,,,,,,,,,,,,,,,,,,,,,,,,,,,,,,,,,,,,,,,,,,,,,,,,,,,,,,,,,,,,,,,,,,,,,,,,,,,,,,,,,,,,,,,,,,,,,,,,,,,,,,,,,,,,,,,,,,,,,,,,,,,,,,,,,,,,,,,,,,,,,,,,,,,,,,,,,,,,,,,,,,,,,,,,,,,,,,,,,,,,,,,0.0,,données insuffisantes,,,,,TiClair,na,na,na,na,,,,,,
CIRAD120,Roujol53,14M,Dioscorea alata,Inde,2,M,2011.0,CIRAD,,,,0.2864,69.1791,43.4666666666667,41.034281,34.4091,38.0,123.0,19.2,26.5,80.0,176.0,21.8,100.0,160.0,,,,,0.2981,83.2678,2.909,2.0,3.0,2.0,2.0,1.727,2.273,34.5333333333333,0.31875,13.44,2.87,21.3541666666667,95.5052,55.9928,39.3333333333333,0.267916666666667,7.78,1.84,23.6503856041131,95.5052,55.9928,0.0,73.0,98.6,16.0,32.0,100.0,175.0,28.1,100.0,185.0,176.0,3.5,2.56,0.2362,83.7745,0.0,62.5,0.0,0.0,38.0057732328021,40.8817604230478,,27.3954938173429,,0.299909055590205,178.642567308573,106.510266098356,51.6684954348164,10.9548050798111,2.37849620281076,79.1755192004497,0.132343802300964,3.32166025052777,2.36481878538234,2.32463090751371,173.437017769664,76.7037491349241,91.3237287222007,0.277476731827415,1.2,1.2,1.3,1.2,1.0,1.2,1.0,1.14871003379566,903.42,332.66,420.33,247.5,558.6,584.0,834.14,705.307728351913,722.74,266.13,315.25,212.14,558.6,467.2,834.14,583.145298771053,20.076,7.393,9.341,5.5,12.413,12.978,18.537,15.673656317024,-0.0104099817492101,0.0291139611420367,-0.0393331165963941,0.0038088879367795,-0.0913532013207042,-0.0459821185562564,-0.0643052192696413,2.0,3.0,2.0,2.34,1.0,62.66,15.92,21.43,52.45,18.66,28.88,59.84,18.18,21.98,Vert pâle,Jaunâtre,Jaunâtre,Verte,Entière,Sagittée allongée,Aigue,Souple,Peu nombreuses,0.0,Alternes à la base/opposées au-dessus,0.0,Vert,Absent,Absent,Vert violacé,Absente,Vert violacé,Absente,0,0.0,0.0,0.0,Vert pâle,Vert,Vert,Vert,Mâle,Absente,Absence,Autre,Autre,Autre,Autre,Autre,Autre,Autre,Autre,Autre,Faible,Moyenne,Uniformément répartie,Fusiforme,Forte,Base,Blanc,Uniforme,Absente,Autre,Blanc,Lisse,Moyen,Moyenne,Absent,Absent,-2.08778476715088,22230.0,198.185974121094,50.8952369689941,11.6153211593628,11.8777770996094,2.56264233589172,1.29233908653259,100.44930267334,0.496305710096353,133.130020141602,0.849137684033341,1.76783697228545,15.67,41.0,0.21,7.0,0.5040106951871658,modeste & variabilité moyenne,38.01,0.28,12.27,12.36,14M,Medium,Medium,White,Irregular,0.0,58.0,33.0,10.0,454.0,52.0
CIRAD121,Roujol49,74F,Dioscorea alata,Inde,2,F,2011.0,CIRAD,195.0,97.0,106.0,0.3486,70.6344,39.2,82.253221,66.3409,23.75,84.2,16.2,27.2,80.0,150.0,31.2,100.0,174.0,157.0,154.0,80.0,115.0,0.2766,82.399,2.364,3.091,2.333,2.417,2.75,4.091,2.727,44.3833333333333,0.295166666666667,15.44,2.94,19.0414507772021,95.904,55.6623,45.95,0.316,10.95,2.56,23.37899543379,95.904,55.6623,,0.0,102.6,18.6,24.8,100.0,195.0,34.6,62.5,188.0,149.0,2.6,3.36,0.2139,74.6166,0.0,0.0,0.0,0.0,25.4195058561296,43.5422742037504,100.040875896769,29.2862229727107,83.7700885383857,0.300801915250566,164.297849334175,95.2465511727909,59.8829183926604,12.2216382547554,2.48551784118765,78.1672661133708,0.132343802300964,2.97696019845427,2.77903993100292,3.33613536472111,175.405364885717,88.8031757616352,85.0217076320024,0.281966591131149,1.0,1.0,1.0,1.2,1.0,1.0,1.0,0.815509344175929,667.3,1175.1,780.4,2528.67,3018.24,743.0,2012.43,1443.92131333579,667.3,1175.1,780.4,2167.43,3018.24,743.0,2012.43,1392.91563323882,14.829,26.113,17.342,56.193,67.072,16.511,44.721,32.0871779478555,-0.0233360295466849,0.0291139611420367,-0.0274277864752794,0.0445174435253268,0.0672061056701514,0.041075349577484,-0.0820223717299656,1.0,2.0,1.0,2.49,2.0,67.98,9.46,22.56,57.46,19.74,22.81,62.36,13.3,24.33,Vert foncé / Vert violacé,Jaunâtre,Jaunâtre,Autre,Entière,Sagittée allongée,Aigue,Souple,Peu nombreuses,0.0,Alternes à la base/opposées au-dessus,0.0,Vert,Absent,Absent,Vert,Absente,Vert,Absente,0,0.0,0.0,0.0,Vert pâle,Vert,Vert,Vert,Femelle,Absente,Absence,Autre,Autre,Autre,Autre,Autre,Autre,Autre,Autre,Autre,Faible,Moyenne,Uniformément répartie,Allongée,Faible,Extrémité,Blanc jaunâtre ou blanc cassé,Uniforme,Absente,Autre,Blanc,Lisse,Très abondant,Moyenne,Absent,Absent,-1.65066969394684,19490.0,356.453857421875,46.3649559020996,21.23046875,21.569766998291,5.66078948974609,3.27900171279907,93.5838088989258,0.229033332603392,155.732696533203,0.522912642183867,1.69363823539858,32.09,56.7,1.77,7.0,0.6617647058823529,performante & variabilité forte,25.42,0.28,19.43,46.12,74F,Medium,Medium,Yellowish white or off-white,Oval-oblong,36.0,47.0,8.0,8.0,1682.0,36.0
CIRAD122,CRB417,A 14,Dioscorea alata,Guadeloupe,2,F,2011.0,CRB,,103.0,107.0,0.2611,80.4136,37.8666666666667,,,4.75,117.333333333333,19.3333333333333,27.5,80.0,184.0,29.0,37.5,148.0,176.0,,91.0,,0.2367,81.8627,1.727,3.364,2.833,3.167,1.25,1.182,2.0,45.5,0.262666666666667,12.12,2.27,18.7293729372937,78.3967,55.9075,32.9833333333333,0.254166666666667,3.52,0.75,21.3068181818182,78.3967,55.9075,0.0,0.0,,,63.0,25.0,193.0,52.8,75.0,189.0,176.0,3.7,3.72,0.1562,82.474,14.0,0.0,0.0,0.0,18.0631625388128,40.6673201046579,99.1722705128861,40.2484292458538,88.9406873020401,0.297364101864415,180.487219150328,107.166906365226,58.1774748432749,9.58750737842056,2.1495511789412,80.1787730159743,0.132343802300964,3.32891940925044,2.87398110321877,2.56440577016288,176.657949414114,77.533283078359,64.014970664675,0.236799582591958,1.0,1.0,,1.0,1.0,1.0,1.0,1.04702737953692,828.75,1917.25,,438.75,1440.06,716.75,2400.14,1221.09571288661,828.75,1917.25,,438.75,1440.06,716.75,2400.14,1182.57901373097,18.417,42.606,,9.75,32.001,15.928,53.337,27.1356199628197,-0.0421862478278434,0.0291139611420367,-0.0169520036464381,-0.0280243748166369,0.0379040630240119,0.0600844786734156,0.0118698380933115,2.0,3.0,2.0,3.01,2.0,65.13,8.88,25.99,44.46,12.42,43.12,56.75,19.17,24.08,Vert foncé / Vert violacé,Jaunâtre,Jaunâtre,Verte,Entière,Sagittée élargie,Aigue,Souple,Peu nombreuses,0.0,Alternes à la base/opposées au-dessus,0.0,Vert,Absent,Absent,Vert,Absente,Vert,Absente,0,0.0,0.0,0.0,Vert foncé / Vert violacé,Vert,Vert,Vert,Femelle,Absente,Absence,Autre,Autre,Autre,Autre,Autre,Autre,Autre,Autre,Autre,Faible,Faible,Base,Allongée,Nulle,Autre,Blanc jaunâtre ou blanc cassé,Uniforme,Absente,Autre,Blanc jaunâtre ou blanc cassé,Granuleux,Moyen,Épaisse,Absent,Absent,-1.41090381145477,24200.5,337.294219970703,46.3241844177246,15.264178276062,15.6023845672607,4.17418336868286,2.70013451576233,94.1016540527344,0.475109294911861,143.051956176758,0.912795850979244,1.76638333430327,27.14,54.0,1.36,6.0,0.4919786096256684,performante & variabilité moyenne,18.06,0.24,30.51,27.75,A 14,High,High,Yellowish white or off-white,Oval-oblong,27.0,55.0,15.0,3.0,1447.0,33.0
CIRAD123,CRB416,A 17,Dioscorea alata,Guadeloupe,2,M,2011.0,CRB,230.0,97.0,,0.2631,83.5351,49.6222222222222,73.840318,60.5112,23.75,59.0,18.25,35.2,100.0,163.0,46.9,100.0,184.0,,,98.0,,0.2995,84.142,4.091,2.273,3.167,2.333,2.0,3.091,2.909,47.25,0.244333333333333,7.69,1.29,16.7750325097529,50.5471,76.8063,51.1833333333333,0.285,9.58,2.6,27.1398747390397,50.5471,76.8063,0.0,0.0,93.25,19.0,44.0,87.5,191.0,33.8,50.0,180.0,149.0,3.3,4.04,0.2385,84.0196,0.0,21.0,2.0,0.0,22.7902998884991,47.5815059637059,,37.7542758919643,89.2448401704904,0.297819642507457,178.501571709488,84.0637537395076,69.4600285569021,9.98691512990203,2.26741045158411,80.9958774847991,0.491176100348446,3.3144010918051,2.97189693357193,2.80388786741198,177.373712001769,60.2578393370681,84.1814381533093,0.272694055612568,1.0,1.3,1.2,1.1,1.0,1.0,1.0,0.996182084275169,491.56,543.1,573.83,1059.38,1265.5,1328.5,1665.38,1011.08055291767,491.56,407.32,491.86,941.67,1265.5,1328.5,1665.38,942.37552298537,10.924,12.069,12.752,23.542,28.122,29.522,37.008,22.4684781291294,-0.0192564951137536,0.0291139611420367,-0.0023674175686961,-0.0472831804863101,0.0037999888401654,-0.0124729687267001,0.0616768338671524,2.0,2.0,2.0,2.66,2.0,62.32,1.05,36.63,55.18,38.17,6.66,58.73,23.62,17.65,Vert foncé / Vert violacé,Jaunâtre,Jaunâtre,Verte,Entière,Sagittée allongée,Aigue,Souple,Peu nombreuses,0.0,Alternes à la base/opposées au-dessus,0.0,Vert,Absent,Absent,Vert,Absente,Vert,Absente,0,0.0,0.0,0.0,Vert foncé / Vert violacé,Entièrement vert violacé avec base violette,Vert,Vert,Mâle,Absente,Absence,Autre,Autre,Autre,Autre,Autre,Autre,Autre,Autre,Autre,Faible,Moyenne,Uniformément répartie,Cylindrique,Nulle,Autre,Blanc jaunâtre ou blanc cassé,Uniforme,Absente,Autre,Brun,Granuleux,Moyen,Fine,Absent,Absent,-0.231569215655327,14681.5,243.646728515625,44.1460609436035,15.0069332122803,15.5393314361572,5.74912261962891,3.80085396766663,89.2432479858398,0.56073059892114,118.308990478516,0.969171865137197,1.74731957168455,22.47,43.1,0.99,7.0,0.195187165775401,modeste & variabilité faible,22.79,0.27,11.92,29.55,A 17,Medium,High,Yellowish white or off-white,Cylindrical,6.0,79.0,11.0,4.0,931.0,47.0
CIRAD124,G455,A 2,Dioscorea alata,Guadeloupe,2,M,2011.0,CIRAD,,86.0,90.0,0.2825,66.6074,46.9111111111111,,,42.75,114.0,23.8,21.0,100.0,157.0,15.1,87.5,148.0,,,53.0,101.0,0.2219,82.2459,3.273,1.455,3.0,1.667,3.083,4.364,4.091,42.6166666666667,0.2345,7.31,1.57,21.4774281805746,51.374,56.0737,44.1,0.261416666666667,8.53,1.81,21.2192262602579,51.374,56.0737,221.0,0.0,99.4,22.6,21.8,100.0,200.0,22.2,100.0,180.0,,3.0,2.76,0.147,76.868,14.0,34.5,0.0,0.0,52.7485328421365,44.435169766764,96.683815366933,21.7031922112888,72.2122795372758,0.296601830521727,,103.856172351527,58.2959008295517,9.63651446449191,2.19832053313827,77.940393288739,0.132343802300964,3.21167299715397,2.78251036549645,2.93709612443929,171.468670653612,55.675614403844,92.5841329402403,0.236165145951213,1.2,1.4,,1.6,1.1,1.1,1.0,1.2768793121186,1274.9,494.14,,2428.88,797.62,2735.71,1590.14,1400.45285680612,1062.42,345.9,,1494.69,709.0,2393.75,1590.14,1136.60751512466,28.331,10.981,,53.975,17.725,60.794,35.337,31.1213206985518,-0.0504421063592487,0.0291139611420367,-0.042880078450638,-0.0818761797350843,-0.0355233734804414,-0.0505576115485488,-0.0265657285047051,2.0,2.0,2.0,2.12,1.0,54.78,19.78,25.44,58.3,20.08,21.62,58.52,24.93,16.56,Vert foncé / Vert violacé,Jaunâtre,Jaunâtre,Verte,Entière,Sagittée allongée,Aigue,Souple,Peu nombreuses,0.0,Alternes à la base/opposées au-dessus,0.0,Entièrement vert avec base violette,Absent,Absent,Vert,Absente,Vert,Absente,0,0.0,0.0,0.0,Vert pâle,Entièrement vert avec base violette,Vert,Vert,Mâle,Absente,Absence,Autre,Autre,Autre,Autre,Autre,Autre,Autre,Autre,Autre,Faible,Faible,Uniformément répartie,Cylindrique,Faible,Milieu,Blanc,Uniforme,Absente,Autre,Blanc,Lisse,Moyen,Moyenne,Absent,Absent,-0.980610549449921,11363.5,183.894897460938,46.3457107543945,9.47648525238037,9.72095966339111,2.39780044555664,1.85355865955353,95.5345611572266,0.608133250876365,147.396041870117,0.955437844120281,1.75424800213939,31.12,52.1,-0.56,6.0,0.7393048128342246,performante & variabilité forte,52.75,0.24,19.66,41.96,A 2,Medium,Medium,White,Cylindrical,19.0,58.0,21.0,2.0,1244.0,53.0
CIRAD125,CRB401,A 21,Dioscorea alata,Guadeloupe,2,M,2011.0,CRB,195.0,97.0,104.0,0.2946,81.4719,43.4777777777778,54.796988,63.977,0.0,96.0,19.4,18.0,100.0,140.0,27.0,100.0,148.0,,,98.0,,,,3.636,1.818,,1.083,2.833,2.636,1.455,46.1166666666667,0.290583333333333,11.65,3.0,25.7510729613734,76.4351,59.1744,47.8,0.287166666666667,8.68,2.0,23.0414746543779,76.4351,59.1744,0.0,0.0,82.4,21.0,28.2,75.0,191.0,24.8,100.0,183.0,,3.2,2.24,0.2112,75.7604,14.0,21.0,0.0,0.0,19.9835620871228,45.2565852236476,98.7942648652441,25.3036232624679,89.2448401704904,0.299584103264836,169.695446608173,92.5277234321374,61.1071171758844,10.7367235467936,2.41778262702506,79.499938493337,0.132343802300964,3.35137622915471,1.85540857936781,2.53747135335735,167.353035774594,69.6838068003896,90.4834592435076,0.266173662755574,1.0,2.2,1.7,1.2,1.6,1.6,1.0,1.40535330855436,409.96,153.02,562.17,1226.33,1326.75,392.8,2444.4,1011.04816083209,409.96,69.55,337.3,1051.14,816.46,245.5,2444.4,843.094962781299,9.11,3.4,12.493,27.252,29.483,8.729,54.32,22.4676995604603,-0.0199135256049995,0.0291139611420367,0.272798682619863,-0.0129349679582995,0.0033058123298267,-0.0861272897344226,-0.010428241082663,,2.0,2.0,,,57.54,28.52,13.94,54.67,20.28,25.04,59.3,21.51,19.19,Vert foncé / Vert violacé,Jaunâtre,Jaunâtre,Verte,Entière,Sagittée allongée,Aigue,Souple,Peu nombreuses,0.0,Alternes à la base/opposées au-dessus,0.0,Entièrement vert avec base violette,Absent,Absent,Vert violacé,Absente,Vert violacé,Absente,0,0.0,0.0,0.0,Violet,Entièrement vert violacé avec base violette,Vert,Vert,Mâle,Absente,Absence,Autre,Autre,Autre,Autre,Autre,Autre,Autre,Autre,Autre,Faible,Moyenne,Base,Allongée,Nulle,Autre,Violet avec du blanc,Non uniforme,Absente,Autre,Blanc,Granuleux,Abondant,Épaisse,Absent,Absent,14.6007661819458,11147.5,179.966156005859,286.037353515625,-8.54021072387695,17.3992042541504,5.13195276260376,5.42329978942871,303.940948486328,0.54618832504494,86.3164215087891,0.829149466262847,1.71066640989376,22.47,79.5,1.41,7.0,0.6590909090909091,modeste & variabilité forte,19.98,0.27,8.33,29.95,A 21,Medium,Low,Purple with white,Oval-oblong,10.0,37.0,37.0,15.0,650.0,59.0
CIRAD125,CRB401,A 21,Dioscorea alata,Guadeloupe,2,M,2011.0,CRB,195.0,97.0,104.0,0.2946,81.4719,43.4777777777778,54.796988,63.977,0.0,96.0,19.4,18.0,100.0,140.0,27.0,100.0,148.0,,,98.0,,,,3.636,1.818,,1.083,2.833,2.636,1.455,46.1166666666667,0.290583333333333,11.65,3.0,25.7510729613734,76.4351,59.1744,47.8,0.287166666666667,8.68,2.0,23.0414746543779,76.4351,59.1744,0.0,0.0,82.4,21.0,28.2,75.0,191.0,24.8,100.0,183.0,,3.2,2.24,0.2112,75.7604,14.0,21.0,0.0,0.0,19.9835620871228,45.2565852236476,98.7942648652441,25.3036232624679,89.2448401704904,0.299584103264836,169.695446608173,92.5277234321374,61.1071171758844,10.7367235467936,2.41778262702506,79.499938493337,0.132343802300964,3.35137622915471,1.85540857936781,2.53747135335735,167.353035774594,69.6838068003896,90.4834592435076,0.266173662755574,1.0,2.2,1.7,1.2,1.6,1.6,1.0,1.40535330855436,409.96,153.02,562.17,1226.33,1326.75,392.8,2444.4,1011.04816083209,409.96,69.55,337.3,1051.14,816.46,245.5,2444.4,843.094962781299,9.11,3.4,12.493,27.252,29.483,8.729,54.32,22.4676995604603,-0.0199135256049995,0.0291139611420367,0.272798682619863,-0.0129349679582995,0.0033058123298267,-0.0861272897344226,-0.010428241082663,,2.0,2.0,,,57.54,28.52,13.94,54.67,20.28,25.04,59.3,21.51,19.19,Vert foncé / Vert violacé,Jaunâtre,Jaunâtre,Verte,Entière,Sagittée allongée,Aigue,Souple,Peu nombreuses,0.0,Alternes à la base/opposées au-dessus,0.0,Entièrement vert avec base violette,Absent,Absent,Vert violacé,Absente,Vert violacé,Absente,0,0.0,0.0,0.0,Violet,Entièrement vert violacé avec base violette,Vert,Vert,Mâle,Absente,Absence,Autre,Autre,Autre,Autre,Autre,Autre,Autre,Autre,Autre,Faible,Moyenne,Base,Allongée,Nulle,Autre,Violet avec du blanc,Non uniforme,Absente,Autre,Blanc,Granuleux,Abondant,Épaisse,Absent,Absent,14.6007661819458,11147.5,179.966156005859,286.037353515625,-8.54021072387695,17.3992042541504,5.13195276260376,5.42329978942871,303.940948486328,0.54618832504494,86.3164215087891,0.829149466262847,1.71066640989376,22.47,79.5,1.41,7.0,0.6590909090909091,modeste & variabilité forte,19.98,0.27,8.33,29.95,A21,na,na,na,na,10.0,37.0,37.0,15.0,650.0,59.0
CIRAD126,CRB402,A 22,Dioscorea alata,Guadeloupe,2,F,2011.0,CRB,,86.0,98.0,,,45.5777777777778,65.746107,75.7052,19.0,104.8,20.8,14.5,80.0,161.0,19.5,100.0,169.0,155.0,,80.0,,0.3134,81.2092,3.364,4.0,2.667,2.75,3.083,2.818,4.364,46.8666666666667,0.270166666666667,9.31,1.66,17.8302900107411,55.0511,58.719,45.1333333333333,0.263833333333333,9.7,2.24,23.0927835051546,55.0511,58.719,0.0,194.0,111.4,23.0,30.8,100.0,179.0,27.0,100.0,186.0,,2.22222222222222,3.08,0.2051,71.552,35.0,34.5,0.0,1.0,46.7509773297219,45.2965656219914,98.0382535699599,24.0565465855232,80.4244069854328,0.297989711014192,164.414489559353,104.762448265078,63.948704180508,10.4132767787227,2.26876515586736,78.3702406294992,0.311759951324705,2.96733020338109,3.19797095200757,3.22956875909926,173.258077122751,60.52098149389,91.3237287222007,0.275372778468505,1.0,1.2,1.3,1.7,1.2,1.1,1.4,1.35938321638348,1701.34,1254.41,891.33,803.0,1185.25,1533.14,2600.25,1392.3246399665,1701.34,1003.53,668.5,468.42,948.2,1341.5,1891.09,1133.67175611933,37.808,27.876,19.807,17.844,26.339,34.07,57.783,30.940535839834,-0.0191815461459517,-0.202979888253761,-0.0230174162079856,-0.039613899917833,0.0123853504358538,0.0465026542432568,-0.135094148490052,2.0,1.0,1.0,2.95,2.0,64.33,6.33,29.34,58.47,26.01,15.52,60.57,21.14,18.29,Vert foncé / Vert violacé,Vert,Jaunâtre,Verte,Entière,Cordée élargie,Aigue,Souple,Peu nombreuses,0.0,Alternes à la base/opposées au-dessus,0.0,Vert,Absent,Absent,Vert,Absente,Vert,Absente,0,0.0,0.0,0.0,Vert foncé / Vert violacé,Vert,Vert,Vert,Femelle,Absente,Présence,Allongée,Petit (1-2 cm),Faible,Nul,Blanc jaunâtre ou blanc cassé,Légèrement rugueuse,Épaisse,Blanc,Blanc,Faible,Faible,Uniformément répartie,Allongée,Faible,Base,Blanc jaunâtre ou blanc cassé,Uniforme,Présente,Orangée,Violet clair,Granuleux,Abondant,Épaisse,Absent,Absent,-0.243804425001144,18599.0,250.760055541992,42.1419944763184,18.3231754302979,18.4691066741943,4.37535333633423,1.896564245224,89.0236511230469,0.541722274123162,121.074348449707,0.908753328565766,1.72055619796856,30.94,39.6,0.83,7.0,0.2366310160427807,performante & variabilité faible,46.75,0.28,28.5,34.01,A 22,Low,Medium,Yellowish white or off-white,Oval-oblong,14.0,66.0,19.0,2.0,1102.0,64.0
CIRAD127,CRB453,A 24,Dioscorea alata,Guadeloupe,2,F,2011.0,CRB,185.0,28.0,,0.3391,79.0252,51.1888888888889,65.020094,51.4955,23.75,55.6,16.4,25.6,100.0,171.0,36.0,100.0,160.0,161.0,,98.0,,0.2944,85.4859,1.909,2.727,3.833,3.667,1.667,2.455,1.818,54.8166666666667,0.265333333333333,10.44,2.77,26.5325670498084,67.215,70.6976,45.7,0.260416666666667,6.2,1.42,22.9032258064516,67.215,70.6976,0.0,0.0,86.0,78.6666666666667,60.0,100.0,176.0,67.6,62.5,170.0,,3.3,3.92,0.2603,81.418,14.0,0.0,0.0,0.0,20.3085527799138,48.3774793489161,,43.6477188975256,68.2582922474224,0.297689054189785,165.159145610373,80.6166685683218,63.8823757911846,9.83254280877729,2.30805158008167,80.3174351644037,0.132343802300964,3.46090411329901,3.00238717947936,2.75060456460105,170.037145478301,67.3175451820415,88.3827855467748,0.295314161996053,1.0,1.4,1.0,1.3,1.1,1.0,1.0,1.19583450189883,169.47,759.88,638.8,322.67,1304.75,102.0,1371.12,773.824769035848,169.47,552.64,638.8,242.0,1159.78,102.0,1371.12,674.756365564429,3.766,16.886,14.196,7.17,28.994,2.267,30.469,17.1960366650074,-0.0124987934447366,0.0291139611420367,-0.0384003638440519,-0.0332918992142534,-0.0305831762780831,-0.004775439553124,0.0731814459502325,3.0,2.0,2.0,3.48,3.0,55.62,31.52,12.86,49.97,19.49,30.55,56.96,23.88,19.16,Vert foncé / Vert violacé,Vert,Jaunâtre,Verte,Entière,Cordée élargie,Aigue,Souple,Peu nombreuses,0.0,Alternes à la base/opposées au-dessus,0.0,Vert,Absent,Absent,Vert,Absente,Vert,Absente,0,0.0,0.0,0.0,Vert pâle,Vert,Vert,Vert,Femelle,Absente,Absence,Autre,Autre,Autre,Autre,Autre,Autre,Autre,Autre,Autre,Faible,Faible,Base,Allongée,Nulle,Autre,Blanc jaunâtre ou blanc cassé,Uniforme,Absente,Autre,Violet clair,Granuleux,Moyen,Épaisse,Absent,Absent,-1.61958992481232,20249.5,359.950256347656,45.899772644043,16.9208431243896,17.1561603546143,3.30113506317139,2.20992350578308,94.2100143432617,0.375997123660999,166.108200073242,0.859960929168898,1.73669660711831,17.2,71.6,0.91,7.0,0.4799465240641711,modeste & variabilité moyenne,20.31,0.3,11.62,17.23,A 24,Medium,High,Yellowish white or off-white,Oval-oblong,2.0,58.0,25.0,15.0,699.0,48.0
CIRAD128,CRB387,A 6,Dioscorea alata,Guadeloupe,2,M,2011.0,CRB,,55.0,57.0,0.2495,76.4478,43.5333333333333,,,9.5,92.8,21.0,29.2333,86.6667,176.0,35.4333,91.6667,184.0,161.0,154.0,118.0,,0.2673,84.005,2.667,3.242,3.167,3.417,2.083,3.273,4.0,43.2833333333333,0.330333333333333,18.68,4.2,22.4839400428265,104.1043,74.8103,40.6166666666667,0.2645,10.92,2.43,22.2527472527473,104.1043,74.8103,0.0,0.0,85.75,17.75,46.2,75.0,188.0,28.7,75.0,191.0,163.0,3.1,3.67,0.2295,86.1193,14.0,0.0,0.0,0.0,18.624510099088,43.0843169136295,92.8721763855183,33.6643873592244,82.5534770645847,0.300206675476992,167.713903702221,92.5762739275062,71.6466850321638,13.0082019862005,2.63859942519511,80.3930712022729,0.132343802300964,3.27040619045558,3.41933509505914,3.14086084288107,181.13146558696,98.3272157060002,82.6409553126317,0.259322083338405,1.6,1.13333333333333,,1.0,1.3,1.0,1.0,1.17262123376677,2574.83,1572.51,,1486.2,2326.29,1671.83,1464.12,1732.57115736336,1540.455,1389.03333333333,,1486.2,1809.33,1671.83,1464.12,1439.4097014874,57.2185,34.9446666666667,,33.027,51.695,37.152,32.536,38.5015940536697,-0.0259069797943321,0.0291139611420367,-0.0153966246145511,0.102061639245923,0.0591852630210832,0.0701993949524981,-0.0467056480955126,2.0,2.0,2.0,3.28,3.0,67.34,19.65,13.01,58.06,16.37,25.57,62.94,12.56,24.5,Vert pâle,Vert,Jaunâtre,Autre,Entière,Cordée élargie,Aigue,Souple,Nombreuses,0.0,Alternes à la base/opposées au-dessus,0.0,Vert,Absent,Absent,Vert,Absente,Vert,Absente,0,0.0,0.0,0.0,Vert pâle,Vert,Vert,Vert,Mâle,Absente,Absence,Autre,Autre,Autre,Autre,Autre,Autre,Autre,Autre,Autre,Faible,Moyenne,Uniformément répartie,Fusiforme,Moyenne,Milieu,Orange,Uniforme,Présente,Orangée,Blanc,Granuleux,Moyen,Épaisse,Fort,Absent,2.24204063415527,11722.0,176.848968505859,40.3523864746094,27.7597675323486,27.9743747711182,5.90519905090332,2.38369655609131,84.7217025756836,0.698072523835726,112.249641418457,0.965369569613723,1.7082299584062,38.5,23.6,0.0,6.0,0.4291443850267379,performante & variabilité moyenne,18.62,0.26,46.08,38.6,A 6,Medium,High,Orange,Irregular,25.0,54.0,14.0,6.0,1424.0,79.0
CIRAD129,CRB388,A 9,Dioscorea alata,Guadeloupe,2,M,2011.0,CRB,195.0,93.0,,0.2545,82.5268,55.7444444444444,65.516843,78.6829,4.75,70.2,15.4,37.8,100.0,176.0,33.2,75.0,174.0,174.0,161.0,115.0,,0.3154,80.6245,2.909,4.273,4.667,2.583,2.917,3.909,4.0,40.2333333333333,0.253666666666667,7.93,1.75,22.0680958385876,58.0254,78.8165,44.9333333333333,0.288083333333333,16.26,3.43,21.0947109471095,58.0254,78.8165,0.0,0.0,94.2,16.4,27.8,100.0,191.0,40.6,100.0,185.0,176.0,3.1,2.96,0.2455,82.4663,14.0,41.0,0.0,0.0,22.9084783222413,46.0234819555167,,33.6308772020665,93.1988274603438,0.298272146212877,175.591655449951,87.9963438643815,75.2895978587035,11.6825603079706,2.44216730412359,80.2807934446584,0.132343802300964,3.600367950577,3.03659574805844,3.62890076478114,178.80523717708,62.1679682825572,90.4834592435076,0.276183457136666,1.0,1.2,1.0,1.1,1.0,1.0,1.0,1.0744478939569,1426.8,985.72,684.17,1864.0,1156.88,1022.38,1520.67,1206.12375851722,1426.8,788.58,684.17,1656.89,1156.88,1022.38,1520.67,1117.47899291432,31.707,21.905,15.204,41.422,25.708,22.719,33.793,26.8027230756211,-0.0123570348983503,0.0291139611420367,0.422376776254543,-0.0137737053435697,-0.0001144193970811,0.051191083166854,0.0461089481091696,3.0,2.0,3.0,3.48,3.0,55.04,20.56,24.4,74.63,23.51,1.86,64.02,18.71,17.27,Vert foncé / Vert violacé,Jaunâtre,Jaunâtre,Verte,Entière,Cordée allongée,Aigue,Souple,Nombreuses,0.0,Alternes à la base/opposées au-dessus,0.0,Entièrement vert avec les deux extrémités violettes,Absent,Absent,Vert violacé,Absente,Brun foncé,Absente,0,0.0,0.0,0.0,Violet,Violet,Violet,Violet,Mâle,Absente,Absence,Autre,Autre,Autre,Autre,Autre,Autre,Autre,Autre,Autre,Faible,Moyenne,Uniformément répartie,Cylindrique,Nulle,Autre,Violet avec du blanc,Non uniforme,Absente,Autre,Violet clair,Lisse,Abondant,Épaisse,Absent,Absent,17.906867980957,22490.5,265.782745361328,265.444946289062,-8.51315498352051,20.7895202636719,7.6680097579956,7.03367519378662,264.515838623047,0.581616965322954,68.8230514526367,0.931708024320324,1.77104626170278,26.8,29.5,0.33,7.0,0.3703208556149733,performante & variabilité faible,22.91,0.28,22.94,30.91,A 9,Medium,Medium,Purple with white,Cylindrical,20.0,53.0,24.0,4.0,1160.0,51.0
CIRAD130,CRB95,Belep,Dioscorea alata,Nouvelle Calédonie,3,M,2011.0,CRB,,89.0,100.0,0.2538,78.1068,38.6222222222222,49.984763,44.0316,23.75,118.4,17.2,15.6,100.0,150.0,20.8,100.0,164.0,,,91.0,,0.3083,79.765,3.727,2.545,4.5,2.727,2.833,2.273,2.182,45.6166666666667,0.298833333333333,10.36,2.14,20.6563706563707,53.2145,45.7692,39.7,0.2765,14.82,2.65,17.8812415654521,53.2145,45.7692,0.0,0.0,89.3333333333333,16.3333333333333,16.4,87.5,175.0,20.4,100.0,182.0,,2.9,3.12,0.3697,81.2551,0.0,0.0,0.0,0.0,20.3085527799138,42.3222662906504,98.2902573350546,20.3153165546891,84.6825471437365,0.299496032073848,,102.022042526483,48.8249908173529,11.9251453840237,2.38933383707677,79.517292929888,0.132343802300964,3.51963730660062,2.66129304640102,2.6440379589792,168.963501596818,54.9244511953079,92.5841329402403,0.304586697514634,,1.0,1.4,1.0,1.0,1.1,1.0,1.07589396365526,,742.4,338.29,281.38,1021.86,606.75,938.8,723.014591727981,,742.4,236.8,281.38,1021.86,539.33,938.8,643.888225141843,,16.498,7.517,6.253,22.708,13.483,20.862,16.0668970310256,0.0003655934977469,0.0291139611420367,-0.0418259200979696,-0.0276485218811794,-0.0666619027065426,-0.0204777560454473,0.0399594366213244,3.0,2.0,3.0,3.28,3.0,63.32,19.08,17.6,80.47,8.38,11.15,67.64,17.28,15.08,Vert foncé / Vert violacé,Jaunâtre,Jaunâtre,Verte,Entière,Cordée élargie,Aigue,Souple,Peu nombreuses,0.0,Alternes à la base/opposées au-dessus,0.0,Vert,Absent,Absent,Vert,Absente,Vert,Absente,0,0.0,0.0,0.0,Vert pâle,Vert,Vert,Vert,Mâle,Absente,Absence,Autre,Autre,Autre,Autre,Autre,Autre,Autre,Autre,Autre,Faible,Faible,Uniformément répartie,Ronde,Nulle,Autre,Blanc,Uniforme,Absente,Autre,Violet,Granuleux,Abondant,Moyenne,Fort,Absent,-2.20142650604248,11735.5,168.08984375,53.5395164489746,10.3246793746948,10.8089151382446,2.87953639030457,2.16032123565674,99.5621948242188,0.646666842759074,142.208557128906,0.906951582293987,1.72597769633128,16.07,42.5,0.67,6.0,0.355614973262032,modeste & variabilité faible,20.31,0.3,12.01,15.83,Belep,Medium,Medium,White,Rounded,2.0,60.0,33.0,4.0,589.0,48.0
CIRAD131,CRB77,Bete Bete,Dioscorea alata,Côte d'Ivoire,2,,2011.0,CRB,,89.0,91.0,0.3327,82.7924,38.6333333333333,127.77526,30.8203,23.75,112.6,20.0,12.8,100.0,150.0,19.4,100.0,143.0,,,98.0,,0.3279,71.6818,3.091,1.727,3.667,1.273,3.417,2.909,3.364,46.8666666666667,0.298083333333333,14.11,2.88,20.4110559886605,72.5746,51.7133,36.0666666666667,0.2595,12.67,2.63,20.7576953433307,72.5746,51.7133,0.0,0.0,96.6,15.6,19.2,100.0,176.0,21.9,100.0,170.0,,4.2,3.28,0.2525,75.4534,0.0,0.0,1.0,0.0,20.3085527799138,41.8049441666249,97.1562403921284,20.3354306946398,86.8116172228883,0.29884916436073,,102.4967584812,48.4774300572981,12.3172020725945,2.4868725454709,78.4351800167157,0.311759951324705,3.62236540125176,2.63352957045278,2.59075465616828,163.237400895575,88.4758247633948,94.684806636973,0.300023633983122,1.0,1.0,1.0,1.4,1.0,1.0,1.0,0.922474685789501,136.76,315.3,328.33,556.88,890.67,998.25,780.0,667.093201873961,136.76,315.3,328.33,405.0,890.67,998.25,780.0,606.127273702398,3.039,7.007,7.296,12.375,19.793,22.183,17.333,14.8242600747446,-0.0096397965049691,0.0291139611420367,-0.0427061116475108,0.0247442004366243,-0.0878787174293587,-0.085285321456098,0.0309969597899422,3.0,3.0,3.0,2.15,1.0,67.37,16.27,16.36,64.36,16.8,18.84,62.69,12.93,24.38,Vert foncé / Vert violacé,Jaunâtre,Jaunâtre,Verte,Entière,Cordée élargie,Aigue,Souple,Nombreuses,0.0,Alternes à la base/opposées au-dessus,0.0,Vert,Absent,Absent,Vert,Absente,Vert,Absente,0,0.0,0.0,0.0,Vert pâle,Vert,Vert,Vert,,Présente,Absence,Autre,Autre,Autre,Autre,Autre,Autre,Autre,Autre,Autre,Faible,Faible,Base,Allongée,Nulle,Autre,Blanc,Uniforme,Absente,Autre,Violet,Lisse,Très abondant,Moyenne,Absent,Absent,-2.21178126335144,8254.5,197.539367675781,53.6933135986328,11.0827493667603,11.499888420105,3.50717926025391,1.97471904754639,102.557975769043,0.541028523341372,166.986434936523,0.941220068307728,1.65768677397836,14.82,52.9,0.65,7.0,0.4705882352941176,modeste & variabilité moyenne,20.31,0.3,5.78,17.92,Bete Bete,High,Medium,White,Oval-oblong,0.0,71.0,24.0,4.0,549.0,49.0
CIRAD133,CRB390,Boutou,Dioscorea alata,Guadeloupe,2,F,2011.0,CRB,176.0,94.0,94.0,0.2407,81.5652,49.7444444444444,116.864161,29.9372,9.5,92.0,15.6666666666667,28.5,80.0,181.0,39.2,100.0,204.0,169.0,,98.0,,0.3073,82.4669,2.091,3.6,4.0,3.273,1.667,4.111,4.455,42.6166666666667,0.274416666666667,14.93,2.63,17.6155391828533,86.4367,50.406,38.3666666666667,0.285916666666667,10.7,2.4,22.4299065420561,86.4367,50.406,0.0,0.0,89.0,13.75,53.0,75.0,195.0,70.4,62.5,188.0,176.0,4.0,3.92,0.2086,81.6138,14.0,0.0,0.0,0.0,18.624510099088,43.802752556597,97.5342460397705,44.0298875565893,88.3323815651396,0.298949383302199,170.190876695164,93.3692653518635,47.5586308203214,12.0354113276843,2.42184673987482,80.284122371364,0.132343802300964,3.65162201064919,3.55840036297844,3.49100826135287,186.320744347462,93.3174628877378,80.8203602385369,0.261835428492125,1.0,1.0,1.0,1.0,1.1,1.0,1.0,1.02750195196366,1030.26,1648.12,839.67,2023.43,2099.75,669.0,1247.4,1341.29076704718,1030.26,1648.12,839.67,2023.43,1866.44,669.0,1247.4,1279.83359037502,22.895,36.625,18.659,44.965,46.661,14.867,27.72,29.8064937119829,-0.0234967458089663,0.0291139611420367,-0.0266265129168411,0.0269223403427129,0.039044764993388,0.102913940894337,-0.0162158450726452,3.0,3.0,3.0,3.48,3.0,70.48,4.55,24.97,58.17,18.58,23.25,61.99,12.22,25.79,Vert pâle,Vert,Jaunâtre,Verte,Entière,Sagittée allongée,Aigue,Souple,Peu nombreuses,0.0,Alternes,0.0,Vert,Absent,Absent,Vert,Absente,Vert,Absente,0,0.0,0.0,0.0,Vert pâle,Vert,Vert,Vert,Femelle,Absente,Absence,Autre,Autre,Autre,Autre,Autre,Autre,Autre,Autre,Autre,Faible,Faible,Uniformément répartie,Cylindrique,Faible,Base,Jaune,Uniforme,Présente,Orangée,Blanc,Granuleux,Peu,Fine,Absent,Absent,-2.17901468276978,20383.0,247.447372436523,48.5099678039551,16.7028961181641,17.1587333679199,5.29737281799316,3.08905005455017,94.6137084960938,0.661778791904242,148.167358398438,0.972309013238614,1.78794423154612,29.81,38.6,0.68,7.0,0.3114973262032086,performante & variabilité faible,18.62,0.26,26.06,33.55,Boutou,High,High,Yellow,Cylindrical,17.0,72.0,11.0,0.0,1404.0,46.0
CIRAD134,CRB112,Caplaou,Dioscorea alata,Porto Rico,2,,2011.0,CRB,,101.0,,0.2744,88.893,50.7111111111111,71.354988,55.8944,42.75,60.0,12.4,29.7,60.0,187.0,30.0,75.0,160.0,,,,,0.3258,68.1673,3.273,2.273,3.667,1.583,1.917,2.455,1.273,38.8833333333333,0.307833333333333,8.83,1.97,22.3103057757644,48.1538,54.858,31.9833333333333,0.2795,10.28,2.59,25.1945525291829,48.1538,54.858,0.0,134.5,72.6666666666667,12.0,33.4,62.5,161.0,40.6,62.5,175.0,,4.1,2.92,0.2532,79.964,14.0,21.0,0.0,0.0,40.9306894679206,41.80736722107,,32.4843712248754,86.2549629121842,0.299933351091167,,77.7252168441347,56.7162040713413,10.4377803217584,2.35817563856198,79.269964262355,0.132343802300964,3.600367950577,2.10280098112085,2.6176890729738,171.110789359784,58.163754877244,71.1572612335663,0.285455992655247,1.0,1.0,1.0,1.0,1.0,1.0,1.0,1.0516593812956,1310.27,427.6,357.25,286.6,785.685,393.0,1346.0,732.414563097844,1310.27,427.6,357.25,286.6,785.685,393.0,1346.0,684.481958701434,29.117,9.502,7.939,6.369,17.4595,8.733,29.911,16.2757961871759,-0.0124697133068171,0.0291139611420367,-0.0372864853409572,-0.0523605873031866,-0.054947802034457,-0.0773513954743341,0.0184062167861773,3.0,3.0,3.0,2.39,1.0,58.47,25.06,16.46,58.96,35.56,5.48,60.11,24.26,15.63,Vert pâle,Vert,Jaunâtre,Verte,Entière,Sagittée élargie,Aigue,Souple,Nombreuses,0.0,Alternes à la base/opposées au-dessus,0.0,Vert,Absent,Absent,Vert,Absente,Vert,Absente,0,0.0,0.0,0.0,Vert pâle,Vert,Vert,Vert,,Présente,Absence,Autre,Autre,Autre,Autre,Autre,Autre,Autre,Autre,Autre,Faible,Moyenne,Uniformément répartie,Allongée,Faible,Extrémité,Blanc,Uniforme,Absente,Autre,Violet clair,Granuleux,Abondant,Épaisse,Absent,Absent,-1.82986319065094,12602.5,255.035888671875,57.1624031066895,6.75550270080566,7.30032396316528,1.90876245498657,2.18770313262939,103.963806152344,0.448402126059991,174.58952331543,0.861179445068937,1.67860109054599,16.28,60.4,0.52,7.0,0.5748663101604278,modeste & variabilité moyenne,40.93,0.29,15.52,15.62,Caplaou,High,Medium,White,Oval-oblong,9.0,61.0,27.0,3.0,721.0,33.0
CIRAD135,CRB68,Cinq,Dioscorea alata,Porto Rico,2,M,2011.0,CRB,,81.0,87.0,0.2632,66.4017,47.25,72.99919,38.6535,31.667,70.0,13.0,40.0,80.0,171.0,46.0,62.5,160.0,,,97.0,,0.2947,77.8836,2.636,2.8,3.333,2.583,2.0,3.273,4.727,35.0,0.2553,4.26,0.76,17.8404,26.493,33.7737,38.8833,0.2509,9.09,1.75,19.2519,26.493,33.7737,0.0,0.0,84.0,18.5,35.5,75.0,170.0,32.1,100.0,175.0,176.0,3.1,4.0,0.2231,71.7622,0.0,21.0,0.0,0.0,23.7259185484358,41.7104377741033,96.652232861939,36.4870850750689,84.074241406836,0.296976588624068,178.642567308573,84.6301761854771,41.1101191386233,9.02637624290366,2.08046126049536,76.8024649790365,0.132343802300964,3.30692195857568,3.47461415877751,3.01145853605454,169.858204831388,46.1619903556238,80.8203602385369,0.267789372351425,1.0,1.0,3.2,1.2,1.0,1.2,1.0,1.41943569572351,856.77,373.88,987.0,1245.0,1414.41,1545.38,1094.12,1130.13415341152,856.77,373.88,311.68,1067.14,1414.41,1236.3,1094.12,955.772159459799,19.039,8.308,21.933,27.667,31.431,34.342,24.314,25.1139968061937,-0.021856251872575,0.0291139611420367,-0.0474226455189121,-0.144135702406554,-0.0100660510826482,-0.0331539465550149,-0.0020968830944141,2.0,2.0,2.0,2.84,2.0,53.37,7.89,38.74,76.91,23.09,0.0,58.61,28.5,12.89,Vert pâle,Vert,Jaunâtre,Autre,Entière,Sagittée allongée,Aigue,Souple,Peu nombreuses,0.0,Alternes,0.0,Vert,Absent,Absent,Vert,Absente,Vert,Absente,0,0.0,0.0,0.0,Vert pâle,Vert,Vert,Vert,Mâle,Absente,Absence,Autre,Autre,Autre,Autre,Autre,Autre,Autre,Autre,Autre,Faible,Faible,Base,Ronde,Nulle,Autre,Blanc,Uniforme,Absente,Autre,Blanc,Granuleux,Moyen,Épaisse,Absent,Absent,-1.32330644130707,10246.5,154.214096069336,47.4893417358398,11.4372339248657,11.6227445602417,2.76297450065613,1.47886478900909,97.3145294189453,0.755189661102299,143.422317504883,0.974326058957417,1.66180203552498,25.11,33.6,0.44,7.0,0.3663101604278075,modeste & variabilité faible,23.73,0.27,16.43,29.44,Cinq,Medium,High,White,Rounded,10.0,57.0,20.0,13.0,838.0,60.0
CIRAD136,CRB27,Divin,Dioscorea alata,Guadeloupe,2,M,2011.0,CIRAD,195.0,84.0,89.0,0.2776,73.6318,41.1555555555556,122.867077,86.4333,9.5,96.8,17.6,,,,26.3,87.5,190.0,166.0,165.0,91.0,115.0,0.2817,77.9845,3.727,4.0,3.0,3.25,2.583,4.182,3.636,43.3333333333333,0.307166666666667,16.58,3.19,19.2400482509047,93.6463,59.3381,33.3,0.302583333333333,17.16,2.99,17.4242424242424,93.6463,59.3381,0.0,0.0,92.6666666666667,17.6666666666667,38.3,87.5,187.0,22.8,62.5,170.0,163.0,2.3,3.8,0.1862,70.6173,0.0,34.5,0.0,0.0,22.7016660631925,40.9811056552963,98.1385415965286,27.829104788986,83.1617828014852,0.300750287311021,171.827053411359,96.1096710904587,67.0920919237205,14.0226486678773,2.57763773244878,77.5301354205021,0.132343802300964,3.05769084243064,3.31993193563733,3.62890076478114,176.705721179058,99.198382499495,80.9860737784995,0.259126872064329,,1.0,1.0,1.2,1.0,1.0,1.0,1.12531990943353,,2080.0,1058.83,2126.0,1986.71,806.5,1484.43,1464.16610160221,,2080.0,1058.83,1822.29,1986.71,806.5,1484.43,1393.54573505407,,46.222,23.53,47.244,44.149,17.922,32.987,32.5368933062885,-0.027924723146707,0.0291139611420367,0.206367066254351,0.0897981454255019,0.036859924600823,0.113005001763616,-0.112759099902645,2.0,2.0,1.0,3.31,3.0,69.59,10.54,19.87,73.13,3.72,23.15,66.47,6.78,26.75,Vert foncé / Vert violacé,Vert,Jaunâtre,Verte,Entière,Sagittée élargie,Aigue,Souple,Nombreuses,0.0,Alternes à la base/opposées au-dessus,0.0,Entièrement vert avec base violette,Absent,Absent,Vert violacé,Absente,Brun foncé,Absente,0,0.0,0.0,0.0,Violet,Violet,Violet,Violet,Mâle,Absente,Absence,Autre,Autre,Autre,Autre,Autre,Autre,Autre,Autre,Autre,Faible,Moyenne,Uniformément répartie,Allongée,Faible,Extrémité,intérieur violet/exterieur jaune,Non uniforme,Présente,Orangée,Blanc,Granuleux,Moyen,Moyenne,Absent,Absent,5.49274587631226,29392.5,247.923202514648,34.4492225646973,13.5268669128418,15.4788494110107,6.73138999938965,3.46163082122803,63.4635925292969,0.619063930238872,98.9242324829102,0.927749633037332,1.82597888154059,32.54,32.4,0.39,6.0,0.3729946524064171,performante & variabilité faible,22.7,0.26,34.88,35.58,Divin,Low,High,Purple interior / yellow exterior,Oval-oblong,26.0,67.0,8.0,0.0,1622.0,39.0
CIRAD137,CRB759,Dou - H4x431,Dioscorea alata,Guadeloupe,4,F,2011.0,CIRAD,,64.0,82.0,0.3513,84.8323,55.9333333333333,71.215101,72.708,0.0,159.6,24.8,16.4,100.0,181.0,19.1,87.5,179.0,161.0,161.0,79.0,,0.3202,71.7267,3.0,4.182,3.667,1.909,2.5,3.545,2.273,44.0,0.292833333333333,10.03,1.45,14.456630109671,56.8848,73.8538,39.2833333333333,0.289416666666667,12.58,1.88,14.9443561208267,56.8848,73.8538,,0.0,137.25,22.75,26.5,50.0,177.0,43.7,75.0,175.0,,3.3,2.08,0.2159,73.1627,0.0,0.0,0.0,2.0,22.2366195344816,45.6539661526414,96.0222234492022,26.8524120386735,73.4288910110768,0.299748097896331,169.250007217753,130.866431275044,71.1128006754972,11.2954043280069,2.19154701172201,78.4109600164089,0.491176100348446,3.42438834517891,2.22327463568195,3.49569250775383,176.300068120286,63.1519722617096,79.9800907598438,0.29375247180345,1.2,1.0,1.0,1.0,1.0,1.0,1.0,1.04667871801245,521.17,792.66,827.14,1845.67,1115.42,1057.17,1530.5,1112.09372910745,434.31,792.66,827.14,1845.67,1115.42,1057.17,1530.5,1059.51066828573,11.582,17.615,18.381,41.015,24.787,23.493,34.011,24.7133229533132,-0.0069318587540991,-0.202062489078975,-0.030852005723148,-0.0060887751884397,-0.02039968906175,0.0314047087832227,-0.0578446628347455,3.0,2.0,2.0,2.84,2.0,64.42,0.0,35.58,71.89,0.0,28.11,65.02,12.81,22.17,Vert foncé / Vert violacé,Vert,Jaunâtre,Verte,Entière,Cordée allongée,Aigue,Souple,Peu nombreuses,0.0,Alternes à la base/opposées au-dessus,0.0,Vert,Absent,Absent,Vert violacé,Absente,Vert violacé,Absente,0,0.0,0.0,0.0,Vert pâle,Vert,Vert,Vert,Femelle,Absente,Présence,Allongée,Petit (1-2 cm),Moyenne,Faible,Blanc jaunâtre ou blanc cassé,Rugueuse,Épaisse,Blanc,Blanc,Faible,Moyenne,Uniformément répartie,Ronde,Moyenne,Extrémité,Blanc,Uniforme,Absente,Autre,Violet,Granuleux,Moyen,Épaisse,Absent,Absent,-1.39072585105896,12170.5,139.042709350586,49.0177421569824,10.8014116287231,11.0823822021484,4.06998729705811,1.91770052909851,98.376823425293,0.661263767852048,168.899795532227,0.925231868562777,1.81614885614973,24.71,38.4,0.48,7.0,0.393048128342246,modeste & variabilité faible,22.24,0.29,15.86,30.83,Dou - H4x431,Medium,Low,White,Rounded,8.0,77.0,10.0,5.0,991.0,39.0
CIRAD138,CRB22,Fénakué,Dioscorea alata,Porto Rico,2,F,2011.0,CRB,,70.0,89.0,0.3089,82.2379,44.0222222222222,47.300464,74.3094,57.0,66.4,16.6,17.3,60.0,150.0,31.7,75.0,,,,59.0,,,,3.273,1.091,,1.636,2.0,1.1,1.0,45.75,0.283583333333333,6.3,1.35,21.4285714285714,37.4271,34.947,28.3666666666667,0.284,4.99,0.86,17.2344689378758,37.4271,34.947,377.0,323.5,85.0,18.5,19.2,75.0,170.0,20.8,62.5,178.0,,,2.0,,,,,,0.0,120.458956850594,41.0574318703164,96.9042366270337,23.493350666903,69.1707508527732,0.299213596875163,,83.788634265751,51.092870090165,8.5216032563688,2.03982013199781,80.1174080752799,0.183023258668045,,1.82020845807629,1.87494325302151,166.639049653972,45.0589207483046,73.257934930299,0.289367594449125,,1.0,2.8,1.0,,1.0,1.0,1.34772972681585,,106.3,297.25,85.5,,30.33,187.94,358.521350653146,,106.3,108.09,85.5,,30.33,187.94,236.803122527391,,2.362,6.606,1.9,,0.674,4.1765,7.96719918370469,-0.0223060677067162,0.0291139611420367,0.111436330760839,-0.130211921934029,-0.10849075526477,-0.107765476649758,-0.0253100777317786,,,,,,54.16,23.01,22.83,54.42,3.53,42.05,56.54,31.04,12.42,Vert pâle,Jaunâtre,Jaunâtre,Verte,Entière,Sagittée allongée,Aigue,Souple,Peu nombreuses,0.0,Alternes à la base/opposées au-dessus,0.0,Entièrement vert avec base violette,Absent,Absent,Vert,Absente,Vert,Absente,0,0.0,0.0,0.0,Vert pâle,Entièrement vert avec les deux extrémités violettes,Vert,Vert,Femelle,Absente,Absence,Autre,Autre,Autre,Autre,Autre,Autre,Autre,Autre,Autre,Faible,Faible,Base,Allongée,Faible,Base,Violet clair,Uniforme,Absente,Autre,Blanc,Granuleux,Moyen,Épaisse,Absent,Absent,6.28783941268921,10927.5,308.175659179688,306.981903076172,-0.226390689611435,6.5206036567688,1.74261772632599,1.91185307502747,186.9814453125,0.24024306971447,134.051742553711,0.764160839107401,1.61579576348117,7.97,65.7,-0.13,5.0,0.7954545454545454,modeste & variabilité forte,120.46,0.29,4.48,2.25,Fénakué,na,Low,Light purple,Oval-oblong,0.0,7.0,38.0,55.0,111.0,29.0
CIRAD139,CRB41,Florido,Dioscorea alata,Porto Rico,2,M,2011.0,CRB,,69.0,76.0,0.3067,87.7033,51.0111111111111,33.896213,62.642,33.25,100.4,18.6,,,,13.7,87.5,148.0,,,62.0,,0.2481,85.6885,3.364,3.182,3.833,2.833,3.25,3.636,2.636,47.5333333333333,0.291666666666667,8.4,1.55,18.4523809523809,44.5198,53.4092,42.7666666666667,0.258583333333333,12.71,2.22,17.4665617623918,44.5198,53.4092,110.0,0.0,104.2,18.6,24.9,87.5,177.0,23.2,62.5,180.0,,4.5,3.36,,,14.0,0.0,0.0,0.0,34.4308756121018,46.1107119155398,95.2662121539181,21.383383575985,69.7790565896737,0.298581913850145,,101.007876623223,57.7275478293424,10.9278511824719,2.25115400018509,81.2891298620579,0.132343802300964,3.72487352139614,2.85960358888843,3.22956875909926,167.552293790242,45.2838668055009,80.9860737784995,0.274561036015428,,2.1,1.3,1.5,1.2,1.0,1.0,1.27612656751469,,860.9,276.17,1320.5,1224.11,785.57,875.33,915.315211463201,,407.79,207.12,880.33,979.29,785.57,875.33,705.142906796567,,19.131,6.137,29.344,27.202,17.457,19.452,20.3402125743586,-0.0211454022307869,0.0291139611420367,-0.0502651253887631,-0.0530713495264136,-0.079845485972183,-0.0181122712774283,0.121263506214287,3.0,3.0,3.0,3.22,2.0,63.65,10.32,26.03,81.25,6.44,12.31,67.7,21.98,10.32,Vert foncé / Vert violacé,Jaunâtre,Jaunâtre,Autre,Entière,Hastée,Aigue,Souple,Peu nombreuses,0.0,Alternes à la base/opposées au-dessus,0.0,Vert,Absent,Absent,Vert,Absente,Vert,Absente,0,0.0,0.0,0.0,Vert pâle,Vert,Vert,Vert,Mâle,Absente,Absence,Autre,Autre,Autre,Autre,Autre,Autre,Autre,Autre,Autre,Faible,Faible,Base,Ronde,Nulle,Autre,Blanc,Uniforme,Absente,Autre,Violet,Lisse,Abondant,Moyenne,Absent,Absent,-2.04880499839783,5879.5,117.293251037598,48.3332214355469,14.5432510375977,14.7694826126099,2.80951356887817,1.48434257507324,97.8035888671875,0.727720336788433,164.903396606445,0.966943507776179,1.65945065735854,20.34,38.0,0.59,6.0,0.3475935828877005,modeste & variabilité faible,34.43,0.27,12.63,23.36,Florido,High,Medium,White,Rounded,4.0,59.0,23.0,14.0,629.0,56.0
CIRAD140,CRB43,Goana,Dioscorea alata,Nouvelle Calédonie,3,M,2011.0,CRB,,80.0,87.0,0.3333,79.3388,49.0,46.966477,87.0364,23.75,82.6666666666667,16.0,22.8,100.0,176.0,44.0,75.0,160.0,160.0,154.0,62.0,,0.2863,87.6522,2.727,2.364,3.167,3.833,3.333,2.455,2.545,45.8666666666667,0.278333333333333,11.15,2.36,21.1659192825112,70.6711,59.3669,34.15,0.255416666666667,9.0,2.11,23.4444444444444,70.6711,59.3669,0.0,0.0,106.666666666667,18.0,27.1,87.5,154.0,26.2,100.0,165.0,,3.875,4.36,0.2664,86.6832,0.0,41.0,0.0,0.0,25.1538685633423,43.429602172054,96.652232861939,29.7488481915773,73.1247381426266,0.297980600201331,166.070040448944,96.0665150945755,67.2656490200611,10.6926171693294,2.34598330001272,81.2284906494744,0.132343802300964,3.44088643318498,3.33282212089901,2.64433072437927,166.100451246197,64.1091715865695,88.3827855467748,0.293410852073818,1.0,1.8,1.8,1.5,1.0,1.1,1.0,1.09728862415388,2616.48,993.35,833.33,1262.5,2699.12,1100.25,1428.0,1451.44697900236,2616.48,567.63,454.55,841.67,2699.12,978.0,1428.0,1271.92642012989,58.144,22.074,18.519,28.056,59.981,24.45,31.733,32.2544734925848,-0.0176047331252179,0.0291139611420367,-0.0200125633012065,-0.0179823079541626,0.0427950744001727,-0.0145168135583102,0.0963903420990062,2.0,3.0,2.0,3.36,3.0,61.35,17.64,21.01,55.2,22.47,22.33,60.45,20.98,18.56,Vert foncé / Vert violacé,Vert,Jaunâtre,Verte,Entière,Sagittée élargie,Aigue,Souple,Nombreuses,0.0,Alternes à la base/opposées au-dessus,0.0,Entièrement vert avec les deux extrémités violettes,Absent,Absent,Vert,Absente,Vert,Absente,0,0.0,0.0,0.0,Vert foncé / Vert violacé,Entièrement vert avec base violette,Vert,Vert,Mâle,Absente,Absence,Autre,Autre,Autre,Autre,Autre,Autre,Autre,Autre,Autre,Faible,Faible,Base,Allongée,Nulle,Autre,Blanc,Uniforme,Absente,Autre,Violet clair,Granuleux,Abondant,Moyenne,Absent,Absent,-0.799915015697479,8945.0,167.220169067383,46.8895492553711,9.4154634475708,9.84714984893799,2.64540433883667,2.57815480232239,92.7874221801758,0.634569822476138,144.024215698242,0.972441158778883,1.66604292204519,32.25,45.8,0.96,7.0,0.248663101604278,performante & variabilité faible,25.15,0.29,32.91,36.06,Goana,High,High,White,Oval-oblong,20.0,57.0,19.0,4.0,1276.0,54.0
CIRAD141,CRB37,Gordito,Dioscorea alata,Nouvelle Calédonie,2,M,2011.0,CRB,,75.0,89.0,0.3086,84.1349,42.55,56.145024,79.0137,22.167,83.2,15.2,21.0,100.0,150.0,30.0,100.0,153.0,,,79.0,,0.2977,84.3457,1.727,2.909,3.333,3.583,2.667,2.636,3.0,,,,,,,,50.2833,0.3559,9.68,2.68,27.686,,,0.0,0.0,130.0,19.5,29.4,87.5,177.0,22.7,87.5,175.0,,4.25,4.08,0.2184,84.5967,0.0,0.0,0.0,0.0,20.1214763193,45.5322183637648,96.9042366270337,26.3294443999547,76.7745725640297,0.302524130902277,,103.791438357702,70.9152081917381,10.9972152643417,2.43514675423213,81.1582773508677,0.132343802300964,3.55989264133544,3.31423050754082,2.85687840482285,166.100451246197,61.0235175980184,90.4834592435076,0.278452788197792,1.0,1.2,2.1,1.0,1.1,1.0,1.0,1.22823276041521,941.98,995.04,725.91,824.0,1586.61,1026.88,1941.0,1162.70314720844,941.98,814.13,347.17,824.0,1410.32,1026.88,1941.0,1039.4193283962,20.933,22.112,16.131,18.311,35.258,22.819,43.133,25.8376946995098,-0.0088091137104255,0.0291139611420367,-0.0446766854467498,-0.0064214997627596,0.0062570862209525,-0.0047441015664117,0.0111182560046137,2.0,3.0,3.0,3.32,3.0,,,,,,,61.31,22.56,16.12,Vert foncé / Vert violacé,Vert,Vert,Verte,Entière,Sagittée allongée,Aigue,Coriace,Peu nombreuses,0.0,Alternes à la base/opposées au-dessus,0.0,,Absent,Absent,Vert,Absente,Vert,Absente,0,0.0,0.0,0.0,Vert pâle,Entièrement vert avec les deux extrémités violettes,Vert,Vert,Mâle,Absente,Absence,Autre,Autre,Autre,Autre,Autre,Autre,Autre,Autre,Autre,Faible,Faible,Base,Fusiforme,Faible,Milieu,Blanc,Uniforme,Présente,Orangée,Violet clair,Granuleux,Moyen,Épaisse,Absent,Absent,-1.55374038219452,16209.5,173.693817138672,50.8761825561523,7.55932950973511,7.89087009429932,1.60224914550781,1.61766672134399,101.280456542969,0.599121942324872,165.81298828125,0.912414511220488,1.74517778281947,25.84,35.8,1.07,7.0,0.1550802139037433,modeste & variabilité faible,20.12,0.28,19.73,29.88,Gordito,High,High,White,Irregular,10.0,66.0,20.0,4.0,900.0,70.0
CIRAD142,CRB79,Grand Etang,Dioscorea alata,Guadeloupe,2,,2011.0,CRB,,34.0,74.0,0.2708,81.6382,47.0666666666667,105.173376,69.569,28.5,76.8,16.0,23.0,40.0,154.0,20.3,75.0,148.0,158.0,175.0,50.0,101.0,0.2851,82.6238,3.0,1.545,3.833,1.75,3.583,2.909,2.545,38.7,0.268416666666667,9.15,2.01,21.9672131147541,56.5442,59.4558,40.6166666666667,0.281666666666667,7.73,1.59,20.5692108667529,56.5442,59.4558,266.0,0.0,94.0,19.6666666666667,28.7,87.5,165.0,23.3,75.0,184.0,,3.375,2.44,0.1793,84.0182,0.0,48.25,0.0,0.0,58.0074731436626,42.855338268569,94.8933830843538,24.7605414837985,55.4838717725114,0.298575839974905,173.622461524866,90.0678316667842,62.7239012178961,9.89135131206291,2.22812402736981,80.5939948667897,0.132343802300964,3.47740220130508,2.34052574392764,2.53747135335735,165.384688658541,72.7347110430101,74.0982044089921,0.256613526910609,1.7,1.5,2.0,1.2,1.0,1.0,1.8,1.55028700369838,420.93,499.77,1308.5,1234.17,1362.66,1882.14,1831.33,1194.46788416292,252.56,333.18,654.25,1057.86,1362.66,1882.14,998.91,933.603344299799,9.354,11.106,29.078,27.426,30.281,41.825,40.696,26.5436560495741,-0.0247833331549715,0.0291139611420367,-0.0174466664074975,-0.0441759857531393,-0.0286595064054538,-0.0821748134956377,0.040525343437956,3.0,2.0,2.0,2.41,1.0,58.16,21.68,20.16,56.2,16.08,27.71,57.5,20.4,22.1,Vert foncé / Vert violacé,Jaunâtre,Jaunâtre,Verte,Entière,Cordée allongée,Aigue,Souple,Nombreuses,0.0,Alternes à la base/opposées au-dessus,0.0,Entièrement vert avec les deux extrémités violettes,Absent,Absent,Vert violacé,Absente,Vert violacé,Absente,0,0.0,0.0,0.0,Vert foncé / Vert violacé,Entièrement vert avec les deux extrémités violettes,Vert,Vert,,Présente,Absence,Autre,Autre,Autre,Autre,Autre,Autre,Autre,Autre,Autre,Faible,Faible,Uniformément répartie,Fusiforme,Moyenne,Base,Blanc,Uniforme,Absente,Autre,Blanc jaunâtre ou blanc cassé,Granuleux,Très abondant,Moyenne,Absent,Absent,-2.05314898490906,15397.0,207.553894042969,50.8129043579102,11.525652885437,11.880030632019,3.47435665130615,1.93677377700806,99.6456832885742,0.642180341794839,154.308135986328,0.918154983695509,1.75232643489488,26.54,43.8,0.68,7.0,0.3649732620320856,performante & variabilité faible,58.01,0.26,16.51,35.06,Grand Etang,Medium,Medium,White,Irregular,9.0,50.0,31.0,10.0,918.0,58.0
CIRAD143,CRB147,Grosse caille 3 mois,Dioscorea rotundata,Guadeloupe,3,,2011.0,CRB,,64.0,86.0,0.3623,86.1233,43.6444444444444,,,0.0,73.75,14.75,24.5,40.0,145.0,33.5,75.0,160.0,,,59.0,,0.324,86.4164,3.182,2.455,4.333,2.667,1.833,3.455,2.273,46.75,0.284,5.64,1.1,19.5035460992908,32.1527,40.9971,39.4166666666667,0.251166666666667,6.06,0.91,15.016501650165,32.1527,40.9971,0.0,0.0,83.8,12.8,46.6,87.5,199.0,49.4,87.5,205.0,,3.5,4.28,0.2067,71.9663,14.0,0.0,0.0,0.0,17.5018149785375,43.6028505648775,96.5262309793917,36.5675416348718,67.3458336420716,0.298032228140876,,85.7792045758723,47.5530535088478,8.62206778281506,2.01272604633277,80.1500360267807,0.132343802300964,3.61488626802234,2.95652786652915,2.96373777584476,175.763246179545,40.1282114095668,76.1988781057249,0.295118950721978,1.0,1.0,,1.0,1.0,1.0,1.0,1.0683235156917,1226.1,511.14,,1025.4,1655.0,432.75,1496.75,1068.01828585129,1226.1,511.14,,1025.4,1655.0,432.75,1496.75,1014.08968010658,27.247,11.359,,22.787,36.778,9.617,33.261,23.7339239246357,0.0091976705504803,0.0291139611420367,-0.0379597599570243,-0.136245702489995,-0.0135558179614144,-0.0358654065655837,0.0767243183202188,3.0,3.0,3.0,3.16,2.0,55.67,16.32,28.01,60.1,0.0,39.9,58.8,32.03,9.17,Vert foncé / Vert violacé,Jaunâtre,Jaunâtre,Verte,Entière,Sagittée élargie,Aigue,Souple,Nombreuses,0.0,Alternes à la base/opposées au-dessus,0.0,Vert,Absent,Absent,Brun foncé,Absente,Vert violacé,Absente,0,0.0,0.0,0.0,Vert pâle,Vert,Vert,Vert,,Présente,Absence,Autre,Autre,Autre,Autre,Autre,Autre,Autre,Autre,Autre,Faible,Faible,Base,Cylindrique,Nulle,Autre,Blanc,Uniforme,Absente,Autre,Violet clair,Lisse,Moyen,Épaisse,Absent,Absent,-1.96676480770111,15691.5,208.857238769531,56.4484634399414,6.93626403808594,7.29393768310547,2.34326457977295,1.04894411563873,105.660697937012,0.678070315476893,175.763565063477,0.947697418031243,1.76941951576927,23.73,43.5,1.03,6.0,0.2125668449197861,modeste & variabilité faible,17.5,0.3,19.3,25.61,Grosse caille 3 mois,Medium,High,White,Cylindrical,15.0,70.0,11.0,4.0,925.0,27.0
CIRAD144,Roujol81,"H4X131, Cirabel",Dioscorea alata,Guadeloupe,4,F,2011.0,CIRAD,,65.0,86.0,0.3002,85.7368,45.2222222222222,72.087213,68.7555,28.5,73.8,13.6,22.8,100.0,145.0,21.6,100.0,148.0,,,34.0,115.0,0.2916,81.4852,3.545,2.727,2.667,2.667,2.833,3.364,1.727,48.3833333333333,0.322666666666667,14.89,2.86,19.2075218267293,73.5076,60.0346,40.35,0.348416666666667,16.7,2.86,17.125748502994,73.5076,60.0346,0.0,0.0,67.2,11.4,25.9,100.0,170.0,32.8,100.0,175.0,,4.0,3.28,0.2182,75.2047,14.0,55.5,0.0,0.0,27.4288034128789,44.5066498728939,97.802835543545,26.3294443999547,60.0461647992654,0.302985473399543,,80.4224665868466,62.8142917080593,13.4958224926103,2.51532133541919,79.9054481363587,0.132343802300964,3.35839599315462,2.57329274317223,3.01672831325562,163.058460248661,72.9767877514016,94.684806636973,0.274865781036657,1.0,1.4,1.3,1.0,1.5,1.0,1.1,1.23270450273454,448.24,581.96,574.0,985.0,527.12,448.4,903.5,762.27251497545,448.24,423.25,430.5,985.0,351.42,448.4,803.11,639.246622769518,9.961,12.933,12.756,21.889,11.714,9.964,20.078,16.9395338141825,-0.0199790137870248,0.0291139611420367,-0.0349797601448853,0.0569557483677786,-0.100660222327078,-0.0278537612340871,-0.0006444526784357,2.0,3.0,2.0,2.72,2.0,70.32,11.96,17.72,77.53,2.93,19.54,68.71,9.35,21.94,Vert foncé / Vert violacé,Jaunâtre,Jaunâtre,Verte,Entière,Cordée élargie,Aigue,Souple,Nombreuses,0.0,Alternes à la base/opposées au-dessus,0.0,Vert,Absent,Absent,Vert,Absente,Vert,Absente,0,0.0,0.0,0.0,Vert pâle,Vert,Vert,Vert,Femelle,Absente,Absence,Autre,Autre,Autre,Autre,Autre,Autre,Autre,Autre,Autre,Faible,Faible,Base,Allongée,Nulle,Autre,Blanc,Uniforme,Absente,Autre,Blanc,Granuleux,Très abondant,Moyenne,Absent,Absent,-0.0387596897780895,21781.5,410.257720947266,40.5458984375,12.8551607131958,13.2266912460327,4.39221429824829,2.67521953582764,85.9489135742188,0.371835422917425,98.1717681884766,0.909818090645149,1.72074376168795,16.94,31.5,0.1,7.0,0.4411764705882353,modeste & variabilité moyenne,27.43,0.27,11.88,15.91,"H4X131, Cirabel",High,Medium,White,Oval-oblong,0.0,57.0,41.0,2.0,550.0,58.0
CIRAD145,Roujol66,"H4X172, KREOLINE",Dioscorea alata,Guadeloupe,4,F,2011.0,CIRAD,,64.0,89.0,0.339,76.8851,39.8666666666667,56.968191,67.0682,19.0,97.6,19.4,24.4,100.0,184.0,27.1,100.0,174.0,161.0,,59.0,115.0,0.3061,81.0111,4.273,4.182,3.667,2.083,1.75,2.455,2.091,56.9833333333333,0.350833333333333,19.26,4.07,21.1318795430945,111.1882,86.9124,41.65,0.32075,8.1,1.95,24.0740740740741,111.1882,86.9124,0.0,73.0,76.6,15.2,41.2,75.0,191.0,35.9,87.5,180.0,156.0,4.0,2.44,0.2307,72.2535,0.0,21.0,0.0,0.0,30.8559779914015,45.4976791409334,98.1385415965286,31.4585500873886,67.3458336420716,0.303003695025265,166.574864536786,91.1683095618106,76.491941109287,12.4593226222014,2.55596246391675,78.4613056217091,0.132343802300964,3.57837049990224,2.31053127437641,3.1765782216884,179.342059117822,90.3246182139829,88.3827855467748,0.290921908329357,1.2,1.0,1.0,1.0,,1.0,1.0,1.05695616468543,763.94,1210.15,1321.0,1028.0,,475.5,1735.62,1185.14463248095,636.62,1210.15,1321.0,1028.0,,475.5,1735.62,1113.05928642256,16.976,26.892,29.356,22.844,,10.567,38.569,26.3364483907937,-0.0158858279466711,0.0291139611420367,-0.0333170021762042,0.104913815514378,-0.0065325379940939,0.0387023270925457,0.0081986574609249,3.0,3.0,3.0,2.98,2.0,68.77,15.46,15.77,52.81,18.21,28.98,62.43,13.76,23.81,Vert foncé / Vert violacé,Jaunâtre,Jaunâtre,Autre,Entière,Cordée élargie,Aigue,Souple,Peu nombreuses,0.0,Alternes à la base/opposées au-dessus,0.0,Vert,Absent,Absent,Vert,Absente,Vert,Absente,0,0.0,0.0,0.0,Vert pâle,Vert,Vert,Vert,Femelle,Absente,Absence,Autre,Autre,Autre,Autre,Autre,Autre,Autre,Autre,Autre,Faible,Faible,Uniformément répartie,Allongée,Nulle,Autre,Blanc jaunâtre ou blanc cassé,Uniforme,Absente,Autre,Blanc,Granuleux,Abondant,Épaisse,Absent,Faible,-2.44917750358581,13340.0,385.206115722656,48.3407859802246,16.9375782012939,17.3697357177734,3.594642162323,2.92177128791809,96.2581481933594,0.268843778218023,153.603958129883,0.849843919166093,1.65658092750945,26.34,37.0,0.34,6.0,0.4237967914438502,performante & variabilité moyenne,30.86,0.29,24.41,23.99,"H4X172, KREOLINE",High,Medium,Yellowish white or off-white,Oval-oblong,11.0,76.0,11.0,3.0,1113.0,37.0
CIRAD146,Roujol71,"H4X274, Marchande",Dioscorea alata,Guadeloupe,4,M,2011.0,CIRAD,,87.0,91.0,0.2693,78.6113,49.8555555555556,73.403079,62.159,14.25,74.0,14.25,27.3,60.0,171.0,24.0,50.0,174.0,,165.0,59.0,,0.2751,85.852,2.0,2.636,4.5,1.583,2.25,2.364,2.818,47.35,0.3075,14.69,2.24,15.2484683458135,81.046,88.5062,48.1,0.309166666666667,11.26,1.94,17.2291296625222,81.046,88.5062,0.0,0.0,71.5,13.0,18.7,37.5,161.0,28.7,87.5,188.0,156.0,4.375,3.36,0.2546,75.2455,14.0,0.0,0.0,0.0,19.1858576593633,46.9817999885476,97.1562403921284,25.444422242123,74.3413496164276,0.301002353133504,169.077574549427,81.878981447911,76.0396997031118,12.1138226653984,2.30669687579841,79.5857417797108,0.132343802300964,3.84409970405335,2.59485901466774,2.69732126179013,173.079136475837,77.6973539732557,66.9559138401008,0.272181626018121,1.0,1.7,1.1,1.0,1.2,1.0,1.0,1.16672046371027,167.67,827.7,471.71,413.5,2370.88,1182.62,2839.75,1155.64347248716,167.67,496.62,412.75,413.5,1896.7,1182.62,2839.75,1018.85659047371,3.726,18.393,10.483,9.189,52.686,26.281,63.106,25.681116299648,-0.0193840486835158,0.0291139611420367,-0.0464511613299163,0.0573247687813475,0.0340231017899534,-0.0347109786614597,0.0015588088811247,3.0,3.0,3.0,2.64,2.0,70.62,0.0,29.38,65.27,2.77,31.96,64.8,10.08,25.12,Vert foncé / Vert violacé,Jaunâtre,Jaunâtre,Verte,Entière,Cordée élargie,Aigue,Souple,Nombreuses,0.0,Alternes à la base/opposées au-dessus,0.0,Vert,Absent,Absent,Vert,Absente,Vert,Absente,0,0.0,0.0,0.0,Vert pâle,Vert,Vert,Vert,Mâle,Absente,Absence,Autre,Autre,Autre,Autre,Autre,Autre,Autre,Autre,Autre,Faible,Faible,Uniformément répartie,Fusiforme,Forte,Milieu,Blanc,Uniforme,Présente,Autre,Blanc,Lisse,Moyen,Épaisse,Absent,Absent,-2.07045984268188,12717.0,140.194885253906,47.6910362243652,17.4248237609863,17.6507816314697,2.2111976146698,1.91799449920654,96.5161972045898,0.705762334649844,159.03125,0.920387927848275,1.7163494602167,25.68,81.0,2.49,7.0,0.9064171122994652,modeste & variabilité forte,19.19,0.27,10.87,37.82,"H4X274, Ticoli",High,Medium,White,Irregular,17.0,57.0,24.0,2.0,1136.0,42.0
CIRAD147,CRB391,HYB 30,Dioscorea alata,Guadeloupe,2,M,2011.0,CRB,195.0,77.0,99.0,0.2592,75.05,48.8888888888889,90.0713,63.5646,19.0,90.3333333333333,19.0,12.0,100.0,176.0,31.6,87.5,190.0,153.0,154.0,91.0,,0.2932,81.5554,1.727,4.091,2.5,3.0,2.583,3.909,3.364,40.8833333333333,0.318416666666667,16.89,3.19,18.8869153345175,101.0565,96.2171,42.5833333333333,0.285416666666667,10.62,2.31,21.7514124293785,101.0565,96.2171,0.0,0.0,77.0,15.0,38.9,100.0,191.0,46.6,87.5,200.0,163.0,2.625,2.92,0.1876,74.7051,14.0,0.0,0.0,0.0,19.7472052196385,44.1577300328018,98.1642554525073,31.5591207871422,81.0327127223334,0.300534664739982,166.512321121582,88.945775773816,80.4600337169786,12.4960779367549,2.48551784118765,78.5978504315979,0.132343802300964,3.01919530374981,2.97239270992814,3.57561746197022,184.352397231409,94.0220458687546,90.4834592435076,0.257784794555061,1.0,1.2,1.3,1.3,1.0,1.1,1.0,1.16537842014135,461.44,1606.03,892.17,2233.5,1509.29,2074.29,1021.29,1356.3459841744,461.44,1284.82,669.12,1675.12,1509.29,1815.0,1021.29,1176.77431200005,10.254,35.689,19.826,49.633,33.54,46.095,22.695,30.140855746939,-0.0086443316508221,0.0291139611420367,0.0120087286850751,0.0966248751783667,-0.0030950957920507,0.0790350435652981,-0.0937653967549301,2.0,2.0,1.0,2.95,2.0,69.6,8.87,21.53,58.1,15.36,26.54,62.88,11.61,25.51,Vert pâle,Vert,Vert,Verte,Entière,Sagittée allongée,Aigue,Souple,Peu nombreuses,0.0,Alternes à la base/opposées au-dessus,0.0,Vert,Absent,Absent,Vert violacé,Absente,Vert violacé,Absente,0,0.0,0.0,0.0,Vert pâle,Vert,Vert,Vert,Mâle,Absente,Absence,Autre,Autre,Autre,Autre,Autre,Autre,Autre,Autre,Autre,Faible,Moyenne,Uniformément répartie,Allongée,Nulle,Milieu,Orange,Non uniforme,Absente,Autre,Blanc,Granuleux,Moyen,Épaisse,Absent,Absent,5.64297962188721,12632.0,212.471420288086,33.654109954834,22.6718044281006,23.5527648925781,4.50128650665283,2.90863370895386,75.6421432495117,0.564824974994582,95.3447494506836,0.933594471680012,1.70036768181432,30.14,42.6,0.36,7.0,0.4799465240641711,performante & variabilité moyenne,19.75,0.26,21.92,37.99,HYB 30,Medium,Medium,Orange,Oval-oblong,17.0,62.0,15.0,6.0,1248.0,53.0
CIRAD148,CRB428,HYB 5,Dioscorea alata,Guadeloupe,2,M,2011.0,CRB,185.0,,,0.2768,81.4765,43.2444444444444,87.489603,70.8564,19.0,108.6,18.4,28.5,40.0,176.0,41.6,87.5,184.0,161.0,,91.0,,0.2653,84.2111,3.455,4.455,2.667,3.0,1.75,2.545,2.818,38.8,0.268583333333333,11.63,2.27,19.518486672399,72.5797,52.3372,36.7333333333333,0.2355,8.08,1.24,15.3465346534653,72.5797,52.3372,0.0,97.0,85.6666666666667,15.3333333333333,51.8,75.0,207.0,44.0,62.5,191.0,156.0,2.0,3.48,0.2028,78.7291,21.0,34.5,0.0,,35.2876692567325,41.1967575009088,,38.9611242890076,83.7068103359621,0.296899450408513,164.786623725831,97.6632869422608,59.3221611146851,10.5848015799724,2.21593168882054,80.1395316750207,0.13953683593657,2.9184469796594,2.97586314442167,3.28285206191019,184.531337878323,76.8777746424482,71.9975307122594,0.258980463608773,1.0,1.4,1.0,1.4,1.4,1.0,1.0,1.20091018962517,2036.04,2545.76,782.06,602.8,1527.43,1997.2,1578.14,1541.81887427302,2036.04,1851.46,782.06,430.57,1069.2,1997.2,1578.14,1359.49442359595,45.245,56.573,17.379,13.396,33.943,44.382,35.07,34.2627051472025,-0.0199635435694021,-0.139009104846284,0.0166155851717027,-0.0170173919492325,0.0339002088888176,0.112176106124792,-0.0668725468730669,2.0,1.0,1.0,3.14,2.0,63.96,12.15,23.89,58.78,0.0,41.22,59.94,15.75,24.31,Vert foncé / Vert violacé,Jaunâtre,Jaunâtre,Verte,Entière,Sagittée allongée,Aigue,Souple,Peu nombreuses,0.0,Alternes à la base/opposées au-dessus,0.0,Vert,Absent,Absent,Vert violacé,Absente,Vert violacé,Absente,0,0.0,0.0,0.0,Vert foncé / Vert violacé,Vert,Vert,Vert,Mâle,Absente,Présence,Allongée,Petit (1-2 cm),,,Blanc jaunâtre ou blanc cassé,Rugueuse,Épaisse,Blanc,Blanc,Faible,Faible,Uniformément répartie,Allongée,Faible,Extrémité,Blanc jaunâtre ou blanc cassé,Uniforme,Absente,Autre,Blanc,Granuleux,Moyen,Épaisse,Absent,Absent,2.60053539276123,16232.0,174.008743286133,38.344310760498,19.232931137085,19.8086566925049,6.07585573196411,3.7061402797699,81.3462829589844,0.655409216078716,133.828109741211,0.932391291806974,1.78190266497266,34.26,40.8,0.43,7.0,0.4385026737967914,performante & variabilité moyenne,35.29,0.26,39.73,31.7,HYB 5,Low,Medium,Yellowish white or off-white,Oval-oblong,22.0,59.0,13.0,6.0,1339.0,54.0
CIRAD149,CRB475,HYB 6,Dioscorea alata,Guadeloupe,2,M,2011.0,CRB,195.0,69.0,86.0,0.2791,77.6522,42.5111111111111,67.866018,83.2337,9.5,87.0,16.6,45.6,100.0,178.0,29.5,100.0,184.0,166.0,156.0,91.0,,0.2685,79.0087,1.636,3.909,3.167,3.333,2.417,4.2,4.091,39.1333333333333,0.270416666666667,14.49,2.61,18.0124223602484,98.0829,79.6925,44.2333333333333,0.275416666666667,8.98,2.2,24.4988864142539,98.0829,79.6925,0.0,0.0,77.6666666666667,21.0,25.0,50.0,191.0,48.5,75.0,191.0,163.0,1.85714285714286,3.04,0.2638,83.7949,0.0,0.0,0.0,0.0,18.624510099088,42.7450892913176,96.5262309793917,35.4813780775328,78.5994897747313,0.298420956156271,169.834028802693,88.0826558561482,76.9452595308929,11.5061347981137,2.39204324564328,79.6736113291483,0.132343802300964,2.99700930349783,3.26490076009707,3.60752889057676,182.026168821529,85.9150268158101,82.0807644565766,0.275207400766289,1.2,1.1,1.0,1.0,1.2,1.0,1.0,0.906832895835236,927.96,2219.36,1368.17,2017.33,1121.5,984.5,2450.71,1496.66105262043,773.3,1972.77,1368.17,2017.33,897.2,984.5,2450.71,1393.98476198517,20.621,49.319,30.404,44.83,24.922,21.878,54.46,33.2591321197567,-0.0201453509738845,0.0291139611420367,0.0108505014075183,0.0492675482499482,0.039380856299592,0.124526140674387,-0.131423802558023,2.0,1.0,1.0,3.29,3.0,67.74,5.59,26.67,53.81,20.74,25.45,60.98,14.65,24.37,Vert pâle,Jaunâtre,Jaunâtre,Verte,Entière,Sagittée allongée,Aigue,Souple,Peu nombreuses,0.0,Alternes à la base/opposées au-dessus,0.0,Vert,Absent,Absent,Vert,Absente,Vert,Absente,0,0.0,0.0,0.0,Vert foncé / Vert violacé,Vert,Vert,Vert,Mâle,Absente,Absence,Autre,Autre,Autre,Autre,Autre,Autre,Autre,Autre,Autre,Faible,Moyenne,Uniformément répartie,Fusiforme,Forte,Base,Orange,Uniforme,Présente,Orangée,Violet clair,Granuleux,Moyen,Épaisse,Fort,Absent,3.23544216156006,29190.0,284.837982177734,38.5694046020508,22.3293991088867,22.973445892334,9.80596733093262,3.26077270507812,78.3733215332031,0.63839456945778,104.080421447754,0.946267930919969,1.80174151376096,33.26,36.9,0.27,7.0,0.4371657754010695,performante & variabilité moyenne,18.62,0.28,33.45,36.52,HYB 6,Low,Medium,Orange,Irregular,30.0,66.0,4.0,0.0,1495.0,50.0
CIRAD150,CRB152,Igname Jaune,D. cayenensis,Guadeloupe,5,M,2011.0,CRB,,,,0.3938,74.3638,47.0222222222222,52.308141,61.1738,9.5,175.0,19.0,,,,28.0,12.5,217.0,,,,,,,4.545,2.545,,1.222,1.273,2.455,1.0,36.0166666666667,0.263833333333333,7.36,1.48,20.1086956521739,50.8065,64.2832,,,,,,,,0.0,0.0,,,64.4,62.5,200.0,,,,,,,,,0.0,0.0,,0.0,18.624510099088,42.1138786270703,,40.1777088056354,,0.299042022881234,,134.764332721454,62.4014395097349,9.77953487635936,2.243025150051,78.9062388566926,0.183023258668045,,1.75328725707835,2.69732126179013,191.975603691097,55.402253971866,60.3521023557065,0.329832315087849,,,,,2.0,,,2.03080690969484,,,,,125.0,,,692.171145180535,,,,,62.5,,,517.366935921288,,,,,2.778,,,15.3816472287527,0.140708422737199,0.0291139611420367,-0.0526021699561024,-0.0693605394906881,-0.0735942879374597,0.0529985817664957,0.0268724278387024,,,,,,56.49,15.33,28.18,,,,58.75,25.52,15.73,Vert foncé / Vert violacé,Vert,Vert,Verte,Entière,Cordée élargie,Aigue,Coriace,Peu nombreuses,0.0,Alternes à la base/opposées au-dessus,0.0,Vert,Absent,Absent,Brun foncé,Absente,0,Absente,Spinescence,0.0,1.0,7.0,Vert pâle,Vert,Vert,Vert,Mâle,Absente,Absence,Autre,Autre,Autre,Autre,Autre,Autre,Autre,Autre,Autre,Faible,Faible,Base,Allongée,Faible,Extrémité,Jaune,Uniforme,Absente,Autre,Jaune,Granuleux,Très abondant,Moyenne,Absent,Absent,-4.593186378479,12419.5,246.719879150391,51.3827667236328,24.6903800964355,25.1724452972412,7.96996688842773,2.52062320709229,99.3095703125,0.358557484988366,152.25651550293,0.82529820242381,1.72503460093133,15.38,,,1.0,,données insuffisantes,18.62,0.33,,2.78,Igname Jaune,na,na,Yellow,Oval-oblong,0.0,0.0,50.0,50.0,62.0,2.0
CIRAD151,CRB757,INRA X 154,Dioscorea alata,Guadeloupe,2,M,2011.0,CRB,195.0,,,0.2365,74.8368,49.6555555555556,,,19.0,88.0,14.2,36.2,80.0,187.0,54.5,100.0,179.0,177.0,154.0,98.0,,0.2518,85.1684,2.727,3.727,3.667,3.417,1.417,2.818,3.818,39.7,0.23975,15.24,3.53,23.1627296587926,48.3507,48.6766,44.5666666666667,0.27125,6.7,1.69,25.2238805970149,48.3507,48.6766,0.0,0.0,,,70.0,100.0,161.0,79.0,75.0,191.0,176.0,3.07142857142857,3.8,0.2727,83.8416,21.0,34.5,0.0,0.0,23.824361183743,44.4993807095587,,53.8053595726398,86.7664910943065,0.297151516230996,174.705866734988,93.1289091435615,53.0250893789608,11.1312305896679,2.4475861212566,80.072494384225,0.132343802300964,3.37410845792231,3.40644490979746,3.14964380488288,177.373712001769,53.2301781704676,87.1223813287352,0.26290909049954,,1.7,,1.1,1.0,1.0,1.0,1.29970088853487,,2468.61,,1023.43,1934.42,1022.67,2022.88,1471.01964254949,,1440.03,,895.5,1934.42,1022.67,2022.88,1256.46516011883,,54.858,,22.743,42.987,22.726,44.953,32.6893499070748,-0.0269986077704951,0.0291139611420367,-0.0140567073415802,-0.0192596011071234,0.0724107394439599,0.0902356885787895,0.0225183500911567,3.0,2.0,2.0,3.51,3.0,67.51,32.49,0.0,50.2,30.29,19.5,63.41,24.5,12.09,Vert foncé / Vert violacé,Jaunâtre,Jaunâtre,Verte,Entière,Sagittée allongée,Aigue,Souple,Peu nombreuses,0.0,Alternes à la base/opposées au-dessus,0.0,Entièrement vert avec les deux extrémités violettes,Absent,Absent,Vert,Absente,Vert,Absente,0,0.0,0.0,0.0,Vert foncé / Vert violacé,Entièrement vert avec base violette,Vert,Vert,Mâle,Absente,Absence,Autre,Autre,Autre,Autre,Autre,Autre,Autre,Autre,Autre,Faible,Faible,Base,Cylindrique,Faible,Extrémité,Blanc jaunâtre ou blanc cassé,Uniforme,Absente,Autre,Blanc,Granuleux,Moyen,Épaisse,,Absent,1.31912875175476,19154.5,230.486358642578,38.9848480224609,15.9711170196533,16.2757129669189,4.85652256011963,2.36319899559021,82.8932418823242,0.637523757404202,134.265151977539,0.945667736314704,1.76316363626723,32.69,34.1,0.64,5.0,0.2914438502673797,performante & variabilité faible,23.82,0.26,54.86,33.35,INRA X 154,Medium,High,Yellowish white or off-white,Cylindrical,26.0,62.0,12.0,0.0,1482.0,42.0
CIRAD152,G15003,INRA15,Dioscorea alata,Guadeloupe,2,M,2011.0,CRB,,86.0,97.0,0.3164,80.9696,58.4,98.882802,41.973,19.0,59.6,16.2,15.8,100.0,168.0,23.9,100.0,160.0,,,98.0,,0.2627,83.4572,2.818,3.091,4.5,3.583,2.0,2.273,3.0,46.15,0.281166666666667,16.89,3.35,19.8342214328005,106.9863,72.9323,37.0166666666667,0.259916666666667,13.4,2.81,20.9701492537313,106.9863,72.9323,0.0,185.0,74.0,19.8,43.4,100.0,165.0,33.5,100.0,170.0,176.0,4.0,3.64,0.3205,81.8235,14.0,21.0,0.0,0.0,44.0919625705233,46.1664421677767,97.9122516874126,29.0448532933021,85.8991586175375,0.298247850711915,178.642567308573,78.0273088153184,62.5549936759754,13.1772764331466,2.57492832388227,80.3552178943627,0.132343802300964,3.761609264023,3.20515970917274,2.80388786741198,167.531976421507,99.97466552621,94.684806636973,0.2967294437331,1.0,1.0,3.0,1.0,1.0,1.2,1.0,1.38999044153205,1390.64,1236.63,1449.5,214.43,1170.14,766.62,477.83,963.713715762305,1390.64,1236.63,483.17,214.43,1170.14,613.3,477.83,785.078023993639,30.903,27.481,32.211,4.765,26.003,17.036,10.619,21.4159132039791,-0.010740034391661,0.0291139611420367,-0.0276277349217332,0.0831933074765516,-0.056893956820148,0.0006561701628152,0.0944144610074702,3.0,3.0,3.0,3.74,3.0,67.86,11.52,20.62,62.34,13.85,23.81,63.85,10.31,25.84,Vert foncé / Vert violacé,Jaunâtre,Jaunâtre,Autre,Entière,Sagittée élargie,Aigue,Souple,Peu nombreuses,0.0,Alternes à la base/opposées au-dessus,0.0,Vert,Absent,Absent,Vert,Absente,Vert,Absente,0,0.0,0.0,0.0,Vert pâle,Vert,Vert,Vert,Mâle,Absente,Absence,Autre,Autre,Autre,Autre,Autre,Autre,Autre,Autre,Autre,Faible,Moyenne,Uniformément répartie,Cylindrique,Nulle,Autre,Violet,Uniforme,Absente,Autre,Violet clair,Granuleux,Très abondant,Épaisse,Absent,Absent,-2.63818883895874,11011.0,181.089279174805,54.0914154052734,11.5339593887329,11.9434118270874,2.64732909202576,1.54921340942383,102.935707092285,0.599724377488226,174.846221923828,0.930061660534668,1.66214229642975,21.42,46.2,-0.48,7.0,0.6657754010695187,modeste & variabilité forte,44.09,0.3,30.2,14.61,INRA15,High,Medium,Purple,Cylindrical,5.0,65.0,27.0,3.0,717.0,60.0
CIRAD153,Roujol43,Kabusa,Dioscorea alata,Guadeloupe,2,M,2011.0,CIRAD,,65.0,89.0,0.2861,87.0865,48.3,56.156955,86.3671,23.75,23.6666666666667,5.66666666666667,16.2,80.0,145.0,24.6,62.5,,,,79.0,115.0,,,2.273,1.0,,1.2,2.583,1.909,2.0,51.9666666666667,0.340833333333333,4.8,1.1,22.9166666666667,21.8681,33.8806,43.5666666666667,0.274166666666667,5.01,0.9,17.9640718562874,21.8681,33.8806,360.0,0.0,81.2,18.6,19.8,75.0,165.0,27.9,87.5,175.0,,4.07142857142857,2.36,0.3356,83.5385,0.0,34.5,0.0,0.0,66.9299448911956,46.6607452745739,98.1385415965286,23.3927799671494,73.7330438795271,0.300941614381099,,68.7271917024479,53.7000092236156,8.15895081944085,2.01137134204952,81.2853369888035,0.132343802300964,3.59712726142738,2.04925713464925,2.08514881026461,163.805845938387,38.6483144788363,78.7196865418042,0.303583398908884,1.0,2.0,2.3,1.0,,1.4,1.0,1.47644886150622,227.2,149.7,352.83,197.5,,555.5,264.0,545.118252184744,227.2,74.85,151.21,197.5,,404.0,264.0,408.381403106051,5.049,3.327,7.841,4.389,,12.344,5.867,12.1138558890014,-0.0034209185266155,0.0291139611420367,-0.037305711765031,-0.150854800289317,-0.0901876120701589,-0.126931601526683,0.10124695368577,,3.0,3.0,,,51.69,37.22,11.1,62.21,11.19,26.61,56.36,36.3,7.35,Vert foncé / Vert violacé,Jaunâtre,Jaunâtre,Verte,Entière,Sagittée allongée,Aigue,Souple,Peu nombreuses,0.0,Alternes à la base/opposées au-dessus,0.0,Vert,Absent,Absent,Vert,Absente,Vert,Absente,0,0.0,0.0,0.0,Vert pâle,Vert,Vert,Vert,Mâle,Absente,Absence,Autre,Autre,Autre,Autre,Autre,Autre,Autre,Autre,Autre,Faible,Faible,Base,Ronde,Nulle,Autre,Blanc,Uniforme,Présente,Grise,Violet,Granuleux,Moyen,Fine,Absent,Absent,-0.66470068693161,7555.0,134.141998291016,46.7708625793457,9.46004104614258,9.76269245147705,3.51406741142273,2.24243950843811,95.3712844848633,0.625587178843572,164.537307739258,0.894453323756058,1.64269829714557,12.11,45.9,0.02,6.0,0.6042780748663101,modeste & variabilité forte,66.93,0.3,5.41,7.53,Kabusa,High,Medium,White,Rounded,0.0,26.0,52.0,21.0,233.0,42.0
CIRAD154,CRB96,Kinabayo,Dioscorea alata,Porto Rico,2,F,2011.0,CRB,,75.0,96.0,0.3025,83.9239,49.0444444444445,39.713012,67.6737,38.0,157.2,25.4,30.3,60.0,166.0,24.6,100.0,148.0,,,79.0,,0.2536,88.3754,3.455,4.455,4.167,3.917,2.25,2.636,1.727,43.9833333333333,0.311916666666667,11.06,2.37,21.4285714285714,77.7102,70.1122,44.7166666666667,0.321833333333333,11.41,2.68,23.4881682734444,77.7102,70.1122,0.0,0.0,122.25,23.25,49.4,100.0,164.0,51.0,37.5,178.0,,4.35714285714286,3.8,0.3085,81.5745,0.0,21.0,0.0,,24.4743425693249,45.3329114386677,97.7862498048652,36.8290254542312,76.7745725640297,0.30162492534566,,125.234573812261,67.8246200285417,11.261099367757,2.42455614844132,81.251969581292,0.13953683593657,3.76692007711447,3.01205481842563,3.30949371331565,166.279391893111,66.0744781153615,77.4592823237645,0.288188950492302,1.7,1.5,1.0,1.0,1.0,1.0,1.0,1.19218113242915,1466.93,1177.25,166.5,942.33,2403.8,141.2,1462.86,1082.68520287972,880.16,784.83,166.5,942.33,2403.8,141.2,1462.86,927.434818762181,32.599,26.161,3.7,20.941,53.418,3.138,32.508,24.0598022505525,-0.0188510789742448,-0.139265016621266,-0.0097084592761584,0.0018095681715152,0.0147034730562149,0.0379254743897612,0.0691833115874973,3.0,3.0,3.0,4.05,3.0,60.22,17.29,22.49,58.9,22.92,18.18,61.76,19.68,18.56,Vert foncé / Vert violacé,Jaunâtre,Jaunâtre,Verte,Entière,Sagittée allongée,Aigue,Souple,Peu nombreuses,0.0,Alternes à la base/opposées au-dessus,0.0,Entièrement vert avec les deux extrémités violettes,Absent,Absent,Vert,Absente,Vert,Absente,0,0.0,0.0,0.0,Vert foncé / Vert violacé,Entièrement vert avec les deux extrémités violettes,Vert,Vert,Femelle,Absente,Présence,Ronde,Très petit (< 1 cm),,,Blanc,Lisse,Épaisse,Jaune,Jaune,Faible,Faible,Uniformément répartie,Ronde,Faible,Extrémité,Blanc,Uniforme,Absente,Autre,Violet clair,Granuleux,Moyen,Épaisse,Absent,Absent,-0.006495987996459,5398.5,97.8326110839844,42.7428359985351,15.1776847839355,15.6069955825806,4.72258234024048,3.43479514122009,89.5293426513672,0.770667606843621,135.272827148438,0.957435487991942,1.69913972831262,24.06,66.3,1.5,7.0,0.6283422459893049,modeste & variabilité forte,24.47,0.29,20.82,27.5,Kinabayo,High,High,White,Rounded,14.0,45.0,26.0,14.0,910.0,42.0
CIRAD155,CRB629,KL 21,Dioscorea alata,Guadeloupe,2,M,2011.0,CRB,,,,0.2882,82.4301,43.8333333333333,79.503776,40.0705,23.75,105.2,14.6,,,,31.1,100.0,184.0,160.0,165.0,79.0,,0.2582,82.2831,2.364,4.273,2.833,2.333,2.75,3.909,1.545,48.5333333333333,0.265166666666667,11.07,2.12,19.1508581752484,72.3948,50.4233,45.55,0.278625,10.32,2.32,22.4806201550388,72.3948,50.4233,0.0,0.0,127.0,18.0,36.0,100.0,175.0,48.3,37.5,185.0,163.0,3.42857142857143,2.67,0.3165,83.8734,35.0,34.5,0.0,0.0,24.3857087440183,45.3704687825665,,34.8791123657058,78.4616433216576,0.298346551184574,170.558247370291,109.941167771085,50.2296028195367,10.9964611029717,2.34191918716296,80.6300366739485,0.132343802300964,3.26921204313324,2.2941706546212,3.62890076478114,176.051904937,74.4716199279794,80.9860737784995,0.287774126534892,,2.5,1.3,1.5,1.0,1.0,1.0,1.48495064675284,,1252.12,268.0,931.23,1323.88,499.5,1327.0,962.000936831766,,500.85,201.0,637.16,1323.88,499.5,1327.0,761.140683785753,,27.825,5.956,20.694,29.419,11.1,29.489,21.3778051257199,-0.017757381528478,0.0291139611420367,0.0429945970680425,-0.023488312807188,-0.0228705381348946,0.0455790900087795,-0.0598457261954843,2.0,2.0,2.0,2.78,2.0,63.37,10.65,25.98,58.34,20.62,21.04,60.53,17.35,22.12,Vert foncé / Vert violacé,Jaunâtre,Jaunâtre,Verte,Entière,Sagittée allongée,Aigue,Souple,Peu nombreuses,0.0,Alternes à la base/opposées au-dessus,0.0,Entièrement vert avec base violette,Absent,Absent,Vert,Absente,Brun foncé,Absente,0,0.0,0.0,0.0,Vert pâle,Entièrement vert avec base violette,Vert,Vert,Mâle,Absente,Absence,Autre,Autre,Autre,Autre,Autre,Autre,Autre,Autre,Autre,Faible,Faible,Base,Cylindrique,Nulle,Autre,Blanc avec du violet,Non uniforme,Présente,Orangée,Violet clair,Granuleux,Moyen,Épaisse,Fort,Absent,2.07187557220459,21563.0,257.289581298828,36.6410522460938,11.9835958480835,12.5562562942505,3.68231058120728,3.35094118118286,80.8107452392578,0.604477669731154,109.191452026367,0.92335031897729,1.79187082572731,21.38,44.6,0.88,6.0,0.2794117647058823,modeste & variabilité faible,24.39,0.29,16.89,22.68,KL 21,Medium,Medium,White with purple,Cylindrical,6.0,55.0,24.0,15.0,696.0,62.0
CIRAD156,CRB519,Lac bleu 3,Dioscorea trifida,,5+,F,2011.0,CRB,,,,,,,,,,,,,,,,,,,,98.0,,,,,,,,1.667,1.364,1.182,,,,,,,,25.7,0.21325,4.42,0.94,21.2669683257919,31.9312,42.6309,,0.0,112.5,7.5,52.4,62.5,179.0,,,,,,,,,,,,0.0,27.8326562046874,37.9035682574285,,39.3564481718693,86.7664910943065,0.297128880621302,,105.687976920319,51.7673338654874,9.29000089230123,2.16249148249959,,0.183023258668045,,1.98415486030737,2.30874771583638,171.633848649074,45.2886419144035,76.5705590840806,,,,,1.0,,,,2.44771515231626,,,,120.67,,,,893.382617993187,,,,120.67,,,,778.640161973197,,,,2.681,,,,19.8527438119625,0.0158012872961343,0.0291139611420367,-0.0087555106191222,-0.0610931357951145,-0.0104860325519318,-0.0344569512684146,0.0420437676012133,,,,,,,,,48.01,21.6,30.39,59.27,29.99,10.73,Vert foncé / Vert violacé,Vert,Vert,Verte,Entière,99,Aigue,Coriace,Peu nombreuses,0.0,Alternes,0.0,9,Absent,Absent,Vert brunâtre,Absente,Vert brunâtre,Absente,0,0.0,0.0,0.0,Vert pâle,Vert brunâtre,Vert,Vert,Femelle,Présente,Absence,Autre,Autre,Autre,Autre,Autre,Autre,Autre,Autre,Autre,,,,,,,,,,,,,,,,Absent,,,,,,,,,,,,,,19.85,,,1.0,,données insuffisantes,27.83,,,2.68,Lac bleu 3,na,na,na,na,0.0,0.0,33.0,67.0,121.0,3.0
CIRAD157,CRB767,Manlankon,Dioscorea alata,Vanuatu,2,,2011.0,CIRAD,,87.0,90.0,0.3243,75.7217,39.6333333333333,53.669774,,33.25,110.6,20.6,15.4,100.0,161.0,17.1,100.0,174.0,157.0,154.0,67.0,115.0,0.2686,81.8594,2.818,3.455,4.167,3.417,4.0,4.273,3.727,36.4,0.247916666666667,10.93,1.71,15.6450137236963,62.9544,62.3295,35.0166666666667,0.237333333333333,7.99,1.68,21.026282853567,62.9544,62.3295,0.0,0.0,93.8,19.8,22.4,87.5,191.0,18.0,100.0,170.0,176.0,3.21428571428571,3.64,0.276,81.5813,0.0,0.0,0.0,1.0,21.4312479004643,39.5115231343526,98.2504436141898,20.2549741348369,76.7745725640297,0.296213102506331,170.273813003484,100.943142629398,62.7534777546449,10.3912235899906,2.19967523742152,79.5214687920099,0.311759951324705,3.51552064083149,3.34422497709204,3.49598527315389,173.437017769664,61.5951796992763,92.5841329402403,0.289238211090457,1.2,1.1,2.3,1.2,1.0,1.4,1.1,1.25394850379248,1011.74,1672.55,366.33,3405.33,1241.0,1496.88,2123.38,1550.02364049797,843.12,1486.71,157.0,2918.86,1241.0,1088.64,1887.44,1329.30790674207,22.483,37.168,8.141,75.674,27.578,33.264,47.186,34.4450187059927,-0.0203950122085168,-0.202074196524327,0.0292556860646557,-0.0298830560838299,0.0063887949526211,0.0449105858335691,-0.0041547370606658,3.0,2.0,3.0,3.62,3.0,67.3,0.0,32.7,55.75,16.59,27.67,61.06,18.9,20.05,Vert foncé / Vert violacé,Jaunâtre,Jaunâtre,Verte,Entière,Sagittée allongée,Aigue,Souple,Peu nombreuses,0.0,Alternes à la base/opposées au-dessus,0.0,Entièrement vert avec les deux extrémités violettes,Absent,Absent,Vert,Absente,Vert,Absente,0,0.0,0.0,0.0,Vert foncé / Vert violacé,Entièrement vert avec les deux extrémités violettes,Vert,Violet,Mâle,Présente,Présence,Irrégulière,Petit (1-2 cm),Faible,Nul,Jaune,Rugueuse,Épaisse,Blanc,Blanc,Faible,Faible,Base,Ronde,Nulle,Autre,Blanc,Uniforme,Absente,Autre,Violet clair,Granuleux,Moyen,Épaisse,Absent,Absent,-1.25282716751099,5553.5,112.470726013184,45.9798049926758,14.2407112121582,14.508846282959,2.6327850818634,2.39848256111145,94.8197479248047,0.693695018056688,184.210021972656,0.943830727235923,1.62260251156617,34.45,55.0,0.73,7.0,0.4411764705882353,performante & variabilité moyenne,21.43,0.29,22.6,45.93,Manlankon,Medium,Medium,White,Rounded,19.0,53.0,21.0,6.0,1250.0,62.0
CIRAD158,CRB73,MP1 16H56,Dioscorea alata,Guadeloupe,2,M,2011.0,CRB,195.0,,,0.2286,73.9386,56.9111111111111,79.853714,64.4585,33.25,103.0,15.6,29.1,60.0,181.0,40.6,87.5,174.0,176.0,,,,0.2567,66.448,2.0,3.727,2.833,1.75,2.25,3.455,1.727,47.9,0.291666666666667,16.56,3.56,21.4975845410628,104.6719,64.6143,45.3,0.288083333333333,12.24,2.73,22.3039215686275,104.6719,64.6143,0.0,0.0,86.8,12.8,40.0,100.0,185.0,51.0,87.5,177.0,176.0,3.42857142857143,3.48,0.3165,81.9241,0.0,62.0,0.0,,28.7583107924782,48.0297710360465,,37.9151890115701,,0.299656989767722,177.586170232146,96.2175610801672,64.0915794714111,12.8121736419151,2.59253947956454,77.5392046872513,0.13953683593657,3.26921204313324,2.39555691946789,3.33613536472111,177.194771354855,93.1619465350949,83.7613034139628,0.272864865477384,1.1,1.0,1.0,2.0,1.1,1.6,1.0,1.28240883773504,252.54,657.0,270.45,922.75,1180.5,521.5,2357.57,891.011808033806,213.365,657.0,270.45,461.38,1049.33,320.92,2357.57,756.208258267537,5.612,14.6,6.01,20.506,26.233,11.589,52.39,19.8002335959452,-0.0233817040460336,-0.136360442393107,0.0157516704037766,0.070784253865689,-0.0097679395069908,0.001990057210499,-0.0161694934783355,2.0,2.0,2.0,2.39,1.0,65.86,16.36,17.78,59.78,16.94,23.28,63.05,12.79,24.16,Vert foncé / Vert violacé,Jaunâtre,Jaunâtre,Verte,Entière,Sagittée allongée,Aigue,Souple,Peu nombreuses,0.0,Alternes à la base/opposées au-dessus,0.0,Entièrement vert avec base violette,Absent,Absent,Vert,Absente,Vert,Absente,0,0.0,0.0,0.0,Vert foncé / Vert violacé,Entièrement vert avec base violette,Vert,Vert,Mâle,Absente,Présence,Ronde,Petit (1-2 cm),,,Jaune,Rugueuse,Épaisse,Violet,Violet,Faible,Moyenne,Uniformément répartie,Ronde,Faible,Extrémité,Violet clair,Non uniforme,Absente,Autre,Violet clair,Lisse,Moyen,Épaisse,Absent,Absent,2.3112313747406,12029.0,145.279479980469,36.723949432373,15.1282138824463,15.7434377670288,4.87629127502441,3.67808437347412,81.1364212036133,0.83243633189304,123.683013916016,0.983042536592731,1.72122222688229,19.8,77.0,1.5,7.0,0.6898395721925134,modeste & variabilité forte,28.76,0.27,8.74,27.68,MP1 16H56,Medium,Medium,Light purple,Rounded,7.0,51.0,38.0,4.0,678.0,71.0
CIRAD159,Roujol29,"Noulelcae, CT198",Dioscorea alata,Vanuatu,4,F,2011.0,CIRAD,,86.0,90.0,0.3493,76.706,47.8,58.361207,67.0333,28.5,136.0,22.6,,,,19.8,100.0,160.0,,161.0,53.0,101.0,0.3026,75.8642,2.727,4.182,3.667,1.75,3.583,4.273,4.182,50.6333333333333,0.295,15.15,2.93,19.3399339933993,78.6171,84.7017,46.7666666666667,0.29975,16.3,2.83,17.361963190184,78.6171,84.7017,0.0,0.0,130.0,23.4,24.1,100.0,175.0,52.9,87.5,180.0,,2.78571428571429,3.16,0.3079,74.463,7.0,62.0,2.0,,28.1969632322029,46.9587809713193,96.683815366933,30.1958930468847,72.2122795372758,0.300203638539372,169.887815649313,120.881212727524,75.3213304109026,13.4615175323604,2.5207401525522,78.0947119793775,0.576825843782112,3.31125859885156,2.92479817973117,3.70882571899753,169.73168126377,71.9668816102382,91.0861208174733,0.311419092107272,,1.3,1.1,1.4,1.0,1.0,1.1,1.14210818850346,,1376.33,708.67,2163.88,2041.71,804.8,1875.12,1410.55412614151,,1032.25,637.8,1573.73,2041.71,804.8,1666.78,1220.96308760745,,30.585,15.748,48.086,45.371,17.884,41.669,31.3454176501752,0.0038693069737022,-0.136069397832053,0.174027889762154,0.0761047231718384,0.0237668077690158,0.0403005685054016,-0.0636090523449266,3.0,2.0,2.0,2.74,2.0,69.56,11.95,18.49,74.86,3.87,21.27,68.71,9.79,21.5,Vert foncé / Vert violacé,Jaunâtre,Jaunâtre,Verte,Entière,Sagittée élargie,Aigue,Souple,Nombreuses,0.0,Alternes à la base/opposées au-dessus,0.0,Vert,Absent,Absent,Vert violacé,Absente,Vert violacé,Absente,0,0.0,0.0,0.0,Vert foncé / Vert violacé,Entièrement vert avec les deux extrémités violettes,Vert,Vert,Femelle,Absente,Présence,Ronde,Petit (1-2 cm),,,Jaune,Rugueuse,Épaisse,Violet avec du blanc,Violet,Faible,Moyenne,Uniformément répartie,Ronde,Nulle,Autre,intérieur violet/exterieur jaune,Non uniforme,Présente,Orangée,Violet clair,Granuleux,Moyen,Épaisse,Absent,Absent,6.70028734207153,12047.0,233.426834106445,263.652557373047,-1.30186653137207,7.93016624450684,4.2949047088623,2.49757504463196,238.302581787109,0.46699377088515,130.346008300781,0.941613256140252,1.73754046519956,31.35,38.6,1.0,6.0,0.1483957219251337,performante & variabilité faible,28.2,0.31,23.17,38.25,"Noulelcae, CT198",Medium,Medium,Purple interior / yellow exterior,Rounded,16.0,82.0,2.0,0.0,1305.0,50.0
CIRAD160,CRB768,"Nureangdan, CT202",Dioscorea alata,Vanuatu,3,,2011.0,CIRAD,,100.0,105.0,0.304,80.2361,34.9555555555555,72.035488,,19.0,83.8,15.6,,,,29.0,75.0,160.0,,,,,0.2682,80.1132,2.091,2.818,4.167,1.917,,,,40.45,0.330333333333333,9.86,1.52,15.4158215010142,54.1172,40.5811,,,,,,,,0.0,,,,,,,,,,149.0,2.35714285714286,4.16,0.3185,81.8307,14.0,41.0,0.0,0.0,27.363062836824,39.9849811100376,98.9202667477914,29.7201779444504,85.8178656609922,0.30155715883416,160.829598260504,91.1189231777322,50.6162100606093,10.5909485512836,2.24929308733221,79.8764288353598,0.132343802300964,3.32697106361925,2.84659828208271,2.91064260576882,169.936914807248,64.7195686412718,80.8071693712878,0.294557718309011,,1.0,,,1.2,,1.0,1.13474103979754,,325.36,,,3478.6,,2076.2,1502.80017513682,,325.36,,,2898.83,,2076.2,1341.04464699353,,7.23,,,77.302,,46.138,33.395513498725,-0.0107934572788013,0.0291139611420367,-0.0473383100818465,-0.044169367490504,0.0871067559401777,-0.0553057430984546,-0.0030301382567917,3.0,2.0,2.0,2.73,2.0,66.42,0.0,33.58,,,,60.94,18.61,20.45,Vert foncé / Vert violacé,Jaunâtre,Jaunâtre,Verte,Entière,Sagittée allongée,Aigue,Souple,Peu nombreuses,0.0,Alternes à la base/opposées au-dessus,0.0,Vert,Absent,Absent,Vert,Absente,Vert,Absente,0,0.0,0.0,0.0,Vert pâle,Vert,Vert,Vert,Mâle,Présente,Absence,Autre,Autre,Autre,Autre,Autre,Autre,Autre,Autre,Autre,Faible,Faible,Uniformément répartie,Ovale,Nulle,Autre,Blanc jaunâtre ou blanc cassé,Uniforme,Absente,Autre,Blanc,Granuleux,Moyen,Épaisse,Absent,Absent,-1.94406831264496,9329.5,153.235488891602,47.8322067260742,15.4495143890381,15.6257381439209,2.25034523010254,1.35829782485962,96.8531036376953,0.76694505577027,155.405654907227,0.982776782789131,1.71233070823999,33.4,65.8,4.54,3.0,0.8877005347593583,performante & variabilité forte,27.36,0.29,7.23,61.72,"Nureangdan, CT202",Medium,High,Yellowish white or off-white,Oval,28.0,33.0,17.0,22.0,1670.0,18.0
CIRAD161,CRB93,Oriental,Dioscorea alata,Barbade,2,,2011.0,CRB,,59.0,66.0,0.2819,87.4122,46.4222222222222,55.183553,41.5898,14.25,59.0,17.0,25.5,80.0,169.0,32.0,62.5,179.0,,,34.0,115.0,0.238,81.0915,1.545,2.545,4.333,2.75,2.25,2.091,1.545,46.35,0.31375,8.34,1.72,20.6235011990408,46.433,40.8045,52.3166666666667,0.323916666666667,9.01,2.29,25.4162042175361,46.433,40.8045,0.0,0.0,77.4,22.4,34.4,100.0,180.0,26.2,100.0,182.0,176.0,4.27272727272727,4.0,0.2426,80.9166,0.0,41.0,0.0,0.0,24.0311734427918,46.9345504268684,95.564795190321,29.3465653925629,58.2212475885638,0.301767661413813,178.642567308573,78.9335847288696,45.5752412332016,10.0065179643306,2.28366690298313,80.7281047373568,0.132343802300964,3.78486656869095,2.72723130177808,2.59075465616828,175.942186826459,52.5158248499353,85.0217076320024,0.263275111638431,1.6,3.2,1.3,1.6,1.2,1.1,1.0,1.55687319198984,1069.32,1459.52,691.83,381.88,1619.75,372.75,2980.0,1202.08378601015,668.32,449.08,518.88,235.0,1295.8,331.33,2980.0,938.332364854421,23.763,32.434,15.374,8.486,35.994,8.283,66.222,26.7128905939487,-0.019600730654892,0.0291139611420367,-0.0424460610243452,-0.0806484515825172,0.0134757758404194,-0.0088575525805953,0.0816860850593097,3.0,3.0,3.0,3.14,2.0,59.58,19.18,21.24,56.06,35.2,8.74,59.92,26.37,13.7,Vert foncé / Vert violacé,Vert,Vert,Verte,Entière,Cordée allongée,Aigue,Souple,Peu nombreuses,0.0,Alternes à la base/opposées au-dessus,0.0,Entièrement vert avec base violette,Absent,Absent,Vert,Absente,Vert,Absente,0,0.0,0.0,0.0,Vert pâle,Entièrement vert avec base violette,Vert,Vert,Mâle,Présente,Absence,Autre,Autre,Autre,Autre,Autre,Autre,Autre,Autre,Autre,Faible,Faible,Base,Ronde,Faible,Extrémité,Blanc jaunâtre ou blanc cassé,Uniforme,Absente,Autre,Violet clair,Lisse,Moyen,Moyenne,Absent,Absent,-2.22052335739136,22180.5,200.93327331543,49.0816268920898,14.1464109420776,14.4506731033325,2.69837594032288,1.88592338562012,97.6310195922852,0.648267009225562,134.70329284668,0.90486486482795,1.75457159381092,26.71,69.2,1.56,7.0,0.6804812834224598,performante & variabilité forte,24.03,0.26,23.86,29.75,Oriental,High,High,Yellowish white or off-white,Rounded,8.0,46.0,37.0,9.0,712.0,65.0
CIRAD162,CRB403,Pacala,Dioscorea alata,Guadeloupe,2,,2011.0,CRB,,86.0,90.0,0.336,83.1505,59.2333333333333,81.508349,43.763,38.0,76.6,20.0,27.4,100.0,176.0,24.4,100.0,169.0,,,98.0,115.0,0.2738,84.8616,2.273,2.455,3.667,2.583,3.0,2.818,1.273,44.8833333333333,0.255333333333333,13.71,3.09,22.5382932166302,80.8072,61.202,43.3166666666667,0.25625,12.46,2.65,21.2680577849117,80.8072,61.202,0.0,0.0,82.0,21.6,31.0,100.0,175.0,28.8,62.5,170.0,,3.72727272727273,3.36,0.2934,85.5396,14.0,41.0,0.0,0.0,26.8379112441681,47.4458149147812,98.2504436141898,28.039146295766,85.8991586175375,0.297172774794338,,86.119058043454,56.8624154832123,12.1677304600769,2.51803074398569,81.2140809844061,0.132343802300964,3.51837745260743,2.45975995759819,2.77724621600652,172.363373888182,79.8938802340512,88.3827855467748,0.297607894466439,1.0,1.0,1.0,1.2,1.2,1.0,1.1,1.10330956473911,370.78,640.61,569.17,414.12,1575.75,431.86,1842.0,935.98512926705,370.78,640.61,569.17,331.3,1260.6,431.86,1637.33,819.483557327746,8.239,14.236,12.648,9.203,35.017,9.597,40.933,20.7996457346633,-0.0038455683334175,0.0291139611420367,-0.030862664816089,0.0230986668090136,-0.0190163418052988,-0.0398099477896382,0.0974231739828548,3.0,3.0,3.0,2.87,2.0,63.1,21.21,15.69,62.45,17.05,20.5,62.67,15.33,22.0,Vert foncé / Vert violacé,Jaunâtre,Jaunâtre,Verte,Entière,Sagittée allongée,Aigue,Souple,Nombreuses,0.0,Alternes à la base/opposées au-dessus,0.0,Vert,Absent,Absent,Vert violacé,Absente,Vert violacé,Absente,0,0.0,0.0,0.0,Vert pâle,Vert,Vert,Vert,,Présente,Absence,Autre,Autre,Autre,Autre,Autre,Autre,Autre,Autre,Autre,Faible,Faible,Base,Ovale,Nulle,Autre,Blanc,Uniforme,Absente,Autre,Blanc,Lisse,Abondant,Moyenne,Absent,Absent,-1.54891932010651,10218.5,154.141357421875,48.5275382995605,13.7850332260132,14.0300159454346,3.82993578910828,2.02502655982971,97.5874938964844,0.721238004226938,150.22216796875,0.954598533237928,1.69326152744449,20.8,67.5,1.34,7.0,0.5802139037433155,modeste & variabilité forte,26.84,0.3,11.71,23.69,Pacala,High,Medium,White,Oval,11.0,60.0,21.0,8.0,812.0,53.0
CIRAD163,CRB16,Pakutrany,Dioscorea alata,Nouvelle Calédonie,3,,2011.0,CRB,185.0,93.0,102.0,0.306,79.5427,47.7,48.504184,63.6283,33.25,70.2,13.2,25.6,100.0,145.0,26.5,75.0,143.0,,,91.0,115.0,0.2963,78.1479,3.182,2.182,4.333,2.25,3.0,2.545,1.4,37.8,0.269916666666667,8.21,1.88,22.8989037758831,54.6214,43.3222,30.9333333333333,0.268083333333333,10.46,2.07,19.7896749521989,54.6214,43.3222,0.0,119.0,93.2,16.6,23.8,75.0,170.0,37.9,87.5,170.0,,3.63636363636364,2.56,0.3502,76.5915,0.0,34.5,0.0,0.0,39.5716374798857,40.685493012996,99.5932678261242,28.4816573746819,85.8991586175375,0.298135484019965,163.098050664444,87.672673895256,52.6871944201483,10.3299647324014,2.27553867728362,78.9473994986773,0.132343802300964,3.64488279166974,2.21038445042027,2.61739630757374,161.269053779523,55.3083764225325,84.1814381533093,0.309637789231334,2.2,2.1,2.7,1.4,1.4,1.0,1.7,1.86337473405655,163.5,536.69,505.33,630.62,1619.12,230.67,942.83,782.405240275495,72.67,250.45,189.5,458.64,1177.55,230.67,565.7,537.000030321744,3.633,11.926,11.23,14.014,35.981,5.126,20.952,17.3868566299764,-0.0022777817832835,0.0291139611420367,-0.0131389071453127,-0.0713363564033757,-0.0598993996003844,-0.0761058027552054,0.0324264014920303,3.0,3.0,3.0,2.9,2.0,55.28,24.07,20.65,64.45,15.44,20.12,61.03,23.25,15.73,Vert foncé / Vert violacé,Vert,Jaunâtre,Verte,Entière,Sagittée élargie,Aigue,Souple,Peu nombreuses,0.0,Alternes,0.0,Entièrement vert avec les deux extrémités violettes,Absent,Absent,Vert,Absente,Vert,Absente,0,0.0,0.0,0.0,Vert pâle,Entièrement vert avec les deux extrémités violettes,Vert,Vert,,Présente,Absence,Autre,Autre,Autre,Autre,Autre,Autre,Autre,Autre,Autre,Faible,Faible,Uniformément répartie,Allongée,Nulle,Autre,Violet avec du blanc,Non uniforme,Absente,Autre,Violet clair,Lisse,Abondant,Moyenne,Absent,Absent,0.902034640312195,14002.5,345.076324462891,36.5229835510254,8.97588539123535,9.40690040588379,2.83736872673035,2.21171522140503,80.4236145019531,0.32329593258169,170.610397338867,0.864538634836876,1.66578234658497,17.39,69.3,0.98,7.0,0.427807486631016,modeste & variabilité moyenne,39.57,0.31,8.93,19.02,Pakutrany,Medium,Medium,Purple with white,Oval-oblong,4.0,32.0,49.0,15.0,416.0,78.0
CIRAD164,Roujol19,"Peter, CT177",Dioscorea alata,Vanuatu,2,M,2011.0,CIRAD,,85.0,89.0,,,45.3555555555555,48.893027,45.8291,4.75,108.0,27.0,15.7,60.0,140.0,19.0,100.0,174.0,,,91.0,,0.317,85.3099,1.909,3.818,3.667,2.667,3.333,2.636,2.0,36.4166666666667,0.25575,6.95,1.33,19.136690647482,47.5197,54.8678,37.6833333333333,0.245083333333333,5.72,1.31,22.9020979020979,47.5197,54.8678,0.0,0.0,97.25,16.75,21.7,87.5,191.0,26.3,87.5,183.0,,3.90909090909091,2.96,0.363,85.8857,14.0,0.0,0.0,0.0,18.0631625388128,41.3445638220589,96.9042366270337,22.2261598500076,83.4659356699354,0.296781009841323,,101.218262103155,54.0773323856916,8.85975215026109,2.09807241617764,80.8277547995193,0.132343802300964,3.55837281747063,2.5616419988011,3.12300215347741,172.005492594354,51.3302235617301,83.7613034139628,0.327501099337872,1.0,1.9,2.0,1.0,1.0,1.0,1.0,1.36597007200157,242.25,1341.7,633.0,362.0,2013.63,971.43,632.0,924.954001657266,242.25,715.57,316.5,362.0,2013.63,971.43,632.0,765.208241528197,5.383,29.816,14.067,8.044,44.747,21.587,14.044,20.554414781124,0.0005523187284188,0.0291139611420367,-0.018195598306282,-0.101757035124521,-0.0338369588499224,0.0152679771073194,0.0521607197282928,3.0,3.0,3.0,3.09,2.0,57.01,11.94,31.05,49.4,23.19,27.41,56.52,28.08,15.41,Vert foncé / Vert violacé,Jaunâtre,Jaunâtre,Verte,Entière,Sagittée allongée,Aigue,Souple,Peu nombreuses,0.0,Alternes à la base/opposées au-dessus,0.0,Entièrement vert avec base violette,Absent,Absent,Vert,Absente,Vert,Absente,0,0.0,0.0,0.0,Vert foncé / Vert violacé,Vert,Vert,Vert,Mâle,Absente,Absence,Autre,Autre,Autre,Autre,Autre,Autre,Autre,Autre,Autre,Faible,Faible,Base,Ronde,Nulle,Autre,Blanc jaunâtre ou blanc cassé,Uniforme,Absente,Autre,Blanc,Granuleux,Moyen,Épaisse,Absent,Absent,-2.19445109367371,6623.0,94.6237411499023,60.2435913085938,8.59628486633301,9.19524097442627,4.5284538269043,2.12296509742737,106.938674926758,0.826329888778264,155.592758178711,0.967073081555512,1.73301532289816,20.55,64.8,0.96,7.0,0.4037433155080214,modeste & variabilité faible,18.06,0.33,16.42,22.11,"Peter, CT177",High,Medium,Yellowish white or off-white,Rounded,8.0,68.0,20.0,3.0,743.0,59.0
CIRAD165,CRB47,Plimbite,Dioscorea alata,Haïti,2,M,2011.0,CRB,,77.0,90.0,0.276,85.5501,51.4222222222222,82.47673,54.4714,23.75,27.0,9.0,26.0,60.0,150.0,31.0,25.0,178.0,,,94.0,,0.2403,80.8066,3.091,1.364,2.833,1.5,3.167,3.364,2.727,47.95,0.322833333333333,18.64,4.3,23.068669527897,93.4644,61.8832,40.5333333333333,0.300833333333333,14.62,2.81,19.2202462380301,93.4644,61.8832,0.0,0.0,98.0,15.5,33.7,87.5,165.0,37.0,75.0,180.0,,,,,,,,,0.0,22.1245215449429,45.8041955282366,97.0302385095811,31.2775228278321,81.9451713276841,0.301257455893607,,75.2437470808398,60.0332539855706,13.9050316613061,2.70362523079119,80.3512714051779,0.183023258668045,3.20066361666513,2.41411425466446,2.6176890729738,169.321382890646,87.4624848896324,69.0565875368335,0.262134160761741,1.0,1.3,2.0,1.1,,1.0,,1.22934843983194,447.5,425.67,774.0,1039.12,,640.75,,880.050934072519,447.5,319.25,387.0,923.67,,640.75,,739.151716818437,9.944,9.459,17.2,23.092,,14.239,,19.5566641953515,0.0138279825698315,0.0291139611420367,-0.0496694778123008,0.092245607383772,-0.0197682105204073,-0.0722993388521527,0.0433574722926244,2.0,,2.0,1.95,1.0,67.76,22.68,9.56,66.84,10.06,23.1,66.13,11.11,22.76,Vert foncé / Vert violacé,Jaunâtre,Jaunâtre,Verte,Entière,Sagittée allongée,Aigue,Souple,Peu nombreuses,0.0,Alternes à la base/opposées au-dessus,0.0,Vert,Absent,Absent,Vert,Présente,Vert,Absente,0,0.0,0.0,0.0,Vert pâle,Vert,Vert,Vert,Mâle,Absente,Absence,Autre,Autre,Autre,Autre,Autre,Autre,Autre,Autre,Autre,Faible,Moyenne,Base,Allongée,Nulle,Autre,Blanc,Uniforme,Absente,Autre,Blanc,Granuleux,Abondant,Épaisse,Absent,Absent,-1.73724985122681,12905.0,214.570297241211,47.4163970947266,15.4157524108887,15.5842342376709,1.91529071331024,1.47850108146667,96.3701553344727,0.597393093141062,141.091354370117,0.952328241387918,1.66987464136845,19.56,34.1,-0.17,5.0,0.5213903743315508,modeste & variabilité moyenne,22.12,0.26,12.2,18.67,Plimbite,na,na,White,Oval-oblong,4.0,70.0,15.0,11.0,636.0,27.0
CIRAD166,Roujol1,"Ptris, CT133",Dioscorea alata,Vanuatu,2,M,2011.0,CIRAD,195.0,89.0,91.0,0.2703,73.92,38.3888888888889,60.857497,59.1711,14.25,73.0,16.4,18.2,100.0,157.0,25.0,62.5,148.0,162.0,,62.0,,0.2696,79.2389,2.455,2.455,3.833,1.75,3.333,2.727,3.455,39.9,0.244666666666667,8.59,1.73,20.139697322468,63.0809,61.809,37.3,0.212833333333333,5.8,1.28,22.0689655172414,63.0809,61.809,0.0,0.0,107.0,23.5,27.3,87.5,175.0,26.1,100.0,178.0,,3.45454545454546,3.44,0.2719,78.0029,0.0,34.5,0.0,0.0,23.2630136234678,40.5013408751696,97.1562403921284,25.0220253031578,75.8621139586789,0.29520180227878,169.531599917486,93.0455953827381,61.2288199195421,9.28121309047465,2.14819647465795,78.5803588626537,0.132343802300964,3.49490017343273,2.81399216411633,2.75060456460105,166.637273186938,63.7378711724005,86.2821118500421,0.275305006403327,1.4,1.4,2.5,,1.0,1.0,1.0,1.38590869850849,842.44,698.34,1871.17,,1226.0,1064.88,1481.5,1170.29875469425,601.74,498.81,748.47,,1226.0,1064.88,1481.5,926.173452358121,18.721,15.519,41.581,,27.244,23.664,32.922,26.0065369834727,-0.0227218630132398,0.0291139611420367,0.133615085911205,-0.0641742483968675,-0.0205232179488024,-0.0439924718473471,-0.0465904257853854,3.0,2.0,3.0,2.52,2.0,58.03,14.14,27.84,49.67,17.75,32.58,56.48,23.39,20.13,Vert pâle,Jaunâtre,Jaunâtre,Verte,Entière,Sagittée allongée,Aigue,Souple,Peu nombreuses,0.0,Alternes à la base/opposées au-dessus,0.0,Entièrement vert avec les deux extrémités violettes,Absent,Absent,Vert,Absente,Vert,Absente,0,0.0,0.0,0.0,Violet,Entièrement vert violacé avec les deux extrémités violettes,Violet,Violet,Mâle,Absente,Absence,Autre,Autre,Autre,Autre,Autre,Autre,Autre,Autre,Autre,Faible,Faible,Base,Fusiforme,Forte,Base,Blanc avec du violet,Uniforme,Absente,Autre,Blanc,Granuleux,Moyen,Épaisse,Absent,Absent,-1.38815307617188,22914.0,187.172180175781,48.4532737731934,11.8267107009888,12.0923757553101,3.08151340484619,2.08903169631958,97.3162384033203,0.698769672703071,135.684692382812,0.932202355487797,1.80131362213786,26.01,32.8,-0.15,6.0,0.5026737967914439,performante & variabilité moyenne,23.26,0.28,25.27,27.94,"Ptris, CT133",Medium,Medium,White with purple,Irregular,8.0,72.0,19.0,2.0,927.0,53.0
CIRAD167,CRB51,Pyramide,Dioscorea alata,Porto Rico,2,M,2011.0,CRB,195.0,86.0,104.0,0.2936,84.7186,52.0666666666667,61.98422,,23.75,65.2,13.8,35.0,40.0,176.0,46.0,75.0,179.0,160.0,162.0,79.0,,0.2905,84.841,1.545,3.273,2.5,2.25,2.417,2.182,2.727,48.5666666666667,0.280083333333333,15.72,3.16,20.1017811704835,89.1142,58.3362,44.9166666666667,0.278,9.74,2.19,22.4845995893224,89.1142,58.3362,0.0,0.0,73.8,13.4,34.2,75.0,178.0,39.4,87.5,188.0,169.0,2.90909090909091,3.72,0.3336,89.8168,7.0,21.0,0.0,0.0,22.7902998884991,47.0351071863395,98.7942648652441,36.6882264745761,80.1202541169826,0.298867385986451,171.162711875137,79.7751266485957,59.9080476042285,11.9937553045236,2.46519727693887,81.899239973172,0.132343802300964,3.08168806134856,2.82688234937801,2.83052951881744,177.910533942511,79.0558556772989,74.0982044089921,0.301146098809055,1.2,1.5,1.7,1.0,1.5,1.4,1.0,1.35836609977017,1005.9,1235.75,1243.67,461.67,2606.65,1257.38,2172.38,1336.25911145776,804.72,823.83,746.2,461.67,1737.77,914.45,2172.38,1024.28161777972,22.353,27.461,27.637,10.259,57.926,27.942,48.275,29.6946139490786,-0.007986837344695,0.0291139611420367,0.0169257923537647,0.0359819188205872,0.0576825704661818,0.0062068635054166,0.0387222956041985,2.0,2.0,1.0,2.43,1.0,67.83,13.63,18.54,56.51,17.9,25.59,62.61,14.94,22.45,Vert foncé / Vert violacé,Jaunâtre,Jaunâtre,Verte,Entière,Sagittée allongée,Aigue,Souple,Peu nombreuses,0.0,Alternes,0.0,Entièrement vert avec les deux extrémités violettes,Absent,Absent,Vert,Absente,Vert,Absente,0,0.0,0.0,0.0,Vert foncé / Vert violacé,Entièrement vert avec base violette,Vert,Vert,Mâle,Absente,Absence,Autre,Autre,Autre,Autre,Autre,Autre,Autre,Autre,Autre,Faible,Moyenne,Uniformément répartie,Ronde,Nulle,Autre,Extérieur violet/intérieur jaunâtre,Non uniforme,Absente,Autre,Blanc,Granuleux,Moyen,Épaisse,Absent,Absent,2.06482911109924,16093.0,167.951995849609,36.3664741516113,13.9436082839966,14.2547922134399,2.99440217018127,2.25329995155334,82.0981521606445,0.740019383730331,130.630294799805,0.938832657530623,1.76102582273234,29.69,47.1,1.52,7.0,0.4919786096256684,performante & variabilité moyenne,22.79,0.3,25.82,36.1,Pyramide,Medium,High,Purple exterior / yellowish interior,Rounded,14.0,58.0,27.0,2.0,1132.0,64.0
CIRAD168,Roujol68,Roujol - H4x242,Dioscorea alata,Guadeloupe,4,M,2011.0,CIRAD,,65.0,81.0,0.3315,82.8164,50.5222222222222,,,9.5,94.0,14.8,40.2,100.0,158.0,34.4,100.0,184.0,163.0,169.0,62.0,,0.3379,76.2831,3.545,3.273,4.0,3.083,2.667,3.636,2.091,51.9333333333333,0.318666666666667,12.14,2.12,17.4629324546952,64.0416,54.8039,54.2666666666667,0.314,13.8,3.61,26.1594202898551,64.0416,54.8039,0.0,0.0,90.2,13.6,32.0,75.0,185.0,40.0,87.5,180.0,176.0,3.36363636363636,4.0,0.3641,86.2017,0.0,21.0,2.0,0.0,21.1062572076734,49.4714884308717,95.8962215666549,35.0790952785184,68.5624451158726,0.301585445156597,176.246934706431,94.4050092530648,57.3911034927629,12.1113723110949,2.51667603970244,80.2435753383104,0.491176100348446,3.51163823362798,2.94512501033612,3.25621041050473,175.405364885717,65.9219703823837,88.3827855467748,0.329402930731466,1.0,1.0,,1.0,1.0,1.0,1.05,1.06427968983679,1604.12,1277.71,,1117.0,2563.11,1107.83,1623.375,1375.61581451631,1604.12,1277.71,,1117.0,2563.11,1107.83,1491.335,1306.41951128081,35.647,28.394,,24.822,56.958,24.619,36.075,30.5693153641479,0.0083426140028262,0.0291139611420367,-0.0400060638871291,0.0076090674963756,0.0431648913956196,0.0445774212195952,0.0426387980905688,3.0,2.0,3.0,3.41,3.0,69.88,4.54,25.58,61.89,34.9,3.21,64.35,17.76,17.89,Vert foncé / Vert violacé,Jaunâtre,Jaunâtre,Verte,Entière,Sagittée élargie,Aigue,Souple,Peu nombreuses,0.0,Alternes à la base/opposées au-dessus,0.0,Vert,Absent,Absent,Vert,Absente,Vert,Absente,0,0.0,0.0,0.0,Vert pâle,Vert,Vert,Vert,Mâle,Absente,Absence,Autre,Autre,Autre,Autre,Autre,Autre,Autre,Autre,Autre,Faible,Faible,Base,Cylindrique,Faible,Extrémité,Blanc,Uniforme,Absente,Autre,Violet,Granuleux,Abondant,Épaisse,Absent,Absent,-1.78359222412109,16674.0,190.765914916992,50.3193778991699,14.3325452804565,14.7309446334839,4.97215223312378,2.41941571235657,94.1819915771484,0.762896867697976,145.888931274414,0.964093668634629,1.76246306940503,30.57,32.2,1.3,6.0,0.2286096256684492,performante & variabilité faible,21.11,0.33,32.02,35.62,Roujol - H4x242,Medium,High,White,Cylindrical,34.0,55.0,9.0,2.0,1561.0,47.0
CIRAD169,CRB65,Sea 190,Dioscorea alata,Porto Rico,2,M,2011.0,CRB,,,,0.4201,84.7112,43.6333333333333,46.75889,59.353,23.75,,,53.0,20.0,150.0,34.0,12.5,,,,62.0,,0.2842,84.9045,3.545,1.0,3.833,1.25,2.083,3.545,2.545,,,,,,,,27.25,0.249666666666667,5.466,1.05,19.2096597145993,,,0.0,134.5,88.6,17.6,41.9,87.5,180.0,46.6,87.5,185.0,,3.45454545454546,4.0,0.3053,83.4869,14.0,41.0,0.0,0.0,41.0488679016627,39.4104852368282,,40.8920817242768,71.0309900513928,0.298506216976475,,94.250199638576,60.033803726406,9.62949637388952,2.17972831002291,81.1612533878166,0.132343802300964,3.49490017343273,2.60328721272345,2.56411300476282,170.344008358969,54.6496913400565,62.3344317072888,0.323570993918465,,,1.0,1.2,1.3,1.0,1.0,1.19232252564107,,,547.83,687.12,1507.28,737.25,1118.5,914.852343555309,,,547.83,549.7,1130.46,737.25,1118.5,752.132451064358,,,12.174,15.269,33.495,16.383,24.856,20.3300125156377,0.0071971987700341,0.0291139611420367,-0.0493292456228531,-0.0404530863037246,-0.0399384140085191,-0.0563852122340164,0.102517375513478,3.0,2.0,3.0,1.98,1.0,,,,,,,58.85,24.71,16.44,Vert foncé / Vert violacé,Vert,Vert,Verte,Entière,Sagittée allongée,Aigue,Coriace,Peu nombreuses,0.0,Alternes à la base/opposées au-dessus,0.0,Vert,Absent,Absent,Vert,Absente,Vert,Absente,0,0.0,0.0,0.0,Vert pâle,Vert,Vert,Vert,Mâle,Absente,Absence,Autre,Autre,Autre,Autre,Autre,Autre,Autre,Autre,Autre,Faible,Faible,Base,Ronde,Nulle,Autre,Blanc,Uniforme,Absente,Autre,Violet clair,Lisse,Moyen,Moyenne,Absent,Absent,-2.24235796928406,10067.0,137.957077026367,54.5670623779297,9.03399848937988,9.40553379058838,1.77836990356445,1.28898203372955,103.871627807617,0.73033945184156,150.651901245117,0.962106369669603,1.76403199733116,20.33,38.0,0.83,5.0,0.2179144385026737,modeste & variabilité faible,41.05,0.32,12.17,22.5,Sea 190,Medium,High,White,Rounded,5.0,78.0,18.0,0.0,817.0,40.0
CIRAD170,Roujol11,Sinoua CT160,Dioscorea alata,Vanuatu,2,,2011.0,CIRAD,,65.0,76.0,0.2648,78.292,35.4555555555556,75.391449,67.3168,19.0,98.8,16.0,20.8,100.0,150.0,17.4,100.0,148.0,,,79.0,,0.2848,76.5871,3.545,1.818,4.667,2.25,2.833,1.182,1.727,31.95,0.239083333333333,6.44,1.09,16.9254658385093,44.8324,50.3952,32.9,0.26725,5.43,0.96,17.6795580110497,44.8324,50.3952,0.0,244.5,79.25,17.0,24.0,75.0,175.0,23.2,100.0,176.0,156.0,3.52380952380952,3.32,0.3154,70.5617,0.0,21.0,0.0,0.0,51.1235793781818,37.1684294859561,95.2662121539181,22.7692416286771,73.7330438795271,0.296981447724261,165.447775421114,92.4144389429435,57.3720801999068,8.6637238059757,2.01814486346578,77.9073980964803,0.132343802300964,3.69359524153194,2.47983890002504,2.11179046167007,165.026807364714,57.4132121744218,90.4834592435076,0.28828655612934,1.0,2.1,2.7,2.0,1.9,2.6,1.8,2.0102327791303,64.5,390.89,584.33,547.0,1257.76,723.5,887.0,772.776878724191,64.5,183.95,219.12,273.5,670.81,275.62,506.86,456.895140697039,1.433,8.686,12.985,12.156,27.95,16.078,19.711,17.1727376843519,-0.0017362295669712,0.0291139611420367,0.127679514528272,-0.10221231800946,-0.0885814224146054,-0.0866250226940821,-0.0440940399481211,3.0,3.0,3.0,2.96,2.0,59.08,1.86,39.06,54.13,5.26,40.61,55.65,24.84,19.52,Vert pâle,Jaunâtre,Jaunâtre,Verte,Entière,Sagittée élargie,Aigue,Souple,Peu nombreuses,0.0,Alternes à la base/opposées au-dessus,0.0,Entièrement vert avec les deux extrémités violettes,Absent,Absent,Vert violacé,Absente,Brun foncé,Absente,0,0.0,0.0,0.0,Vert foncé / Vert violacé,Violet,Violet,Violet,Mâle,Présente,Absence,Autre,Autre,Autre,Autre,Autre,Autre,Autre,Autre,Autre,Faible,Faible,Base,Allongée,Faible,Base,Blanc,Uniforme,Absente,Autre,Violet clair,Lisse,Abondant,Moyenne,Fort,Absent,-0.470043241977692,9018.5,253.545394897461,44.6831359863281,7.48857307434082,7.97979784011841,2.35546207427979,2.48047304153442,89.9891738891602,0.385085196248163,138.656585693359,0.938156662754795,1.68592548935575,17.17,54.9,0.76,7.0,0.4211229946524064,modeste & variabilité moyenne,51.12,0.29,7.7,18.97,Sinoua CT160,Medium,Medium,White,Oval-oblong,0.0,47.0,42.0,12.0,351.0,86.0
CIRAD171,CRB476,St Vincent blanc,Dioscorea alata,Saint Vincent,2,M,2011.0,CRB,,87.0,90.0,0.3139,72.9225,46.2555555555556,,,38.0,93.0,14.6,29.5,80.0,176.0,31.4,87.5,160.0,152.0,154.0,96.0,,0.2628,80.4924,2.818,4.273,2.667,2.25,2.5,3.909,1.273,43.7,0.307666666666667,14.3,2.45,17.1328671328671,75.4035,64.6701,44.3666666666667,0.303,12.47,2.38,19.0858059342422,75.4035,64.6701,0.0,0.0,80.0,15.3333333333333,36.3,87.5,191.0,30.5,75.0,180.0,156.0,3.81818181818182,3.48,0.3045,81.8309,0.0,34.5,0.0,0.0,26.069751424844,44.5866106695818,97.0302385095811,31.2775228278321,85.5950057490873,0.300783693624844,163.162953833309,90.7799055988601,64.421274767157,12.3147517182909,2.39475265420978,79.0607594515459,0.132343802300964,3.31840062829142,2.40695977566092,3.62890076478114,175.405364885717,75.1121936285054,82.9210339352697,0.292239584429366,1.0,1.3,,1.2,1.0,1.0,1.0,1.14721738978152,1346.89,1667.91,,1590.88,2548.72,1674.0,2713.5,1680.19254945721,1346.89,1250.93,,1272.7,2548.72,1674.0,2713.5,1557.9717836237,29.931,37.065,,35.353,56.638,37.2,60.3,37.3376608380922,-0.0131966563373522,0.0291139611420367,-0.0290302785468785,0.0397507745561612,0.106268946404932,0.0570004677965359,-0.0582383574219282,2.0,3.0,2.0,2.7,2.0,72.29,2.73,24.98,65.71,10.56,23.73,64.99,11.84,23.17,Vert foncé / Vert violacé,Jaunâtre,Jaunâtre,Verte,Entière,Sagittée allongée,Aigue,Souple,Peu nombreuses,0.0,Alternes à la base/opposées au-dessus,0.0,Vert,Absent,Absent,Vert,Absente,Vert,Absente,0,0.0,0.0,0.0,Vert pâle,Vert,Vert,Vert,Mâle,Absente,Absence,Autre,Autre,Autre,Autre,Autre,Autre,Autre,Autre,Autre,Faible,Faible,Base,Fusiforme,Forte,Base,Blanc,Uniforme,Absente,Autre,Blanc,Granuleux,Moyen,Épaisse,Fort,Faible,-0.319693088531494,46018.0,268.387115478516,44.736572265625,11.1578369140625,11.5713348388672,2.98429775238037,3.04798245429993,92.0431594848633,0.474212007476192,152.729263305664,0.888326930855581,1.8255859364501,37.34,26.7,1.77,6.0,0.3783422459893048,performante & variabilité faible,26.07,0.29,33.5,47.37,St Vincent blanc,High,Medium,White,Irregular,40.0,51.0,4.0,4.0,1783.0,45.0
CIRAD172,CRB762,TiViolet - H4x105,Dioscorea alata,Guadeloupe,4,F,2011.0,CIRAD,,70.0,87.0,0.3557,80.747,52.6222222222222,65.13211,64.552,0.0,90.8,14.4,24.8,100.0,175.0,28.1,100.0,184.0,163.0,161.0,80.0,,0.3065,78.9052,2.727,4.273,3.167,2.5,2.833,4.0,2.0,49.85,0.37075,17.66,3.23,18.2899207248018,83.2344,62.007,43.1666666666667,0.320666666666667,10.77,1.72,15.9702878365831,83.2344,62.007,0.0,0.0,74.8,12.6,34.4,87.5,177.0,29.6,100.0,188.0,176.0,3.5,2.52,0.2798,78.0795,0.0,0.0,0.0,,17.5018149785375,47.0544916219001,96.652232861939,29.1051957131542,75.5579610902287,0.30372648617889,173.971459771975,88.384747827332,62.7463346612554,12.7215105326831,2.4110091056088,79.353175667003,0.13953683593657,3.35839599315462,2.41117387468877,3.6555424161866,178.447355883252,76.5759572069462,92.5841329402403,0.307075641259095,1.0,1.0,1.6,1.0,1.0,1.0,1.0,1.09549084925542,1170.08,1582.29,763.3,1677.17,1537.4,1094.0,2344.0,1373.3074477704,1170.08,1582.29,477.06,1677.17,1537.4,1094.0,2344.0,1318.36522440904,26.002,35.162,16.962,37.27,34.164,24.311,52.089,30.5178482777141,0.0002518144830687,-0.13636129346114,0.165425767681831,0.0692692174997349,0.0341112088887034,0.066139139509681,-0.0514976568072387,2.0,3.0,2.0,2.98,2.0,74.41,7.93,17.66,64.23,0.0,35.77,66.18,10.02,23.79,Vert foncé / Vert violacé,Vert,Jaunâtre,Verte,Entière,Sagittée élargie,Aigue,Souple,Peu nombreuses,0.0,Alternes à la base/opposées au-dessus,0.0,Vert,Absent,Absent,Vert violacé,Absente,Vert violacé,Absente,0,0.0,0.0,0.0,Vert pâle,Entièrement vert avec base violette,Vert,Vert,Femelle,Absente,Présence,Ovale,Petit (1-2 cm),,,Blanc jaunâtre ou blanc cassé,Rugueuse,Épaisse,Violet,Violet,Faible,Faible,Uniformément répartie,Cylindrique,Faible,Extrémité,Violet avec du blanc,Non uniforme,Absente,Autre,Violet clair,Granuleux,Abondant,Moyenne,Absent,Forte,11.4686050415039,16809.0,222.901428222656,210.280242919922,-1.13549244403839,13.1418466567993,6.6272292137146,5.59669876098633,181.608840942383,0.502355576895698,85.7237243652344,0.871655258199976,1.75832015635418,30.52,32.4,0.96,7.0,0.1136363636363636,performante & variabilité faible,17.5,0.31,26.04,36.96,TiViolet - H4x105,Medium,Medium,Purple with white,Cylindrical,21.0,61.0,16.0,2.0,1275.0,56.0
CIRAD173,CRB454,Toki (SEA 119),Dioscorea alata,Porto Rico,2,M,2011.0,CRB,,69.0,76.0,0.2976,84.4766,50.4555555555555,46.440483,62.9363,14.25,59.0,19.0,,,,33.5,25.0,179.0,,,115.0,,0.2977,76.9815,2.455,1.545,4.0,1.75,2.417,2.182,3.0,41.2166666666667,0.25725,5.98,1.35,22.5752508361204,40.7869,42.2873,46.1,0.2465,4.54,0.92,20.2643171806167,40.7869,42.2873,0.0,0.0,,,31.4,62.5,180.0,30.0,25.0,179.0,156.0,3.2,3.48,0.2903,85.9138,0.0,0.0,0.0,0.0,19.1858576593633,45.3389690747804,95.2662121539181,29.7174996756073,85.8991586175375,0.296887302658032,165.447775421114,79.2504346175975,51.9617063186296,8.33292597499412,2.04794835769732,80.4871516114296,0.132343802300964,3.4756424052511,2.71111857020098,2.32463090751371,174.744272452883,46.7463045774106,55.7359561810649,0.293313246436781,,1.0,2.8,1.2,1.0,,1.0,1.34296478648698,,505.7,906.33,543.75,4701.9,,2448.17,1582.48028786039,,505.7,319.88,435.0,4701.9,,2448.17,1460.97101506206,,11.238,20.141,12.083,104.487,,54.404,35.1663492775437,-0.0101634629729454,0.0291139611420367,-0.0343799711211734,-0.133485612752061,0.153072795502851,-0.0516259485719366,0.113600696999229,3.0,2.0,2.0,2.43,1.0,51.18,24.94,23.88,48.33,15.36,36.31,55.1,31.77,13.13,Vert foncé / Vert violacé,Jaunâtre,Jaunâtre,Verte,Entière,Sagittée allongée,Aigue,Souple,Peu nombreuses,0.0,Alternes à la base/opposées au-dessus,0.0,Vert,Absent,Absent,Vert,Absente,Vert,Absente,0,0.0,0.0,0.0,Vert pâle,Vert,Vert,Vert,Mâle,Absente,Absence,Autre,Autre,Autre,Autre,Autre,Autre,Autre,Autre,Autre,Faible,Faible,Base,Ronde,Nulle,Autre,Blanc jaunâtre ou blanc cassé,Uniforme,Absente,Autre,Violet,Lisse,Abondant,Moyenne,Absent,Absent,-1.5171947479248,15724.5,200.837936401367,47.8674659729004,12.4242658615112,12.7841386795044,2.91110944747925,2.44635152816772,95.7177505493164,0.632808407885177,149.665954589844,0.938355959961906,1.83342403584699,35.17,88.2,3.35,5.0,0.9732620320855616,performante & variabilité forte,19.19,0.29,15.69,56.99,Toki (SEA 119),Medium,Medium,Yellowish white or off-white,Rounded,12.0,44.0,38.0,6.0,1022.0,32.0
CIRAD174,Roujol9,"Toufi Tetea, CT148",Dioscorea alata,Vanuatu,4,M,2011.0,CIRAD,200.0,,,0.3328,79.8822,49.8555555555556,64.278208,60.3116,14.25,121.2,24.6,33.2,100.0,166.0,,,,,161.0,76.0,,0.2775,82.8235,,,3.833,3.0,3.417,4.636,4.364,50.9666666666667,0.350416666666667,10.94,2.15,19.6526508226691,55.1121,57.0844,53.9333333333333,0.333583333333333,13.03,2.82,21.6423637759018,55.1121,57.0844,,0.0,105.4,22.6,28.7,87.5,192.0,37.1,100.0,187.0,176.0,3.7,3.68,0.3024,83.0281,14.0,34.5,1.0,0.0,28.7699125104959,49.0426077940918,,31.4740655662171,77.1503515680814,0.303456198730686,175.394942371742,108.128615943983,59.0462350150996,11.6286525132921,2.41371851417531,80.2944620412376,0.311759951324705,3.54889391599805,3.40867590340044,3.6632181971699,176.882170779551,60.1334054060574,91.0861208174733,0.299926028346084,1.0,,1.0,1.0,1.0,1.0,1.0,1.13860911740955,1227.26,,1360.38,3961.88,2612.12,2908.57,2859.5,2175.65614115735,1227.26,,1360.38,3961.88,2612.12,2908.57,2859.5,2158.21601939288,27.272,,30.231,88.042,58.047,64.635,63.544,48.347869431583,-0.0102536139630987,0.0291139611420367,0.0053292583269951,-0.0077353271947786,0.135334839294907,0.0407119647709343,0.0663604513022306,3.0,3.0,3.0,,,65.73,15.06,19.21,67.72,24.25,8.03,64.52,18.61,16.87,Vert foncé / Vert violacé,Vert,Jaunâtre,Autre,Entière,Cordée élargie,Aigue,Souple,Peu nombreuses,0.0,Alternes à la base/opposées au-dessus,0.0,Vert,Absent,Absent,Vert,Absente,Vert,Absente,0,0.0,0.0,0.0,Vert pâle,Vert,Vert,Vert,Mâle,Absente,Absence,Autre,Autre,Autre,Autre,Autre,Autre,Autre,Autre,Autre,Faible,Faible,Uniformément répartie,Cylindrique,Nulle,Autre,Blanc avec du violet,Non uniforme,Absente,Autre,Violet clair,Granuleux,Abondant,Épaisse,Absent,Absent,0.883738040924072,26299.5,324.015045166016,71.6718139648438,2.88594555854797,3.81852316856384,2.48428797721863,2.32126021385193,90.4702911376953,0.578289342602331,122.514717102051,0.96815696953862,1.79297420109473,48.35,38.0,1.18,6.0,0.2219251336898395,performante & variabilité faible,28.77,0.3,28.75,68.57,"Toufi Tetea, CT148",High,High,White with purple,Cylindrical,55.0,38.0,7.0,0.0,2551.0,42.0
CIRAD175,G623,Wassa,Dioscorea alata,Nouvelle Calédonie,2,,2011.0,CRB,,49.0,69.0,0.3795,79.7679,41.3666666666667,39.911101,57.0904,61.75,61.4,22.0,12.0,80.0,152.0,15.9,100.0,143.0,,154.0,8.0,22.0,,,3.182,1.0,,1.889,1.5,1.6,1.364,33.9666666666667,0.184583333333333,3.05,1.34,43.9344262295082,41.9664,38.1694,33.25,0.289333333333333,4.39,0.91,20.7289293849658,41.9664,38.1694,350.0,0.0,58.25,21.5,33.7,75.0,177.0,,,,163.0,,1.64,,,14.0,34.5,0.0,0.0,70.2389410359761,38.9736050475439,85.4936136008132,23.4832012272492,47.2717443243544,0.295800078989974,167.487591165022,73.5121127460188,48.2626311505663,7.57821684949541,2.04523894913082,79.7374804683266,0.132343802300964,,1.88391571985037,1.99468430164606,164.180381837138,45.5453672557188,84.5210902421403,0.323016702542104,1.0,1.0,1.2,1.0,1.0,,,1.01083256256526,38.6,29.28,80.67,66.0,280.9,,,435.319475671952,38.6,29.28,69.14,66.0,280.9,,,386.983947782998,0.858,0.651,1.793,1.467,6.242,,,9.6739072522835,-0.014026872047611,0.0291139611420367,-0.0373335500101429,-0.186809098364347,-0.143848804170562,-0.141073174261011,0.0606915942105633,,,,,,33.09,50.84,16.07,47.25,16.44,36.31,51.35,37.14,11.51,Vert foncé / Vert violacé,Jaunâtre,Jaunâtre,Verte,Entière,Cordée élargie,Aigue,Souple,Nombreuses,0.0,Alternes à la base/opposées au-dessus,0.0,Entièrement vert avec les deux extrémités violettes,Absent,Absent,Vert,Absente,Vert,Absente,0,0.0,0.0,0.0,Vert pâle,Entièrement vert avec les deux extrémités violettes,Vert,Vert,Mâle,Présente,Absence,Autre,Autre,Autre,Autre,Autre,Autre,Autre,Autre,Autre,Faible,Faible,Uniformément répartie,Allongée,Nulle,Autre,Blanc,Uniforme,Absente,Autre,Violet clair,Lisse,Moyen,Moyenne,Fort,Absent,-0.48950383067131,2950.5,127.856292724609,43.7786254882812,9.14122104644775,9.52734184265137,2.93164801597595,2.44634890556335,89.3597640991211,0.44724975440991,164.629776000977,0.863476733724473,1.47011377824979,9.67,93.6,0.21,5.0,0.8248663101604279,modeste & variabilité forte,70.24,0.32,1.1,3.85,Wassa,na,Low,White,Oval-oblong,0.0,5.0,29.0,67.0,86.0,21.0
CIRAD176,CIR-B235,CIRAD-B235,Dioscorea alata,Guadeloupe,2,M,2016.0,CIRAD,174.0,77.0,91.0,0.3368,76.0976,36.8778,54.975384,66.1017,28.5,115.8,18.8,26.7,60.0,145.0,29.9,87.5,184.0,169.0,154.0,62.0,,0.3205,73.658,2.727,4.455,3.167,2.583,3.25,4.091,4.0,40.8333,0.3175,13.2,2.81,21.2879,79.1962,75.2559,39.15,0.28,10.96,2.41,21.9891,79.1962,75.2559,0.0,0.0,161.0,140.0,31.6,87.5,184.0,29.1,100.0,178.0,156.0,4.2,3.84,0.2968,79.5744,14.0,41.0,0.0,0.0,25.7152161236176,40.7787781860773,97.1562403921284,29.1856522729571,72.2122795372758,0.300303857480841,163.854954976694,124.376848394079,70.1140396099658,11.6752092450599,2.4475861212566,78.3648843771658,0.132343802300964,3.51237814787795,3.25473734479459,3.73546737040299,172.542314535095,71.325397065331,83.7613034139628,0.310028211779485,1.0,1.3,3.4,1.0,1.0,1.4,1.0,1.52003746254932,1058.12,1584.13,2217.12,1920.62,2022.88,2929.14,1777.62,1793.19144585109,1058.12,1232.1,656.93,1920.62,2022.88,2050.4,1777.62,1442.67123757986,23.514,35.203,49.269,42.681,44.953,65.092,39.503,39.8488013022153,-0.0026325636575456,0.0291139611420367,-0.0330195362433379,0.029388629146334,0.0452233478907031,0.0860590690819818,-0.0082432550387296,2.0,3.0,3.0,3.05,2.0,63.79,17.67,18.54,59.4,18.57,22.03,62.47,17.18,20.35,Vert pâle,Jaunâtre,Jaunâtre,Verte,Entière,Sagittée allongée,Aigue,Souple,Peu nombreuses,0.0,Alternes à la base/opposées au-dessus,0.0,Vert,Absent,Absent,Vert,Absente,Vert,Absente,0,0.0,0.0,0.0,Vert pâle,Vert,Vert,Vert,Mâle,Absente,Absence,Autre,Autre,Autre,Autre,Autre,Autre,Autre,Autre,Autre,Faible,Faible,Uniformément répartie,Allongée,Nulle,Autre,Blanc,Uniforme,Absente,Autre,Blanc,Granuleux,Abondant,Moyenne,Absent,Absent,-1.17505025863647,13692.0,372.487487792969,45.4795455932617,15.5251512527466,15.8943271636963,3.48396801948547,2.9937686920166,92.8065567016602,0.294691537266478,153.403762817383,0.937166324371173,1.67003560436597,39.85,27.6,0.13,7.0,0.409090909090909,performante & variabilité moyenne,25.72,0.31,36.0,48.06,CIRAD235,High,High,White,Oval-oblong,25.0,64.0,8.0,3.0,1339.0,75.0
CIRAD177,CIR-A047,KARUKERA,Dioscorea alata,Guadeloupe,2,,2016.0,CIRAD,,79.0,106.0,0.3147,82.0739,45.0555555555556,78.643507,35.173,47.5,101.333333333333,19.6666666666667,,,,30.8,75.0,179.0,167.0,,67.0,,0.3209,78.6255,3.091,2.818,3.429,2.667,,,,45.6333333333333,0.30525,14.63,2.74,18.7286397812714,89.9103,61.8314,,,,,,,,124.0,,,,,,,,,,156.0,3.8,3.8,0.3473,81.4526,0.0,55.5,0.0,0.0,49.7437792879909,44.2474243919568,99.0462686303388,30.6331295611736,74.3413496164276,0.300608467202793,168.959839613393,99.5098169715908,52.2644743558852,12.1391258430389,2.44046517440905,79.8731351976298,0.132343802300964,3.48202166594678,2.97513819682514,2.91064260576882,177.2772285881,81.8679218874441,80.8071693712878,0.317055817646199,,1.0,1.0,,1.0,,1.0,0.781909627771853,,826.84,707.5,,1602.43,,2302.38,1226.09981819263,,826.84,707.5,,1602.43,,2302.38,1181.94940667993,,18.374,15.722,,35.61,,51.164,27.2466691967032,0.0016400058931694,0.0291139611420367,-0.0342461803591988,0.0326927082052823,0.0229658495175206,0.0205887592036424,0.0171535469341905,2.0,3.0,2.0,2.93,2.0,67.89,8.61,23.5,,,,63.08,13.26,23.66,Vert pâle,Jaunâtre,Jaunâtre,Verte,Entière,Sagittée élargie,Aigue,Souple,Peu nombreuses,0.0,Alternes à la base/opposées au-dessus,0.0,Vert,Absent,Absent,Vert,Absente,Vert,Absente,0,0.0,0.0,0.0,Vert pâle,Vert,Vert,Vert,Mâle,Absente,Absence,Autre,Autre,Autre,Autre,Autre,Autre,Autre,Autre,Autre,Faible,Faible,Base,Allongée,Nulle,Autre,Blanc,Uniforme,Absente,Autre,Blanc jaunâtre ou blanc cassé,Granuleux,Moyen,Moyenne,Absent,Absent,-1.05324983596802,17126.0,341.734191894531,47.8206748962402,11.2642917633057,11.6267776489258,3.78848576545715,2.69114661216736,94.9184341430664,0.39819915208312,121.594757080078,0.948021035098366,1.73053833846954,27.25,47.3,1.25,4.0,0.3622994652406417,performante & variabilité faible,49.74,0.32,17.05,43.39,KARUKERA,High,High,White,Oval-oblong,31.0,62.0,8.0,0.0,1462.0,26.0
CIRAD178,CIR-A049,DESIRABLE,Dioscorea alata,Guadeloupe,2,,2016.0,CIRAD,,78.0,101.0,0.312,81.1798,45.4333333333333,70.528905,87.5785,28.5,130.6,21.0,33.6,100.0,161.0,24.1,87.5,160.0,,,97.0,,0.3136,79.8485,3.273,2.636,3.8,3.917,2.333,3.182,3.909,49.8833333333333,0.246333333333333,8.84,1.82,20.5882352941176,63.288,50.9012,41.7,0.27275,12.18,2.89,23.7274220032841,63.288,50.9012,193.0,0.0,74.0,14.6,37.6,100.0,180.0,46.2,75.0,184.0,,4.4,4.42,0.2857,75.1297,0.0,34.5,0.0,0.0,47.7554940165303,45.1742013725147,98.416259217602,34.0532741410316,83.1617828014852,0.297446099180163,,101.007876623223,62.9603980452541,10.9057979937397,2.37849620281076,79.1680614635898,0.132343802300964,3.69561691199871,3.70663749348778,2.93680335903923,171.468670653612,66.6422053698801,88.3827855467748,0.299584408616452,1.2,1.0,1.4,1.0,1.1,1.0,1.1,1.12363781965812,1803.48,1697.57,1161.91,1009.4,3409.74,1269.62,2763.43,1710.04428081398,1502.9,1697.57,852.07,1009.4,3030.88,1269.62,2418.0,1540.78769944586,40.077,37.724,25.82,22.431,75.772,28.214,61.41,38.001001239614,-0.0076640950868184,0.0291139611420367,-0.038121542677888,-0.038780739744306,0.122093036563766,0.0529441421114468,0.0676563759915479,3.0,3.0,3.0,3.66,3.0,58.08,15.72,26.2,61.56,27.49,10.95,60.68,20.19,19.12,Vert foncé / Vert violacé,Jaunâtre,Jaunâtre,Verte,Entière,Sagittée allongée,Aigue,Souple,Peu nombreuses,0.0,Alternes à la base/opposées au-dessus,0.0,Vert,Absent,Absent,Vert,Absente,Vert,Absente,0,0.0,0.0,0.0,Vert pâle,Vert,Vert,Vert,,Présente,Absence,Autre,Autre,Autre,Autre,Autre,Autre,Autre,Autre,Autre,Faible,Faible,Base,Cylindrique,Nulle,Autre,Blanc,Uniforme,Absente,Autre,Blanc,Granuleux,Très abondant,Moyenne,Absent,Absent,-1.96505236625671,26392.0,322.51171875,56.3160247802734,8.86270618438721,9.36612033843994,2.45937991142273,2.2018187046051,103.580474853516,0.55231784097646,149.148773193359,0.954882593402262,1.7684358249297,38.0,44.2,2.04,7.0,0.6122994652406417,performante & variabilité forte,47.76,0.3,34.54,46.96,DESIRABLE,High,High,White,Cylindrical,29.0,55.0,16.0,0.0,1647.0,58.0
CIRAD179,CIR-A064,TROPICAL,Dioscorea alata,Guadeloupe,2,F,2016.0,CIRAD,,58.0,65.0,0.2958,78.8749,50.9666666666667,62.662265,89.7831,47.5,99.2,18.2,30.2,100.0,157.0,28.9,100.0,160.0,158.0,,59.0,,0.229,82.4048,2.909,3.818,3.667,3.909,1.917,2.0,2.0,51.85,0.309,11.64,2.86,24.5704467353952,67.955,56.1689,45.2833333333333,0.305416666666667,10.39,2.4,23.0991337824832,67.955,56.1689,0.0,0.0,116.75,21.75,32.4,62.5,180.0,30.0,100.0,185.0,149.0,3.77777777777778,3.75,0.2674,77.9027,0.0,0.0,0.0,0.0,23.1152905812901,47.5911981814863,93.8801914458972,30.0304461508874,65.5209164313701,0.300920355817757,162.599906075774,104.681530772797,66.3070264808213,11.1532837784001,2.45300493838961,79.5238213903884,0.132343802300964,3.52948727618054,3.06535077671912,2.93680335903923,170.931848712871,67.0647583610348,88.3827855467748,0.27052233018848,1.0,1.1,1.3,1.0,1.1,1.1,1.0,1.12196377050341,1367.2,3802.07,724.22,333.43,2922.6,1610.62,2743.5,1721.85317892767,1367.2,3326.81,543.17,333.43,2597.87,1431.67,2743.5,1567.18520962425,30.382,84.49,16.094,7.41,64.947,35.792,60.967,38.2635391191901,-0.0320458832909645,0.0291139611420367,-0.0222488775604728,-0.0061303073858019,0.0935028836457631,0.127848111377927,0.0651176713337676,3.0,3.0,3.0,3.77,3.0,59.19,27.91,12.9,58.28,23.19,18.53,60.91,20.82,18.28,Vert foncé / Vert violacé,Jaunâtre,Jaunâtre,Verte,Entière,Cordée allongée,Aigue,Souple,Peu nombreuses,0.0,Alternes à la base/opposées au-dessus,0.0,Entièrement vert avec base violette,Absent,Absent,Vert,Absente,Vert,Absente,0,0.0,0.0,0.0,Vert pâle,Entièrement vert avec base violette,Vert,Vert,Femelle,Absente,Absence,Autre,Autre,Autre,Autre,Autre,Autre,Autre,Autre,Autre,Faible,Faible,Base,Allongée,Nulle,Autre,Blanc jaunâtre ou blanc cassé,Uniforme,Absente,Autre,Violet clair,Granuleux,Moyen,Épaisse,Absent,Absent,-0.227065026760101,15761.5,223.23860168457,43.3560638427734,12.1395435333252,12.6234045028687,2.92973375320435,3.34681439399719,90.2350387573242,0.579995521957934,134.589462280273,0.947661135104157,1.70304259070041,38.26,60.6,1.98,7.0,0.7379679144385026,performante & variabilité forte,23.12,0.27,43.66,42.28,TROPICAL,High,High,Yellowish white or off-white,Oval-oblong,29.0,57.0,14.0,0.0,1733.0,58.0
CIRAD180,CIR-A110,REGIONAL,Dioscorea alata,Guadeloupe,2,F,2016.0,CIRAD,174.0,75.0,88.0,0.2714,87.7351,39.9111111111111,62.705641,,38.0,117.8,23.0,,,,33.8,100.0,179.0,160.0,154.0,74.0,,0.294,85.5684,1.818,4.455,2.5,4.25,2.25,3.455,4.182,46.1666666666667,0.324916666666667,14.23,3.24,22.7687983134224,87.79,61.3379,44.4833333333333,0.282583333333333,10.66,2.37,22.2326454033771,87.79,61.3379,0.0,0.0,95.25,22.25,45.2,100.0,183.0,32.5,100.0,195.0,163.0,3.2,3.64,0.2784,75.7048,14.0,34.5,0.0,0.0,26.069751424844,43.7664067399207,96.7782347444864,33.8971470246626,75.2538082217784,0.300668289995274,163.412060619213,103.742887862333,62.0469121229235,11.8540851092203,2.50041958830342,80.6796412107595,0.132343802300964,3.14568064512968,3.66350495049677,3.54926857596482,178.885108652585,78.5009470384221,93.6111325772168,0.283113457366342,1.0,1.0,1.7,1.1,1.0,1.0,1.0,1.16316796346935,950.77,2340.48,967.18,2022.38,2613.25,4606.0,2197.5,2049.89446261153,950.77,2340.48,559.95,1797.67,2613.25,4606.0,2197.5,1968.50318608099,21.128,52.011,21.493,44.942,58.072,102.356,48.833,45.5532364972287,-0.0141520757601645,0.0291139611420367,-0.0524867093786681,0.032197829286816,0.104938546019459,0.129731435431907,-0.0126061870709812,2.0,2.0,2.0,3.63,3.0,62.97,20.93,16.1,58.21,17.9,23.89,61.85,16.58,21.57,Vert foncé / Vert violacé,Jaunâtre,Jaunâtre,Verte,Entière,Sagittée élargie,Aigue,Souple,Peu nombreuses,0.0,Alternes à la base/opposées au-dessus,0.0,Vert,Absent,Absent,Vert,Absente,Vert,Absente,0,0.0,0.0,0.0,Vert pâle,Vert,Vert,Vert,Femelle,Absente,Absence,Autre,Autre,Autre,Autre,Autre,Autre,Autre,Autre,Autre,Faible,Faible,Base,Allongée,Nulle,Autre,Blanc,Uniforme,Absente,Autre,Blanc,Granuleux,Moyen,Moyenne,Absent,Absent,-2.32939028739929,18452.0,322.826507568359,57.592357635498,8.2772216796875,8.65798187255859,2.37917733192444,0.852885365486145,106.637718200684,0.319267466156217,143.103424072266,0.834252644866884,1.67944472927561,45.55,50.8,1.58,7.0,0.5561497326203209,performante & variabilité moyenne,26.07,0.28,31.54,63.55,REGIONAL,Medium,Medium,White,Oval-oblong,40.0,49.0,8.0,3.0,1964.0,63.0
CIRAD181,CIR-A118,DEFI,Dioscorea alata,Guadeloupe,2,M,2016.0,CIRAD,,70.0,77.0,0.2952,80.1739,46.9333333333333,66.216237,66.1332,19.0,107.8,21.8,31.2,80.0,181.0,31.2,100.0,179.0,152.0,154.0,62.0,,0.2797,84.5378,3.636,3.636,2.5,4.167,2.75,3.909,3.727,49.0666666666667,0.295416666666667,16.07,3.1,19.2906036092097,95.12,61.5819,40.95,0.304583333333333,10.47,2.3,21.9675262655205,95.12,61.5819,165.0,0.0,136.0,33.0,32.2,100.0,179.0,35.0,100.0,180.0,156.0,2.8,4.16,0.2865,75.6367,0.0,21.0,0.0,0.0,41.7283938956801,45.1596630458442,95.3922140364654,31.6596914868958,70.083209458124,0.300394965609449,163.162953833309,113.69573941294,62.9383586319304,12.2583935693089,2.47197079835513,79.6609778758557,0.132343802300964,3.05769084243064,3.6590429632908,3.4424092049429,177.552652648683,83.7335005296332,91.3237287222007,0.287408105396,1.0,1.0,1.0,1.0,1.0,1.0,1.0,0.9116109796207,2528.12,2046.61,1079.08,1808.43,2785.28,1629.0,1424.0,1745.33739015151,2528.12,2046.61,1079.08,1808.43,2785.28,1629.0,1424.0,1730.44594960304,56.181,45.48,23.98,40.187,61.895,36.2,31.644,38.7852452274023,-0.0147723950355342,0.0291139611420367,-0.0374689492710899,0.050748496385521,0.0671451949315628,0.109375730731314,-0.0374130124615985,2.0,2.0,1.0,3.56,3.0,68.63,10.49,20.88,57.87,16.37,25.77,63.03,13.3,23.67,Vert foncé / Vert violacé,Jaunâtre,Jaunâtre,Verte,Entière,Sagittée élargie,Aigue,Souple,Peu nombreuses,0.0,Alternes à la base/opposées au-dessus,0.0,Vert,Absent,Absent,Vert,Absente,Vert,Absente,0,0.0,0.0,0.0,Vert pâle,Vert,Vert,Vert,Mâle,Absente,Absence,Autre,Autre,Autre,Autre,Autre,Autre,Autre,Autre,Autre,Faible,Faible,Base,Cylindrique,Nulle,Autre,Blanc jaunâtre ou blanc cassé,Uniforme,Présente,Orangée,Blanc jaunâtre ou blanc cassé,Granuleux,Abondant,Moyenne,Absent,Absent,-1.32875370979309,17902.0,241.849487304688,46.4911689758301,14.0220804214478,14.2630186080933,4.00735378265381,2.13351392745972,94.9011001586914,0.603471746239077,137.711242675781,0.884245881757218,1.74278670417726,38.79,29.4,0.69,7.0,0.2165775401069518,performante & variabilité faible,41.73,0.29,41.88,42.48,DEFI,Medium,High,Yellowish white or off-white,Cylindrical,38.0,58.0,4.0,0.0,1816.0,48.0
CIRAD182,CIR-A005,C5,Dioscorea alata,Guadeloupe,2,F,2016.0,CIRAD,,87.0,106.0,0.3101,79.4604,40.7666666666667,,,33.25,101.0,15.2,30.35,80.0,164.0,29.5,100.0,174.0,160.0,,96.0,,0.3042,83.0924,2.636,4.182,2.667,3.545,3.5,4.0,4.1,44.7,0.275083333333333,18.27,4.02,22.0032840722496,106.3977,91.06,41.1833333333333,0.2865,13.05,2.86,21.9157088122605,106.3977,91.06,0.0,0.0,146.4,19.4,26.5,100.0,180.0,31.6,100.0,191.0,,3.7,4.36,0.2966,79.6168,14.0,34.5,0.0,0.0,25.5084038645688,42.913491575251,99.0462686303388,29.3163941826368,85.5950057490873,0.298994937366503,167.713187531217,114.860951301792,83.2254260020935,13.429662926414,2.6724670322764,79.875205484203,0.132343802300964,3.29240364113034,3.64689644256345,3.62890076478114,175.763246179545,100.182262660529,91.3237287222007,0.299486802979414,1.0,1.2,3.4,1.0,1.1,1.1,1.0,1.32582609081626,1475.04,2020.97,1970.25,2030.62,3773.29,3215.0,1779.0,2103.72779560032,1475.04,1616.78,583.78,2030.62,3301.62,2857.78,1779.0,1789.09678016309,32.779,44.911,43.783,45.125,83.851,71.444,39.533,46.7494899493236,-0.007062249786046,0.0291139611420367,-0.0219306724923477,0.118094944494522,0.131021457459644,0.104379365338677,-0.0215029503735138,2.0,3.0,2.0,3.33,3.0,67.17,18.01,14.81,61.08,16.15,22.77,63.81,11.42,24.77,Vert foncé / Vert violacé,Jaunâtre,Jaunâtre,Verte,Entière,Sagittée allongée,Aigue,Souple,Peu nombreuses,0.0,Alternes à la base/opposées au-dessus,0.0,Vert,Absent,Absent,Vert,Absente,Vert,Absente,0,0.0,0.0,0.0,Vert pâle,Vert,Vert,Vert,Femelle,Absente,Absence,Autre,Autre,Autre,Autre,Autre,Autre,Autre,Autre,Autre,Faible,Faible,Uniformément répartie,Ovale,Faible,Extrémité,Jaune,Uniforme,Absente,Autre,Blanc,Granuleux,Absent,Épaisse,Absent,Absent,-1.84629666805267,15964.5,188.602447509766,46.0845146179199,20.0733680725098,20.5393962860107,6.70989656448364,3.5453953742981,91.9701766967773,0.617093372800981,125.584861755371,0.901388967257558,1.77170935948399,46.75,33.4,1.26,7.0,0.2205882352941176,performante & variabilité faible,25.51,0.3,40.49,59.99,C5,High,High,Yellow,Oval,32.0,57.0,8.0,3.0,1626.0,75.0
CIRAD183,CIR-A094,Evolution,Dioscorea alata,Guadeloupe,2,M,2016.0,CIRAD,195.0,70.0,99.0,0.2946,83.7749,46.3222222222222,67.270432,89.1268,19.0,108.4,20.8,24.6,100.0,150.0,26.5,100.0,174.0,152.0,154.0,97.0,,0.2616,81.0459,1.727,4.364,2.833,4.083,2.667,2.273,4.545,45.7333333333333,0.283833333333333,18.39,3.28,17.8357803153888,121.0341,71.8937,46.8333333333333,0.25525,8.57,1.82,21.2368728121354,121.0341,71.8937,0.0,0.0,99.0,16.0,38.1,100.0,185.0,34.3,75.0,180.0,149.0,2.72727272727273,4.12,0.2556,81.1669,7.0,0.0,0.0,0.0,19.7472052196385,45.5824860465114,98.1642554525073,30.4327289499018,80.7285598538831,0.298174964209029,163.190613440472,101.914152536775,74.3960165440042,12.3613084500587,2.43132966985758,80.3243282776528,0.132343802300964,3.11494420723231,3.83107735889863,3.1765782216884,172.184433241268,98.9619476637202,90.4834592435076,0.275305006403327,1.0,1.0,1.7,1.0,1.0,1.0,1.0,1.15714472265856,867.3,2012.66,1959.33,378.6,2944.8,4804.5,1223.5,1848.89430466649,867.3,2012.66,1175.6,378.6,2944.8,4804.5,1223.5,1732.55268919624,19.273,44.726,43.541,8.413,65.44,106.767,27.189,41.0865679524578,-0.021806317117201,0.0291139611420367,-0.0182588022462054,0.0893837186542951,0.0792573750032035,0.119418732490759,-0.0459633218326413,2.0,2.0,2.0,3.63,3.0,70.91,4.62,24.46,55.33,12.14,32.53,62.6,10.56,26.84,Vert foncé / Vert violacé,Jaunâtre,Jaunâtre,Verte,Entière,Sagittée allongée,Aigue,Souple,Peu nombreuses,0.0,Alternes à la base/opposées au-dessus,0.0,Vert,Absent,Absent,Vert,Absente,Vert,Absente,0,0.0,0.0,0.0,Vert pâle,Vert,Vert,Vert,Mâle,Absente,Absence,Autre,Autre,Autre,Autre,Autre,Autre,Autre,Autre,Autre,Faible,Faible,Base,Allongée,Nulle,Autre,Blanc jaunâtre ou blanc cassé,Non uniforme,Présente,Autre,Blanc,Granuleux,Moyen,Épaisse,Absent,Absent,-0.201632261276245,23252.5,314.821014404297,45.3720588684082,32.2568397521973,32.5022735595703,7.2020959854126,3.66178870201111,90.2984008789062,0.527346834398716,120.199951171875,0.981656604847315,1.74024304555674,41.09,67.9,0.96,7.0,0.4344919786096257,performante & variabilité moyenne,19.75,0.28,35.85,51.95,Evolution,Medium,High,Yellowish white or off-white,Oval-oblong,38.0,55.0,4.0,2.0,2028.0,47.0
CIRAD184,CIRAD184,CIR-B037,Dioscorea alata,Guadeloupe,2,M,2016.0,CIRAD,175.0,,,0.4317,73.9598,38.1444444444444,60.246768,59.144,19.0,,,38.5,40.0,150.0,88.0,12.5,184.0,,154.0,,,,,2.0,1.0,,1.8,1.333,1.7,1.0,,,,,,,,39.35,0.315416666666667,8.04,1.61,20.0248756218906,,,0.0,0.0,,,61.8,50.0,185.0,60.6,62.5,178.0,,,,,,14.0,0.0,0.0,0.0,19.7472052196385,41.2542902188288,,55.6558604481062,,0.300992986734443,159.314442854889,,59.9181306561056,10.4649278935915,2.26747943195982,78.8440968513448,0.132343802300964,,1.94379000251714,2.02396084165206,173.615958416578,63.8088820101009,55.1921411383974,0.347896071415383,1.0,,1.0,1.0,,1.2,1.0,0.885005079853077,1251.0,,190.0,374.4,,233.25,728.5,733.11314752271,1251.0,,190.0,374.4,,186.6,728.5,652.407457637028,27.8,,4.222,8.32,,5.183,16.189,16.2913585188492,0.0307128889640696,0.0291139611420367,-0.0096586642761593,-0.0199370601529413,-0.0161394063270835,-0.0435012671044838,-0.0158116079570463,,,,,,,,,,,,60.33,20.06,19.61,Vert pâle,Vert,Vert,Verte,Entière,Cordée allongée,Aigue,Coriace,Peu nombreuses,0.0,Alternes à la base/opposées au-dessus,0.0,Vert,Absent,Absent,Brun foncé,Absente,Brun foncé,Absente,0,0.0,0.0,0.0,Vert pâle,Vert brunâtre,Vert,Vert,Mâle,Absente,Absence,Autre,Autre,Autre,Autre,Autre,Autre,Autre,Autre,Autre,Faible,Moyenne,Uniformément répartie,Fusiforme,Moyenne,Base,Blanc,Uniforme,Absente,Autre,Blanc,Granuleux,Moyen,Moyenne,Absent,Absent,-2.32975721359253,12998.5,185.798049926758,54.9553909301758,10.5714282989502,11.0085048675537,3.86354732513428,1.83254683017731,103.376907348633,0.427446839315124,163.914169311523,0.822481650163093,1.71270408258378,16.29,71.3,0.25,5.0,0.7526737967914439,modeste & variabilité forte,19.75,0.35,16.01,9.9,CIR-B037,na,na,White,Irregular,6.0,33.0,39.0,22.0,547.0,18.0
CIRAD185,CIR-B051,NERON,Dioscorea alata,Guadeloupe,2,M,2016.0,CIRAD,177.0,90.0,105.0,0.3091,73.4937,36.0888888888889,79.440154,60.883,19.0,126.8,19.4,42.2,80.0,176.0,34.8,75.0,179.0,160.0,154.0,97.0,,0.3794,75.9832,3.455,3.364,3.167,2.0,2.667,4.636,3.364,40.9,0.30125,13.38,2.72,20.3288490284006,81.3878,57.5881,38.9833333333333,0.282916666666667,8.96,1.91,21.3169642857143,81.3878,57.5881,0.0,0.0,112.0,18.6,26.9,100.0,195.0,31.7,87.5,188.0,142.0,2.81818181818182,2.72,0.298,68.2354,7.0,0.0,0.0,0.0,19.7472052196385,40.584936253525,98.9202667477914,32.8665398839391,86.8116172228883,0.299817947461597,159.42601140188,112.077389567313,59.4609647618872,11.2292447618106,2.36765856854475,76.9982952680638,0.132343802300964,3.20841337491762,2.67492689619703,3.57561746197022,180.952524940046,79.6326945330559,85.0217076320024,0.317934268379538,1.0,1.0,1.0,1.0,1.2,1.0,1.0,1.11545393216089,1782.0,1085.8,1032.6,3516.75,3344.6,2109.29,1779.29,1933.46395200997,1782.0,1085.8,1032.6,3516.75,2787.17,2109.29,1779.29,1839.1630152845,39.6,24.129,22.947,78.15,74.324,46.873,39.54,42.9658698527105,0.0053205132767494,0.0291139611420367,-0.0136397537410449,0.0114101924467503,0.116279338429444,0.0775043684510774,-0.162552542989301,2.0,2.0,2.0,2.62,2.0,64.92,14.47,20.6,56.39,15.48,28.13,60.7,16.12,23.18,Vert foncé / Vert violacé,Jaunâtre,Jaunâtre,Verte,Entière,Sagittée allongée,Aigue,Souple,Peu nombreuses,0.0,Alternes à la base/opposées au-dessus,0.0,Vert,Absent,Absent,Vert,Absente,Vert,Absente,0,0.0,0.0,0.0,Vert pâle,Vert,Vert,Vert,Mâle,Absente,Absence,Autre,Autre,Autre,Autre,Autre,Autre,Autre,Autre,Autre,Faible,Faible,Uniformément répartie,Fusiforme,Forte,Extrémité,Jaune,Uniforme,Présente,Orangée,Blanc,Granuleux,Moyen,Épaisse,Absent,Absent,0.767189860343933,30648.0,246.866149902344,43.8408088684082,29.3096046447754,29.7377624511719,13.1139507293701,3.54908776283264,83.4683380126953,0.587240596318672,92.3608016967773,0.857370651648207,1.78256355089897,42.97,44.0,1.35,7.0,0.3903743315508021,performante & variabilité faible,19.75,0.32,28.89,59.72,CIR-B051,Medium,Medium,Yellow,Irregular,44.0,51.0,5.0,0.0,2113.0,41.0
CIRAD186,CIR-B120,CIR-B120,Dioscorea alata,Guadeloupe,2,F,2016.0,CIRAD,,,,0.3493,73.9382,35.1888888888889,72.554735,53.869,19.0,,,,,,,,,,,97.0,,,,,,2.0,,,,,,,,,,,,,,,,,,,,,,,,,,,,,,,,,,,,,,31.9030093098376,40.008642514448,,,86.3293938431144,,,,56.998630915271,,,78.8407744074945,,2.96574980204514,,,,72.166832498207,,0.308622891431509,,,1.0,,,,1.0,1.07031922541193,,,526.0,,,,144.0,801.802169032536,,,526.0,,,,144.0,670.837516689067,,,11.689,,,,3.2,17.8178474991159,-0.0119687119168749,0.0291139611420367,-0.0244349959127469,-0.0051896381606368,-0.0751178637495879,0.0162520727346068,-0.0544289317898505,1.0,,1.0,,,,,,,,,,,,,,,,,,,,,,,,,,,,,,,,,,,,,,,Femelle,Absente,,,,,,,,,,,Faible,Faible,Uniformément répartie,Allongée,Nulle,Autre,Blanc jaunâtre ou blanc cassé,Uniforme,Absente,Autre,Blanc,Lisse,Moyen,Moyenne,Absent,,2.12039041519165,8618.0,507.726440429688,39.3969650268555,25.8383941650391,26.079273223877,5.5216908454895,2.41686868667603,84.5078430175781,0.226423559537961,144.310195922852,0.850866367097708,1.61478176701124,17.82,57.0,,2.0,,données insuffisantes,31.9,0.31,11.69,3.2,CIR-B120,na,na,Yellowish white or off-white,Oval-oblong,0.0,43.0,57.0,0.0,417.0,7.0
CIRAD187,CIRAD187,CIRAD187,Dioscorea alata,Guadeloupe,2,Monoique,2016.0,CIRAD,,,,0.3186,67.0253,43.2444444444444,,,57.0,,,,,,,,,,,,,,,,,,,,,,,,,,,,,,,,,,,,,,,,,,,,,,,,,,,,,,,38.8604470918498,43.1242119920237,,,,,,,,,,77.7774539402446,,,,,,,,0.293990772189945,,,,,,,,,,,,,,,,,,,,,,,,,,,,,,,,,,,,,,,,,,,,,,,,,,,,,,,,,,,,,,,,,,,,,,,,,,,,,,,,,,,,,,,,,,,,,,,,,,,,,,,,,,,,,-0.0775488093495369,5376.5,100.695556640625,43.2939262390137,15.9766807556152,16.3167190551758,4.76338148117065,3.0268063545227,88.7337799072266,0.637832011240864,126.203903198242,0.89132957544905,1.63411844606314,,,,0.0,,données insuffisantes,38.86,0.29,,,CIR-B016,na,na,na,na,,,,,,
CIRAD188,CIR-B202,MARIUS,Dioscorea alata,Guadeloupe,2,F,2016.0,CIRAD,191.0,,,0.2988,79.6004,37.2555555555556,93.97289,40.1278,19.0,141.0,19.3333333333333,31.5,80.0,157.0,47.9,87.5,179.0,159.0,161.0,96.0,,0.2641,82.5322,1.818,3.091,2.8,2.083,2.583,3.091,3.636,37.2666666666667,0.30175,8.62,1.43,16.5893271461717,49.209,39.804,24.6833333333333,0.306333333333333,12.51,1.87,14.9480415667466,49.209,39.804,0.0,0.0,118.5,20.5,34.3,75.0,187.0,35.4,87.5,191.0,163.0,3.54545454545454,2.88,0.304,77.4286,14.0,0.0,0.0,0.0,19.7472052196385,36.9285470958928,,35.5819487772864,85.8922965919224,0.300689548558616,168.505345730248,118.777357928209,44.6655572243814,10.932751891079,2.18748289887225,79.5683796036774,0.132343802300964,3.28766419039405,2.8025893079233,3.04336996466109,176.657949414114,65.2847190416457,82.9210339352697,0.288750182905269,1.0,,1.0,1.0,1.0,1.1,1.0,1.0918881002723,258.3,,558.14,1171.57,1401.79,1812.88,1403.0,1134.60464267749,258.3,,558.14,1171.57,1401.79,1611.44,1403.0,1046.68214868169,5.74,,12.403,26.035,31.151,40.286,31.178,25.21344800308,-0.0031715490970185,0.0291139611420367,-0.0105822977673869,-0.0495786535217663,0.0116710786389378,0.0501053317676485,-0.133951158039279,2.0,3.0,2.0,2.43,1.0,66.21,0.07,33.71,75.29,0.0,24.71,63.03,14.57,22.39,Vert pâle,Jaunâtre,Vert,Verte,Entière,Sagittée allongée,Aigue,Souple,Peu nombreuses,0.0,Alternes à la base/opposées au-dessus,0.0,Vert,Absent,Absent,Vert,Absente,Vert,Absente,0,0.0,0.0,0.0,Vert pâle,Vert,Vert,Vert,Femelle,Absente,Absence,Autre,Autre,Autre,Autre,Autre,Autre,Autre,Autre,Autre,Faible,Moyenne,Uniformément répartie,Allongée,Moyenne,Milieu,Orange,Uniforme,Présente,Orangée,Violet clair,Granuleux,Absent,Épaisse,Absent,Absent,0.824118971824646,34990.5,280.354949951172,40.885871887207,21.4012279510498,21.7781524658203,8.08000469207764,3.41798377037048,85.5063247680664,0.492470583131595,116.95182800293,0.888974987591901,1.85651418693259,25.21,48.3,0.98,6.0,0.2647058823529412,modeste & variabilité faible,19.75,0.29,9.07,32.16,CIR-B202,Medium,Medium,Orange,Oval-oblong,18.0,75.0,8.0,0.0,1204.0,40.0
CIRAD189,CIR-B185,ELISE,Dioscorea alata,Guadeloupe,2,M,2016.0,CIRAD,185.0,104.0,109.0,0.2735,73.6592,42.3888888888889,63.076698,45.2099,9.5,118.75,18.75,40.0,40.0,186.0,45.0,75.0,179.0,152.0,161.0,96.0,,0.3388,78.3416,3.364,3.636,2.833,2.333,1.917,3.364,2.364,45.7833333333333,0.336666666666667,15.1,2.5,16.5562913907285,76.5964,53.1939,40.3,0.3475,12.76,2.55,19.9843260188088,76.5964,53.1939,0.0,0.0,108.4,18.0,49.8,75.0,175.0,46.0,100.0,180.0,156.0,4.18181818181818,2.84,0.3209,69.1896,14.0,62.0,0.0,,25.9515729911019,43.3108725042448,99.4242742779809,41.958131141665,90.7656045127417,0.303462272605926,164.076402155435,108.306634427002,53.0352542849149,12.5818403373798,2.42455614844132,77.407423889079,0.13953683593657,3.43490712613793,2.53933206277126,3.28285206191019,177.731593295597,72.160998369834,76.1988781057249,0.304928317244266,,1.1,1.0,1.0,1.0,1.0,1.0,0.956958645006965,,1004.79,956.0,1316.71,1846.14,357.71,370.8,1009.96452134553,,893.14,956.0,1316.71,1846.14,357.71,370.8,940.472704890096,,22.329,21.244,29.26,41.025,7.949,8.24,22.4435373576936,-0.0006173295074763,-0.139279213985451,-0.0503558966012895,0.0364406116815041,-0.0147028366643987,0.040002509067577,-0.0452384523803721,2.0,3.0,2.0,2.74,2.0,74.61,0.0,25.39,64.9,13.7,21.4,66.18,11.62,22.19,Vert pâle,Jaunâtre,Jaunâtre,Verte,Entière,Sagittée allongée,Aigue,Souple,Peu nombreuses,0.0,Alternes à la base/opposées au-dessus,0.0,Vert,Absent,Absent,Vert,Absente,Vert,Absente,0,0.0,0.0,0.0,Vert pâle,Vert,Vert,Vert,Mâle,Absente,Présence,Ronde,1+2,,,Blanc jaunâtre ou blanc cassé,Légèrement rugueuse,Épaisse,Blanc jaunâtre ou blanc cassé,Blanc jaunâtre ou blanc cassé,Faible,Faible,Uniformément répartie,Allongée,Nulle,Autre,Blanc,Uniforme,Absente,Autre,Blanc,Granuleux,Abondant,Moyenne,Absent,Absent,-3.54971361160278,19647.0,319.080749511719,51.2087440490723,19.3482570648193,19.7643146514893,2.76043438911438,1.98714005947113,99.7333679199219,0.470098538439407,171.041641235352,0.933016739834595,1.7120155372257,22.44,53.3,0.19,6.0,0.6350267379679144,modeste & variabilité forte,25.95,0.3,21.79,21.62,CIR-B185,High,Medium,White,Oval-oblong,16.0,63.0,21.0,0.0,981.0,43.0
CIRAD190,CIR-B214,RESTO,Dioscorea alata,Guadeloupe,2,F,2016.0,CIRAD,,92.0,108.0,0.2381,80.2782,41.0555555555556,79.092076,60.3081,28.5,123.8,22.0,36.5,40.0,171.0,23.7,87.5,184.0,165.0,,96.0,,0.296,77.2775,3.182,4.364,2.667,3.167,2.083,3.455,2.364,36.8333333333333,0.307416666666667,15.2,2.9,19.0789473684211,111.0949,57.047,37.65,0.296166666666667,6.87,1.39,20.2328966521106,111.0949,57.047,0.0,90.5,69.8,12.8,34.3,87.5,180.0,38.9,100.0,175.0,156.0,2.45454545454546,2.56,0.2562,69.3207,14.0,0.0,0.0,0.0,31.5650485938544,40.4904371301667,99.2982723954335,32.4240288050232,87.1157700913386,0.300525553927121,168.164847921191,97.4475069628438,59.0256666472421,11.1630851956143,2.32159862291418,78.0762676080899,0.132343802300964,3.01843539181741,2.67666211344379,3.52262692455935,175.942186826459,96.6418582876955,80.4002254991904,0.270058703412551,1.0,1.3,1.0,1.0,1.0,1.0,1.2,1.09178272196082,395.4,3059.57,745.38,1707.83,2406.62,1060.0,1525.25,1472.79910582435,395.4,2294.68,745.38,1707.83,2406.62,1060.0,1220.2,1321.58422361437,8.787,67.99,16.564,37.952,53.481,23.556,33.894,32.7289563171795,-0.0102111076276595,0.0291139611420367,0.0112336854947914,0.0360576105954786,0.0408481794969805,0.169925536667036,-0.167737459822396,2.0,2.0,1.0,3.18,2.0,66.33,8.66,25.01,53.24,9.84,36.92,59.85,13.54,26.61,Vert pâle,Jaunâtre,Jaunâtre,Verte,Entière,Sagittée allongée,Aigue,Souple,Peu nombreuses,0.0,Alternes à la base/opposées au-dessus,0.0,Vert,Absent,Absent,Vert violacé,Absente,Vert violacé,Absente,0,0.0,0.0,0.0,Vert pâle,Entièrement vert avec base violette,Vert,Vert,Femelle,Absente,Absence,Autre,Autre,Autre,Autre,Autre,Autre,Autre,Autre,Autre,Faible,Faible,Base,Allongée,Nulle,Autre,Orange,Uniforme,Présente,Orangée,Blanc,Granuleux,Moyen,Épaisse,Absent,Absent,6.85919046401978,14114.5,439.579010009766,36.8094444274902,38.5666122436523,39.4927368164062,17.9535007476807,2.22879457473755,75.5213012695312,0.224734146104018,106.429176330566,0.785032954154174,1.64768800264655,32.73,55.7,1.14,7.0,0.3890374331550802,performante & variabilité faible,31.57,0.27,31.11,37.22,CIR-B214,Medium,Medium,Orange,Oval-oblong,28.0,57.0,9.0,6.0,1475.0,47.0
CIRAD191,CIR-B151,COLIN,Dioscorea alata,Guadeloupe,2,F,2021.0,CIRAD,,90.0,105.0,0.2304,74.456,39.0777777777778,73.550372,60.1391,47.5,121.4,16.2,18.8,80.0,166.0,19.1,87.5,164.0,157.0,154.0,95.0,,0.2666,82.1859,2.455,3.182,2.5,2.0,3.417,3.727,3.727,43.0666666666667,0.289583333333333,12.04,2.38,19.7674418604651,70.0191,41.8164,40.3166666666667,0.298583333333333,3.94,2.74,69.5431472081218,70.0191,41.8164,139.0,0.0,109.2,17.6,25.5,100.0,180.0,21.3,87.5,175.0,156.0,2.63636363636364,2.68,0.2406,68.2743,14.0,0.0,0.0,0.0,39.5420928714502,42.0000000494542,98.9202667477914,22.628442649022,86.2033114859878,0.29996372046737,164.585125667344,109.423295820484,50.9795207832618,9.67081942474185,2.43403907842408,77.845689441012,0.132343802300964,3.02169501405376,2.75499477772632,3.25621041050473,171.468670653612,71.3889769842405,87.1223813287352,0.257199160732835,1.0,1.4,1.0,1.0,1.0,1.2,1.0,1.12559763828095,1585.35,1072.18,192.83,782.14,2534.17,2693.5,1795.33,1418.28956128256,1585.35,765.84,192.83,782.14,2534.17,2154.8,1795.33,1289.03356551368,35.23,23.826,4.285,17.381,56.315,59.856,39.896,31.5175544638194,-0.025707848565251,0.0291139611420367,-0.0199113986527844,-0.0426776466342607,0.0485247181484093,0.026038287247457,-0.0811029260556616,2.0,2.0,1.0,2.35,1.0,64.82,13.51,21.67,32.19,59.59,8.22,55.05,26.83,18.12,Vert foncé / Vert violacé,Vert,Jaunâtre,Verte,Entière,Sagittée allongée,Aigue,Souple,Peu nombreuses,0.0,Alternes à la base/opposées au-dessus,0.0,Vert,Absent,Absent,Vert,Absente,Vert,Absente,0,0.0,0.0,0.0,Vert pâle,Vert,Vert,Vert,Femelle,Absente,Absence,Autre,Autre,Autre,Autre,Autre,Autre,Autre,Autre,Autre,Faible,Moyenne,Base,Allongée,Moyenne,Base,Jaune,Uniforme,Absente,Autre,Blanc,Granuleux,Moyen,Moyenne,Absent,Absent,-1.7760910987854,13865.5,216.845062255859,45.2476272583008,21.992883682251,22.5117301940918,9.19922065734863,3.77625632286072,90.5893478393555,0.560510313827011,134.263275146484,0.919706818723819,1.73046562570291,31.52,55.5,1.9,7.0,0.6818181818181819,performante & variabilité forte,39.54,0.26,21.11,43.36,CIR-B151,Medium,Medium,Yellow,Oval-oblong,18.0,63.0,12.0,6.0,1258.0,49.0
CIRAD192,CIR-C078,CIR-C078,Dioscorea alata,Guadeloupe,2,,2022.0,CIRAD,,,,,,,,,,,,,,,,,,,,,,,,,,,,,,,,,,,,,,,,,,,,,,,,,,,,,,,,,,,,,,,,,,,,,,,,,,,,,,,,,,,,,,,,,,,,,,,,,,,,,,,,,,,,,,,,,,,,,,,,,,,,,,,,,,,,,,,,,,,,,,,,,,,,,,,,,,,,,,,,,,,,,,,,,,,,,,,,,,,,,,,,,,,,,,,,,,,,,,,,,,,,,,,,0.0,,données insuffisantes,,,,,CIR-C100,na,na,na,na,,,,,,
CIRAD192,CIR-C078,CIR-C078,Dioscorea alata,Guadeloupe,2,,2022.0,CIRAD,,,,,,,,,,,,,,,,,,,,,,,,,,,,,,,,,,,,,,,,,,,,,,,,,,,,,,,,,,,,,,,,,,,,,,,,,,,,,,,,,,,,,,,,,,,,,,,,,,,,,,,,,,,,,,,,,,,,,,,,,,,,,,,,,,,,,,,,,,,,,,,,,,,,,,,,,,,,,,,,,,,,,,,,,,,,,,,,,,,,,,,,,,,,,,,,,,,,,,,,,,,,,,,,0.0,,données insuffisantes,,,,,CIR-C078,na,na,na,na,,,,,,
CIRAD193,CIR-C077,CIR-C077,Dioscorea alata,Guadeloupe,2,,2022.0,CIRAD,,,,,,,,,,,,,,,,,,,,,,,,,,,,,,,,,,,,,,,,,,,,,,,,,,,,,,,,,,,,,,,,,,,,,,,,,,,,,,,,,,,,,,,,,,,,,,,,,,,,,,,,,,,,,,,,,,,,,,,,,,,,,,,,,,,,,,,,,,,,,,,,,,,,,,,,,,,,,,,,,,,,,,,,,,,,,,,,,,,,,,,,,,,,,,,,,,,,,,,,,,,,,,,,0.0,,données insuffisantes,,,,,CIR-C101,na,na,na,na,,,,,,
CIRAD193,CIR-C077,CIR-C077,Dioscorea alata,Guadeloupe,2,,2022.0,CIRAD,,,,,,,,,,,,,,,,,,,,,,,,,,,,,,,,,,,,,,,,,,,,,,,,,,,,,,,,,,,,,,,,,,,,,,,,,,,,,,,,,,,,,,,,,,,,,,,,,,,,,,,,,,,,,,,,,,,,,,,,,,,,,,,,,,,,,,,,,,,,,,,,,,,,,,,,,,,,,,,,,,,,,,,,,,,,,,,,,,,,,,,,,,,,,,,,,,,,,,,,,,,,,,,,0.0,,données insuffisantes,,,,,CIR-C077,na,na,na,na,,,,,,
CIRAD194,CIR-C090,CIR-C090,Dioscorea alata,Guadeloupe,2,,2022.0,CIRAD,,,,,,,,,,,,,,,,,,,,,,,,,,,,,,,,,,,,,,,,,,,,,,,,,,,,,,,,,,,,,,,,,,,,,,,,,,,,,,,,,,,,,,,,,,,,,,,,,,,,,,,,,,,,,,,,,,,,,,,,,,,,,,,,,,,,,,,,,,,,,,,,,,,,,,,,,,,,,,,,,,,,,,,,,,,,,,,,,,,,,,,,,,,,,,,,,,,,,,,,,,,,,,,,0.0,,données insuffisantes,,,,,CIR-C102,na,na,na,na,,,,,,
CIRAD194,CIR-C090,CIR-C090,Dioscorea alata,Guadeloupe,2,,2022.0,CIRAD,,,,,,,,,,,,,,,,,,,,,,,,,,,,,,,,,,,,,,,,,,,,,,,,,,,,,,,,,,,,,,,,,,,,,,,,,,,,,,,,,,,,,,,,,,,,,,,,,,,,,,,,,,,,,,,,,,,,,,,,,,,,,,,,,,,,,,,,,,,,,,,,,,,,,,,,,,,,,,,,,,,,,,,,,,,,,,,,,,,,,,,,,,,,,,,,,,,,,,,,,,,,,,,,0.0,,données insuffisantes,,,,,CIR-C090,na,na,na,na,,,,,,
CIRAD195,CIR-C092,CIR-C092,Dioscorea alata,Guadeloupe,2,,2022.0,CIRAD,,,,,,,,,,,,,,,,,,,,,,,,,,,,,,,,,,,,,,,,,,,,,,,,,,,,,,,,,,,,,,,,,,,,,,,,,,,,,,,,,,,,,,,,,,,,,,,,,,,,,,,,,,,,,,,,,,,,,,,,,,,,,,,,,,,,,,,,,,,,,,,,,,,,,,,,,,,,,,,,,,,,,,,,,,,,,,,,,,,,,,,,,,,,,,,,,,,,,,,,,,,,,,,,0.0,,données insuffisantes,,,,,CIR-C103,na,na,na,na,,,,,,
CIRAD195,CIR-C092,CIR-C092,Dioscorea alata,Guadeloupe,2,,2022.0,CIRAD,,,,,,,,,,,,,,,,,,,,,,,,,,,,,,,,,,,,,,,,,,,,,,,,,,,,,,,,,,,,,,,,,,,,,,,,,,,,,,,,,,,,,,,,,,,,,,,,,,,,,,,,,,,,,,,,,,,,,,,,,,,,,,,,,,,,,,,,,,,,,,,,,,,,,,,,,,,,,,,,,,,,,,,,,,,,,,,,,,,,,,,,,,,,,,,,,,,,,,,,,,,,,,,,0.0,,données insuffisantes,,,,,CIR-C092,na,na,na,na,,,,,,
CIRAD196,CIR-C010,CIR-C010,Dioscorea alata,Guadeloupe,2,,2022.0,CIRAD,,,,,,,,,,,,,,,,,,,,,,,,,,,,,,,,,,,,,,,,,,,,,,,,,,,,,,,,,,,,,,,,,,,,,,,,,,,,,,,,,,,,,,,,,,,,,,,,,,,,,,,,,,,,,,,,,,,,,,,,,,,,,,,,,,,,,,,,,,,,,,,,,,,,,,,,,,,,,,,,,,,,,,,,,,,,,,,,,,,,,,,,,,,,,,,,,,,,,,,,,,,,,,,,0.0,,données insuffisantes,,,,,CIR-C104,na,na,na,na,,,,,,
CIRAD196,CIR-C010,CIR-C010,Dioscorea alata,Guadeloupe,2,,2022.0,CIRAD,,,,,,,,,,,,,,,,,,,,,,,,,,,,,,,,,,,,,,,,,,,,,,,,,,,,,,,,,,,,,,,,,,,,,,,,,,,,,,,,,,,,,,,,,,,,,,,,,,,,,,,,,,,,,,,,,,,,,,,,,,,,,,,,,,,,,,,,,,,,,,,,,,,,,,,,,,,,,,,,,,,,,,,,,,,,,,,,,,,,,,,,,,,,,,,,,,,,,,,,,,,,,,,,0.0,,données insuffisantes,,,,,CIR-C010,na,na,na,na,,,,,,
CIRAD198,CIR-K025,CIR-K025,Dioscorea alata,Guadeloupe,4,,2022.0,CIRAD,,,,,,,,,,,,,,,,,,,,,,,,,,,,,,,,,,,,,,,,,,,,,,,,,,,,,,,,,,,,,,,,,,,,,,,,,,,,,,,,,,,,,,1.0,,,,,0.931119540344309,,,105.0,,,,,974.013354742565,,,105.0,,,,,858.173358336977,,,2.333,,,,,21.6446175487165,,,,,,,,,,,,,,,,,,,,,,,,,,,,,,,,,,,,,,,,,,,,,,,,,,,,,,,,,,,,,,,,,,,,,,,,,,,,,,,,,,,,,,,,,,21.64,,,1.0,,données insuffisantes,,,2.33,,CIR-K050,na,na,na,na,0.0,0.0,100.0,0.0,105.0,1.0
CIRAD199,CIR-C100,CIR-C100,Dioscorea alata,Guadeloupe,2,,2021.0,CIRAD,,,,,,,,,,62.3333333333333,12.6666666666667,23.6,100.0,152.0,,,,,,,,,,,,,,,,,40.55,0.24625,10.91,2.71,24.839596700275,,,,,,,,,,,,,,,,,,,,,,,,,,,,0.0,,42.6946312921379,,28.440232157591,,0.298376993199445,,80.8456615746048,,10.9317422947517,2.43576422144814,,0.183023258668045,,,,167.931706943697,,89.2803899457022,,1.0,,,,,,,1.01649355468687,772.83,,,,,,,1074.02797996977,772.83,,,,,,,957.328601575954,17.174,,,,,,,23.8672799695562,-0.0165233317450731,0.0291139611420367,-0.031715200760621,-0.0059455278252598,-0.0123243035748162,-0.0336180780093676,0.0302231382134812,,,,,,,,,,,,,,,Vert foncé / Vert violacé,Jaunâtre,Jaunâtre,Verte,Entière,Sagittée allongée,Aigue,Souple,Peu nombreuses,0.0,Alternes à la base/opposées au-dessus,0.0,Vert,Absent,Absent,Vert,Absente,Vert,Absente,0,0.0,0.0,0.0,Vert pâle,Vert,Vert,Vert,,Présente,Absence,Autre,Autre,Autre,Autre,Autre,Autre,Autre,Autre,Autre,,,,,,,,,,,,,,,,Absent,,,,,,,,,,,,,,23.87,,,1.0,,données insuffisantes,,,17.17,,CIR-K051,na,na,na,na,0.0,67.0,0.0,33.0,773.0,3.0
CIRAD200,CIR-K042,CIR-K024,Dioscorea alata,Guadeloupe,4,,2022.0,CIRAD,,,,,,,,,,,,,,,,,,,,,,,,,,,,,,,,,,,,,,,,,,,,,,,,,,,,,,,,,,,,,,,,,,,,,,,,,,,,,,,,,,,,,,1.0,,,,,0.931119540344309,,,23.0,,,,,945.247461898642,,,23.0,,,,,826.050825937659,,,0.511,,,,,21.0054536223318,,,,,,,,,,,,,,,,,,,,,,,,,,,,,,,,,,,,,,,,,,,,,,,,,,,,,,,,,,,,,,,,,,,,,,,,,,,,,,,,,,,,,,,,,,21.01,,,1.0,,données insuffisantes,,,0.51,,CIR-K052,na,na,na,na,0.0,0.0,0.0,100.0,23.0,1.0
CIRAD201,4638,4638,Dioscorea alata,Togo,,,2022.0,IITA,,,,,,49.4777777777778,56.009537,77.6304,28.5,,,,,,,,,,,,,,,,,,,,,,,,,,,,,,,,,,,,,,,,,,,,,,,,,,,,,,,33.6423687553407,45.5350181670858,,,,,,,70.1496074350563,,,,,,,,,60.9315126683836,,,,,1.3,,,,,1.19692218065801,,,977.86,,,,,1280.21575995899,,,760.56,,,,,1114.98125272353,,,21.73,,,,,28.4491524993662,,,,,,,,,,,,,,,,,,,,,,,,,,,,,,,,,,,,,,,,,,,,,,,,,,,,,,,,,,,,,,,,,,,,,,,,,,,,,,,,,,,,,,,,,,28.45,,,1.0,,données insuffisantes,33.64,,21.73,,4638,na,na,na,na,0.0,89.0,11.0,0.0,761.0,9.0
CIRAD202,4938,SELECTA,Dioscorea alata,Bénin,2,,2022.0,IITA,,90.0,104.0,0.2899,76.1428,44.0222222222222,51.142915,61.5544,23.75,132.0,21.8,,,,17.4,100.0,148.0,,,62.0,,0.2891,83.805,3.909,3.091,4.333,2.083,,,,40.65,0.282,11.13,1.72,15.4537286612758,64.6558,62.6045,,,,,,,,151.0,,,,,,,,,,176.0,4.45454545454545,1.68,0.3121,74.7529,28.0,75.5,0.0,0.0,52.8596574765515,42.5694069167411,98.7942648652441,23.8367119700118,76.1662668271292,0.299729115159101,178.642567308573,114.185904976059,61.9389582438326,11.0031466981451,2.28063277373825,78.9966393827395,0.132343802300964,3.82486193355415,2.0839281212776,3.0236531318703,165.300927156184,60.5320945676434,89.2803899457022,0.294655323946049,,1.0,2.0,,1.0,,1.0,0.900785626624607,,765.35,171.5,,749.14,,4447.0,1362.43946185416,,765.35,85.75,,749.14,,4447.0,1324.47872212478,,17.008,3.811,,16.648,,98.822,30.2764969041935,-0.0084270278079532,0.0291139611420367,0.0148567279666803,-0.0173153263788727,0.0572192935985991,-0.0256236081313554,-0.0498602652748496,3.0,3.0,3.0,3.0,2.0,67.06,0.0,32.94,,,,63.11,18.02,18.87,Vert foncé / Vert violacé,Jaunâtre,Jaunâtre,Verte,Entière,Sagittée allongée,Aigue,Souple,Peu nombreuses,0.0,Alternes à la base/opposées au-dessus,0.0,Entièrement vert avec base violette,Absent,Absent,Vert violacé,Absente,Vert violacé,Absente,0,0.0,0.0,0.0,Vert foncé / Vert violacé,Entièrement vert avec les deux extrémités violettes,Vert,Vert,Mâle,Présente,Absence,Autre,Autre,Autre,Autre,Autre,Autre,Autre,Autre,Autre,Faible,Faible,Uniformément répartie,Fusiforme,Forte,Base,Blanc jaunâtre ou blanc cassé,Uniforme,Absente,Autre,Violet clair,Granuleux,Abondant,Moyenne,Fort,Absent,0.718362271785736,19073.5,183.31591796875,40.2249794006348,12.3465671539307,13.2662925720215,5.34707593917847,4.27996683120728,82.1415100097656,0.500241272772407,150.485107421875,0.821319381612138,1.74173479690687,30.28,110.8,2.17,4.0,0.9157754010695188,performante & variabilité forte,52.86,0.29,10.41,57.74,4938,High,Low,Yellowish white or off-white,Irregular,14.0,64.0,9.0,14.0,1139.0,22.0
CIRAD203,CIR-D050,CIR-D050,Dioscorea alata,Guadeloupe,2,,2022.0,CIRAD,,,,,,,,,,,,,,,,,,,,,,,,,,,,,,,,,,,,,,,,,,,,,,,,,,,,,,,,,,,,,,,,,,,,,,,,,,,,,,,,,,,,,,,,,,,,,,,,,,,,,,,,,,,,,,,,,,,,,,,,,,,,,,,,,,,,,,,,,,,,,,,,,,,,,,,,,,,,,,,,,,,,,,,,,,,,,,,,,,,,,,,,,,,,,,,,,,,,,,,,,,,,,,,,0.0,,données insuffisantes,,,,,CIR-D050,na,na,na,na,,,,,,
CIRAD204,Roujol86,Pas possible,Dioscorea esculenta,Guadeloupe,2,,2021.0,CIRAD,,71.0,81.0,,,41.3555555555555,54.217146,52.8511,,112.4,14.8,13.0,80.0,187.0,28.1,87.5,212.0,,,84.0,,0.5207,75.4282,2.545,3.818,2.833,3.583,3.0,4.111,3.545,49.8833333333333,0.320583333333333,8.66,1.81,20.9006928406466,43.1635,66.1708,42.4833333333333,0.295416666666667,9.03,1.96,21.7054263565892,43.1635,66.1708,0.0,0.0,141.4,19.8,33.0,100.0,195.0,27.7,87.5,194.0,,3.36363636363636,4.28,0.373,72.5004,0.0,0.0,,0.0,18.8890298688423,44.4557657295472,95.8962215666549,26.0679605805953,77.07872543248,0.300978057632542,,116.932439104194,61.8602136485632,10.0898300106519,2.25115400018509,77.7260003516469,0.183023258668045,3.25492798425352,3.49890720023222,3.55483111856595,189.899557285739,50.3545064429436,87.1223813287352,0.396478326395356,48.2,28.4,,19.0,31.5,17.9,,28.477658134656,2131.28,1862.35,,1438.7,2263.52,1098.03,2127.75,1589.23912486823,44.17,65.63,,75.72,71.86,61.43,,277.720374056794,47.362,41.386,,31.971,50.301,24.401,47.283,35.3165659652437,0.34579460921961,0.0291139611420367,-0.0244832486171125,-0.0536878492108987,-0.0006031267395816,0.0914387518638557,0.0180580597975019,2.0,2.0,2.0,3.34,3.0,61.13,21.72,17.16,61.15,25.24,13.61,61.21,25.61,13.18,Vert foncé / Vert violacé,Vert,Vert,Verte,Entière,Cordée élargie,Aigue,Souple,Peu nombreuses,0.0,Alternes à la base/opposées au-dessus,0.0,9,Faible,Faible,Brun foncé,Absente,Vert violacé,Absente,0,0.0,1.0,5.0,Vert pâle,Vert,Vert,Vert,,Présente,Absence,Autre,Autre,Autre,Autre,Autre,Autre,Autre,Autre,Autre,Faible,Faible,Uniformément répartie,Allongée,Nulle,Autre,Blanc,Uniforme,Absente,Autre,Violet,Lisse,Moyen,Moyenne,Absent,Absent,,,,,,,,,,,,,,35.32,23.1,0.63,6.0,0.2245989304812834,performante & variabilité faible,18.89,0.4,44.37,38.49,Pas possible,Medium,High,White,Oval-oblong,0.0,1.0,26.0,73.0,63.0,872.0
CIRAD205,3253,3253,Dioscorea alata,Togo,,,2022.0,IITA,,61.0,108.0,0.2581,79.7416,40.2111111111111,67.566609,67.9916,,110.8,22.8,,,,9.9,100.0,143.0,,,66.0,,0.2365,81.1284,4.0,1.545,2.5,1.182,,,,54.1833333333333,0.324083333333333,12.74,2.54,19.9372056514914,58.3288,47.3025,,,,,,,,362.0,,,,,,,,,,,3.63636363636364,2.16,0.31,78.9149,0.0,137.5,0.0,0.0,98.5063523530218,45.2808848314479,99.2982723954335,20.0327469003317,68.5624451158727,0.301320773876178,,104.040261529492,58.7806469226933,11.5256971047962,2.40912548800301,79.5946934165411,0.132343802300964,3.24166952080137,1.94517093126076,2.38367410859964,163.369265634907,64.6155168785148,89.2803899457022,0.273548104936648,,1.0,2.0,,1.0,,,0.964257677594247,,229.14,389.0,,664.22,,,737.893889554152,,229.14,194.5,,664.22,,,657.400437233009,,5.092,8.644,,14.76,,,16.3974656043401,-0.0204164355509516,0.0291139611420367,-0.0455190943759239,-0.0023138204774279,-0.0849347331409019,-0.110108060907309,0.0143938912385725,2.0,3.0,2.0,1.77,1.0,68.67,16.54,14.79,,,,63.25,18.1,18.65,Vert foncé / Vert violacé,Jaunâtre,Jaunâtre,Autre,Entière,Sagittée allongée,Aigue,Souple,Nombreuses,0.0,Alternes à la base/opposées au-dessus,0.0,Vert,Absent,Absent,Vert,Absente,Vert,Absente,0,0.0,0.0,0.0,Vert pâle,Vert,Vert,Vert,,Présente,Absence,Autre,Autre,Autre,Autre,Autre,Autre,Autre,Autre,Autre,Faible,Moyenne,Uniformément répartie,Allongée,Moyenne,Base,Blanc,Uniforme,Absente,Autre,Violet,Lisse,Moyen,Moyenne,Absent,Absent,-1.39695942401886,7866.0,112.174850463867,47.1072616577149,11.0988178253174,11.3153772354126,1.99713444709778,1.70710670948029,97.1729049682617,0.49479533933863,188.752532958984,0.85296031220419,1.70880471694943,16.4,42.0,0.28,3.0,0.4893048128342245,modeste & variabilité moyenne,98.51,0.27,6.87,14.76,,,,,,0.0,56.0,38.0,6.0,356.0,16.0
CIRAD206,,,,,,,,,,,,,,,,,,,,,,,,,,,,,,,,,,,,,,,,,,,,,,,,,,,,,,,,,,,,,,,,,4.0,,,,,,,,,,,,,,,,,,,,,3.1051497069015,,,,,,,,,,,,,,,,,,,,,,,,,,,,,,,,,,,,,,,,,,,,,,,,,,,,,,,,,,,,,,,,,,,,,,,,,,,,,,,,,,,,,,,,,,,,,,,,,,,,,,,,,,,,,,,,,,,,,,,,,,,,,,,,,,0.0,,données insuffisantes,,,,,,,,,,,,,,,
CIRAD207,Roujol87,Chiyazi,Dioscorea alata,Comores,2,,2023.0,CIRAD,,,,,,,,,,,,,,,,,,,,22.0,,0.2978,80.4406,,,2.833,,,,,30.05,0.495916666666667,22.22,4.51,20.2970297029703,183.9727,83.0897,,,,,,,,,,,,,,,,,,176.0,3.18181818181818,2.12,0.3088,73.9081,14.0,34.5,0.0,0.0,34.6690431306477,38.6336476282633,,,53.547100003711,0.307819784320955,178.642567308573,,74.1430056403709,14.6025777601088,2.7178213991025,78.5818723476406,0.132343802300964,3.21493261939032,2.18089758070136,,,148.338835016002,,0.303809342360711,,,,,1.3,,1.0,1.34385760468189,,,,,1952.17,,2732.43,1623.92371562826,,,,,1464.12,,2732.43,1430.30739402372,,,,,43.381,,60.721,36.0871157146506,-0.0121029122729977,0.0291139611420367,-0.031715200760621,0.204882193754392,0.0413868137802606,-0.0224195380362806,-0.121420667411244,2.0,2.0,2.0,,,68.72,9.92,21.36,,,,64.59,5.98,29.44,Jaunâtre,Vert,Jaunâtre,Verte,Entière,Cordée allongée,Aigue,Souple,Peu nombreuses,0.0,Alternes à la base/opposées au-dessus,0.0,Entièrement vert avec base violette,Absent,Absent,,,,,,,,,,,,,Femelle,Présente,Absence,Autre,Autre,Autre,Autre,Autre,Autre,Autre,Autre,Autre,Faible,Moyenne,Uniformément répartie,Fusiforme,Forte,Base,Blanc jaunâtre ou blanc cassé,Uniforme,Absente,Autre,Jaune,Granuleux,Moyen,Épaisse,Absent,Absent,,,,,,,,,,,,,,36.09,16.7,,2.0,,données insuffisantes,34.67,0.3,,52.05,CHIYAZI,Medium,Low,Yellowish white or off-white,Irregular,27.0,60.0,7.0,7.0,2056.0,15.0
CIRAD208,CIR-B244,CIR-B244,Dioscorea alata,Guadeloupe,2,,2016.0,CIRAD,,,,0.2823,74.2384,45.4222222222222,61.540193,61.0484,28.5,102.8,15.0,11.2,100.0,181.0,,,,,,79.0,,,,,,,,,,,41.2666666666667,0.2685,13.08,2.48,18.960244648318,84.301,58.1395,,,,,,,,,,,,,,,,,,,4.5,1.84,0.3146,79.3266,14.0,0.0,2.0,0.0,29.4818783729169,43.1318449070488,,22.1510099090533,78.4616433216576,0.29921852364986,,100.211716832674,60.1679125826351,11.6360493645859,2.3997235820812,79.0110458949494,0.491176100348446,3.71798842484017,2.0432430087141,,179.135343767102,72.6822226134236,89.2803899457022,0.295578554589626,1.0,,2.5,,1.1,,1.0,1.19463185971205,476.27,,192.0,,684.41,,696.33,651.386682903959,476.27,,76.8,,608.37,,696.33,551.163623760155,10.584,,4.267,,15.209,,15.474,14.475353261873,-0.007239489872988,0.0291139611420367,0.0139936290999,0.0104940157619699,-0.101393206429445,-0.0269829607260122,-0.0188026709929708,,3.0,3.0,,,65.78,9.5,24.73,,,,62.62,15.86,21.52,Vert foncé / Vert violacé,Jaunâtre,Jaunâtre,Verte,Entière,Sagittée élargie,Aigue,Souple,Peu nombreuses,0.0,Alternes à la base/opposées au-dessus,0.0,Entièrement vert avec base violette,Absent,Absent,Vert violacé,Absente,Vert violacé,Absente,0,0.0,0.0,0.0,Vert pâle,Entièrement vert avec les deux extrémités violettes,Vert,Vert,,Présente,Absence,Autre,Autre,Autre,Autre,Autre,Autre,Autre,Autre,Autre,Faible,Faible,Uniformément répartie,Fusiforme,Moyenne,Base,Blanc avec du violet,Non uniforme,Absente,Autre,Violet clair,Granuleux,Moyen,Moyenne,Absent,Absent,-0.28147554397583,2451.0,72.9537887573242,43.0649566650391,11.7590217590332,12.3374109268188,3.18175506591797,3.37619876861572,88.26171875,0.742422489249012,166.5380859375,0.937822842572098,1.54614183622544,14.48,39.9,0.44,4.0,0.4278074866310161,modeste & variabilité moyenne,29.48,0.3,7.43,15.34,CIR-B244,High,Low,White with purple,Irregular,0.0,50.0,30.0,20.0,469.0,20.0
CIRAD209,CIR-D030,CIR-D030,Dioscorea alata,Guadeloupe,2,,2022.0,CIRAD,,,,,,,,,,,,,,,,,,,,,,,,,,,,,,,,,,,,,,,,,,,,,,,,,,,,,,,,,,,,,,,,,,,,,,,,,,,,,,,,,,,,,,,,,,,,,,,,,,,,,,,,,,,,,,,,,,,,,,,,,,,,,,,,,,,,,,,,,,,,,,,,,,,,,,,,,,,,,,,,,,,,,,,,,,,,,,,,,,,,,,,,,,,,,,,,,,,,,,,,,,,,,,,,0.0,,données insuffisantes,,,,,CIR-D030,na,na,na,na,,,,,,
CIRAD210,CIRAD210,Ruby,Dioscorea alata,Guadeloupe,,,2024.0,CIRAD,,39.0,56.0,0.2945,80.8933,,,,,106.333333333333,17.6666666666667,27.5,40.0,181.0,20.8,50.0,181.0,,161.0,59.0,,0.3338,83.8499,3.182,3.273,3.0,2.917,3.25,4.182,3.545,50.5,0.34925,16.28,3.09,18.980343980344,75.5793,69.8542,47.95,0.315166666666667,10.92,2.34,21.4285714285714,75.5793,69.8542,0.0,0.0,88.6,14.8,27.9,100.0,185.0,31.9,100.0,175.0,169.0,2.5,4.16,0.2284,79.8022,0.0,0.0,2.0,0.0,18.8890298688423,47.5403810774375,92.746174502971,27.3351513974908,59.7420119308151,0.302742518389921,172.655037164338,97.8790669216776,68.1152107205723,12.4201169533443,2.47603491120489,80.1546706455864,0.491176100348446,3.10168574378016,3.30406709223834,3.4160603189375,178.089474589425,75.2543917860907,76.1988781057249,0.286261239160807,1.0,1.0,,1.2,1.0,1.0,1.0,0.751018125796034,1106.23,3221.48,,1001.5,1876.55,2434.75,2152.75,1717.51566051176,1106.23,3221.48,,801.2,1876.55,2434.75,2152.75,1676.28913519213,24.583,71.588,,22.256,41.701,54.106,47.839,38.1670893110194,-0.0210866303394359,0.0291139611420367,0.010225432915446,0.0603766419965902,0.0501449279422882,0.11842589104931,0.0437232435915627,2.0,2.0,2.0,3.01,2.0,72.69,11.21,16.11,60.16,17.53,22.32,64.54,13.57,21.89,Vert foncé / Vert violacé,Vert,Jaunâtre,Verte,Entière,Cordée élargie,Aigue,Souple,Nombreuses,0.0,Alternes à la base/opposées au-dessus,0.0,Entièrement vert avec base violette,Absent,Absent,Vert,Absente,Vert,Absente,0,0.0,0.0,0.0,Vert pâle,Vert,Vert,Vert,Mâle,Absente,Absence,Autre,Autre,Autre,Autre,Autre,Autre,Autre,Autre,Autre,Faible,Faible,Base,Allongée,Nulle,Autre,Blanc avec du violet,Non uniforme,,,Violet clair,Granuleux,Très abondant,Moyenne,Absent,Absent,3.6097412109375,13811.0,187.114334106445,73.9567718505859,3.64261794090271,5.7680196762085,2.29899287223816,2.33376955986023,67.342643737793,0.708425168906275,122.316284179688,0.972776897272564,1.80626290421912,38.17,38.9,0.49,6.0,0.3943850267379679,performante & variabilité faible,18.89,0.29,48.09,41.48,Ruby,Medium,High,White with purple,Oval-oblong,44.0,44.0,10.0,2.0,1852.0,41.0
CIRAD211,CIRAD211,Ado,Disocorea bulbifera,Guadeloupe,,F,2024.0,CRB,,,,0.2811,83.3572,,,,,98.0,12.6666666666667,13.3,60.0,150.0,,,,,,,,,,,,,,,,,42.1166666666667,0.2205,9.9,1.89,19.0909090909091,89.2312,92.0088,,,,,,,,,,,,,,,,,,127.0,3.4,,0.4139,78.3673,0.0,0.0,3.0,0.0,28.3524219864524,43.3005558388113,,23.2161201285637,,0.297403087172561,146.3153271843,97.9145900145836,79.0793677519307,10.6039311700823,2.30727150718339,80.0987995983669,0.670592249372187,3.40777810541401,,,167.159042335186,84.0028836627932,75.7232370266392,0.327242878287984,1.0,,,,,,1.0,1.0699554265082,477.3,,,,,,715.0,888.631847691388,477.3,,,,,,715.0,756.801912689713,10.607,,,,,,15.889,19.7474789233768,0.0067021918437416,0.0291139611420367,-0.030189652022577,0.0093821265634094,-0.0744959996273256,-0.0056195391533043,0.0916391219312628,,2.0,2.0,,,59.81,8.81,31.39,,,,58.72,17.13,24.15,Vert foncé / Vert violacé,Jaunâtre,Jaunâtre,Verte,Entière,Cordée élargie,Aigue,Souple,Nombreuses,0.0,Alternes à la base/opposées au-dessus,0.0,Vert,Absent,Absent,Vert,Absente,Vert,Absente,0,0.0,0.0,0.0,Vert foncé / Vert violacé,Entièrement vert avec base violette,Vert,Vert,Femelle,Présente,Absence,Autre,Autre,Autre,Autre,Autre,Autre,Autre,Autre,Autre,Forte,Autre,Autre,Ronde,Nulle,Autre,Jaune,Uniforme,,,Violet avec du blanc,Lisse,Moyen,Moyenne,Absent,Absent,-4.54522609710693,2324.0,72.413215637207,50.0778884887695,48.1281394958496,48.4173812866211,10.8382892608643,2.25435709953308,95.3433303833008,0.794852906095531,166.18782043457,0.976470587825012,1.40278314058034,19.75,19.9,,2.0,,données insuffisantes,28.35,0.33,10.61,15.89,Ado,Medium,na,Yellow,Rounded,0.0,67.0,33.0,0.0,596.0,6.0
CIRAD211,CIRAD211,Ado,Disocorea bulbifera,Guadeloupe,,F,2024.0,CRB,,,,0.2811,83.3572,,,,,98.0,12.6666666666667,13.3,60.0,150.0,,,,,,,,,,,,,,,,,42.1166666666667,0.2205,9.9,1.89,19.0909090909091,89.2312,92.0088,,,,,,,,,,,,,,,,,,127.0,3.4,,0.4139,78.3673,0.0,0.0,3.0,0.0,28.3524219864524,43.3005558388113,,23.2161201285637,,0.297403087172561,146.3153271843,97.9145900145836,79.0793677519307,10.6039311700823,2.30727150718339,80.0987995983669,0.670592249372187,3.40777810541401,,,167.159042335186,84.0028836627932,75.7232370266392,0.327242878287984,1.0,,,,,,1.0,1.0699554265082,477.3,,,,,,715.0,888.631847691388,477.3,,,,,,715.0,756.801912689713,10.607,,,,,,15.889,19.7474789233768,0.0067021918437416,0.0291139611420367,-0.030189652022577,0.0093821265634094,-0.0744959996273256,-0.0056195391533043,0.0916391219312628,,2.0,2.0,,,59.81,8.81,31.39,,,,58.72,17.13,24.15,Vert foncé / Vert violacé,Jaunâtre,Jaunâtre,Verte,Entière,Cordée élargie,Aigue,Souple,Nombreuses,0.0,Alternes à la base/opposées au-dessus,0.0,Vert,Absent,Absent,Vert,Absente,Vert,Absente,0,0.0,0.0,0.0,Vert foncé / Vert violacé,Entièrement vert avec base violette,Vert,Vert,Femelle,Présente,Absence,Autre,Autre,Autre,Autre,Autre,Autre,Autre,Autre,Autre,Forte,Autre,Autre,Ronde,Nulle,Autre,Jaune,Uniforme,,,Violet avec du blanc,Lisse,Moyen,Moyenne,Absent,Absent,-4.54522609710693,2324.0,72.413215637207,50.0778884887695,48.1281394958496,48.4173812866211,10.8382892608643,2.25435709953308,95.3433303833008,0.794852906095531,166.18782043457,0.976470587825012,1.40278314058034,19.75,19.9,,2.0,,données insuffisantes,28.35,0.33,10.61,15.89,ADO,na,na,na,na,0.0,67.0,33.0,0.0,596.0,6.0
CIRAD212,CIR-A03,CIRADO,Dioscorea alata,Guadeloupe,2,F,2016.0,CIRAD,,91.0,106.0,0.3601,86.7704,,,,,120.0,20.8,33.0,100.0,181.0,39.8,100.0,179.0,152.0,154.0,79.0,,0.3506,85.4383,1.545,3.818,2.333,3.917,2.5,4.091,4.455,47.2,0.285833333333333,12.64,2.64,20.8860759493671,92.0392,64.5939,40.0666666666667,0.297333333333333,11.92,2.05,17.1979865771812,92.0392,64.5939,0.0,0.0,100.8,14.8,36.2,100.0,184.0,37.6,87.5,182.0,156.0,2.66666666666667,3.92,0.2738,86.9914,14.0,48.0,0.0,,25.3218106452256,44.4214067675491,99.0462686303388,35.0790952785184,81.6410184592339,0.299781504210154,163.162953833309,106.251330123055,64.3669783763369,11.7732234172026,2.37578679424426,81.8785018184654,0.13953683593657,2.99162516557077,3.7180403496808,3.54897581056475,178.80523717708,88.5681998295374,92.5841329402403,0.31744624019435,1.3,1.0,,1.0,1.0,1.0,1.0,1.14189791346893,6454.83,2537.32,,2440.0,3304.75,2155.5,3346.33,2769.02933391945,4841.12,2537.32,,2440.0,3304.75,2155.5,3346.33,2556.66910898833,143.441,56.385,,54.222,73.439,47.9,74.363,61.5340484266939,-0.0009371464443342,-0.137550759692287,-0.0303245932446763,0.0281028942544503,0.213794707438002,0.131315011927913,-0.0097025942970416,1.0,2.0,1.0,3.31,3.0,62.21,14.71,23.08,65.35,2.47,32.17,61.84,12.71,25.45,Vert pâle,Jaunâtre,Jaunâtre,Verte,Entière,Sagittée élargie,Aigue,Souple,Peu nombreuses,0.0,Alternes à la base/opposées au-dessus,0.0,Vert,Absent,Absent,Vert,Absente,Vert,Absente,0,0.0,0.0,0.0,Vert pâle,Vert,Vert,Vert,Femelle,Absente,Présence,Irrégulière,Grand (> 3 cm),,,Blanc jaunâtre ou blanc cassé,Rugueuse,Épaisse,Jaune,Jaune,Faible,Faible,Base,Allongée,Nulle,Autre,Blanc,Uniforme,Absente,Autre,Blanc,Granuleux,Très abondant,Moyenne,Absent,Absent,-1.18380677700043,18764.5,297.454406738281,49.419319152832,10.4923295974731,11.0137205123901,3.16334629058838,3.02583932876587,96.5158767700195,0.515216402088675,125.754264831543,0.886288494195811,1.78822296880468,61.53,42.9,-1.23,6.0,0.6711229946524064,performante & variabilité forte,25.32,0.32,99.91,62.48,CIRADO,Medium,High,White,Oval-oblong,49.0,46.0,5.0,0.0,2960.0,39.0
CIRAD213,CIR-A39,Elie,Dioscorea alata,Guadeloupe,2,M,2016.0,CIRAD,,89.0,89.0,0.3119,85.652,,,,,107.0,21.0,28.2,100.0,145.0,33.0,100.0,169.0,156.0,154.0,79.0,,0.3249,83.9682,1.545,4.364,3.333,3.583,3.5,4.182,4.455,48.0166666666667,0.274,16.53,4.62,27.9491833030853,107.9798,70.6241,48.0,0.243166666666667,8.16,1.89,23.1617647058824,107.9798,70.6241,0.0,0.0,105.0,21.0,33.4,100.0,183.0,29.5,100.0,175.0,156.0,4.3,4.2,0.3055,88.3244,14.0,21.0,0.0,0.0,21.70337145851,46.8617368907852,96.9042366270337,30.5534137896062,81.0327127223334,0.297376249614897,164.300691300537,103.403034394752,68.6638037821518,11.8050780231489,2.62234297379608,81.7308174552543,0.132343802300964,3.57089136667282,3.70465438806291,3.73546737040299,169.142442243732,101.461965192472,94.684806636973,0.307148845486873,1.4,1.0,,1.2,1.0,1.0,1.0,1.11511092740401,1709.3,2743.71,,3775.0,2335.62,778.57,871.4,1789.53174566721,1220.93,2743.71,,3235.71,2335.62,778.57,871.4,1629.70140938253,37.984,60.971,,83.889,51.903,17.302,19.364,39.7673158161182,-0.0031403141252396,0.0291139611420367,-0.0465121098968776,0.070003529015514,0.046501130198414,0.120651493436642,0.101515340023253,2.0,3.0,3.0,3.51,3.0,60.49,29.63,9.88,53.42,16.77,29.81,59.38,16.87,23.75,Vert foncé / Vert violacé,Jaunâtre,Jaunâtre,Verte,Entière,Sagittée élargie,Aigue,Souple,Peu nombreuses,0.0,Alternes à la base/opposées au-dessus,0.0,Vert,Absent,Absent,Vert,Absente,Vert,Absente,0,0.0,0.0,0.0,Vert pâle,Vert,Vert,Vert,Mâle,Absente,Absence,Autre,Autre,Autre,Autre,Autre,Autre,Autre,Autre,Autre,Faible,Faible,Base,Cylindrique,Nulle,Autre,Blanc,Uniforme,Absente,Autre,Blanc,Granuleux,Moyen,Moyenne,Absent,Absent,-2.55225133895874,17832.5,178.475509643555,63.6384086608887,8.63743782043457,9.2074728012085,4.86923313140869,1.21548247337341,110.949798583984,0.762333954020656,152.969146728516,0.967133985900852,1.75074012340812,39.77,51.8,-1.26,6.0,0.7700534759358288,performante & variabilité forte,21.7,0.31,49.48,43.11,Elie,High,High,White,Cylindrical,34.0,51.0,10.0,5.0,1924.0,41.0
CIRAD214,CIR-A54,Hana,Dioscorea alata,Guadeloupe,2,M,2016.0,CIRAD,,65.0,97.0,0.5259,84.1731,,,,,145.25,25.0,37.4,100.0,157.0,40.9,87.5,179.0,160.0,154.0,80.0,,0.3966,83.1792,2.364,3.545,3.167,3.5,2.917,4.455,4.091,45.0333333333333,0.313833333333333,14.43,3.19,22.1067221067221,97.3845,63.0372,37.9666666666667,0.26025,12.32,2.28,18.5064935064935,97.3845,63.0372,0.0,0.0,137.25,20.75,31.4,100.0,170.0,32.0,87.5,184.0,156.0,3.16666666666667,3.28,0.2668,86.9996,14.0,0.0,0.0,0.0,18.8890298688423,43.2314553169806,97.9122516874126,34.0935024209331,74.0371967479774,0.299450478009544,165.438428767765,126.221767218094,63.2577501402532,12.3098510096838,2.4814537283379,81.3082084455303,0.132343802300964,3.28507115757209,3.36579124858754,3.57561746197022,172.363373888182,92.8918165061051,90.4834592435076,0.367420326357647,1.0,2.2,,1.0,1.0,1.0,1.1,1.2751758189111,847.32,2021.83,,2017.62,4337.12,1874.29,2101.0,1912.07907150222,847.32,933.15,,2017.62,4337.12,1874.29,1867.56,1706.30900296933,18.829,44.93,,44.836,96.381,41.651,46.689,42.4907594908347,0.0160240619129263,0.0291139611420367,-0.0359630936878619,0.0507666721241028,0.14630576456416,0.0855496344095399,0.0342510934978993,2.0,2.0,2.0,3.34,3.0,63.15,18.03,18.82,63.92,7.01,29.07,62.4,12.44,25.16,Vert foncé / Vert violacé,Jaunâtre,Jaunâtre,Verte,Entière,Sagittée allongée,Aigue,Souple,Peu nombreuses,0.0,Alternes à la base/opposées au-dessus,0.0,Vert,Absent,Absent,Vert,Absente,Vert,Absente,0,0.0,0.0,0.0,Vert pâle,Vert,Vert,Vert,Mâle,Absente,Absence,Autre,Autre,Autre,Autre,Autre,Autre,Autre,Autre,Autre,Faible,Faible,Base,Allongée,Nulle,Autre,Blanc,Uniforme,Absente,Autre,Blanc,Granuleux,Moyen,Moyenne,Absent,Absent,,12320.5,228.663055419922,,,,,,,0.537342136174958,,0.978244471715571,1.73664577511339,42.49,47.6,2.99,6.0,0.7192513368983957,performante & variabilité forte,18.89,0.37,31.88,57.39,Hana,Medium,Medium,White,Oval-oblong,37.0,49.0,4.0,10.0,1965.0,49.0
CIRAD215,CIR-A67,GWADIKERA,Dioscorea alata,Guadeloupe,2,F,2016.0,CIRAD,195.0,97.0,,0.3616,87.6294,,,,,154.8,22.6,33.2,100.0,166.0,24.6,100.0,179.0,166.0,154.0,80.0,,0.3464,85.1528,2.636,4.545,3.5,3.583,2.083,4.182,3.0,44.35,0.239083333333333,14.7,3.08,20.9523809523809,128.5757,67.0187,37.2166666666667,0.251166666666667,10.59,2.49,23.5127478753541,128.5757,67.0187,0.0,0.0,122.4,24.0,44.0,100.0,192.0,40.0,75.0,191.0,163.0,3.4,4.2,0.2987,85.857,14.0,0.0,0.0,,18.8890298688423,42.8317060015552,,34.1136165608838,83.7700885383857,0.296395318763548,169.391134445211,124.506316381729,66.0947721881541,11.952099281363,2.49500077117042,81.81252319694,0.13953683593657,3.40965005322682,3.34397708891393,3.78845790781386,179.163118470908,118.121231596401,90.4834592435076,0.322863353049941,1.0,1.4,1.0,1.0,,1.0,1.0,1.10863340816928,373.4,3066.31,1124.17,2417.12,,1680.17,3879.38,1937.51501768405,373.4,2146.42,1124.17,2417.12,,1680.17,3879.38,1811.73926642191,8.298,68.14,24.981,53.714,,37.337,86.208,43.0557812956878,-0.0042237026703484,-0.136646451032526,0.0166006005666091,0.0647927662465606,0.114689473760544,0.155537969031596,-0.0488727549830783,2.0,2.0,2.0,3.65,3.0,63.09,12.69,24.22,56.55,16.93,26.52,60.21,12.46,27.34,Vert foncé / Vert violacé,Jaunâtre,Jaunâtre,Verte,Entière,Sagittée allongée,Aigue,Souple,Peu nombreuses,0.0,Alternes à la base/opposées au-dessus,0.0,Entièrement vert avec base violette,Absent,Absent,Vert,Absente,Vert,Absente,0,0.0,0.0,0.0,Vert foncé / Vert violacé,Entièrement vert avec base violette,Vert,Vert,Femelle,Absente,Présence,Ronde,Très petit (< 1 cm),,,Blanc jaunâtre ou blanc cassé,Rugueuse,Épaisse,Violet,Violet,Faible,Faible,Base,Cylindrique,Faible,Extrémité,Blanc avec du violet,Non uniforme,Présente,Marron,Blanc,Lisse,Moyen,Épaisse,Absent,Absent,1.12469267845154,18792.0,204.917068481445,40.3737258911133,15.0561990737915,15.2939138412476,4.95940685272217,2.739333152771,87.7386245727539,0.647022143199356,126.864067077637,0.931865516169202,1.84766665893708,43.06,56.3,2.97,6.0,0.7941176470588236,performante & variabilité forte,18.89,0.32,33.81,59.09,Gwadikera,Medium,High,White with purple,Cylindrical,40.0,51.0,7.0,2.0,2105.0,43.0
CIRAD216,CRB68-bis,CRB68-bis,Dioscorea alata,Guadeloupe,,F,2023.0,CRB,,87.0,103.0,0.1977,79.1468,,,,,83.4,17.8,,,,26.0,87.5,148.0,,154.0,62.0,115.0,0.3523,81.3342,2.182,2.818,3.667,1.917,2.75,4.455,1.727,43.3833333333333,0.2665,9.05,1.85,20.4419889502762,58.1227,58.4798,43.05,0.268083333333333,20.75,5.29,25.4939759036145,58.1227,58.4798,138.0,0.0,118.4,22.6,17.2,62.5,176.0,11.7,75.0,175.0,,2.33333333333333,2.28,0.2085,82.9129,0.0,75.5,2.0,0.0,47.5015026971305,44.1889943748599,99.7051698437854,19.6460602802934,75.2538082217784,0.298010969577534,165.269638488703,100.101600709672,60.0103699365351,13.0572090722718,2.70768934364095,80.0192197939436,0.491176100348446,3.21174632198955,2.13948843148102,3.36277701612658,166.244661306126,61.134389751374,78.461062018756,0.262299055268055,,1.0,,1.6,1.4,1.4,1.0,1.41306170306868,,909.53,,1248.38,1834.5,851.88,1697.2,1212.96084732508,,909.53,,768.23,1334.18,619.55,1697.2,995.391629567643,,20.212,,27.742,40.767,18.931,37.716,26.9548906873691,-0.0151763483533706,0.0291139611420367,0.0143376609261847,-0.005172685372744,-0.0138880705975714,-0.0271950843297731,-0.0282448600345412,3.0,2.0,2.0,2.59,2.0,59.4,16.27,24.33,64.08,35.92,0.0,67.37,19.18,13.45,Vert foncé / Vert violacé,Vert,Jaunâtre,Verte,Entière,Cordée allongée,Aigue,Souple,Peu nombreuses,0.0,Alternes à la base/opposées au-dessus,0.0,Entièrement vert avec base violette,Absent,Absent,Vert violacé,Absente,Vert violacé,Absente,0,0.0,0.0,0.0,Violet,Entièrement vert avec les deux extrémités violettes,Vert,Vert,Femelle,Absente,Absence,Autre,Autre,Autre,Autre,Autre,Autre,Autre,Autre,Autre,Faible,Faible,Uniformément répartie,Fusiforme,Forte,Base,Blanc jaunâtre ou blanc cassé,Uniforme,Absente,Autre,Violet clair,Lisse,Abondant,Moyenne,Fort,Absent,-0.510767161846161,8071.0,130.547073364258,43.1493949890137,13.8556528091431,14.2627573013306,4.98642444610596,3.02026891708374,88.3314666748047,0.761559122796474,131.845901489258,0.952723838641005,1.70568140523196,26.95,30.6,1.29,5.0,0.2058823529411764,performante & variabilité faible,47.5,0.26,20.21,31.29,CRB68-bis,Medium,Low,Yellowish white or off-white,Irregular,15.0,60.0,21.0,4.0,986.0,47.0
CIRAD216,CRB68-bis,CRB68-bis,Dioscorea alata,Guadeloupe,,F,2023.0,CRB,,87.0,103.0,0.1977,79.1468,,,,,83.4,17.8,,,,26.0,87.5,148.0,,154.0,62.0,115.0,0.3523,81.3342,2.182,2.818,3.667,1.917,2.75,4.455,1.727,43.3833333333333,0.2665,9.05,1.85,20.4419889502762,58.1227,58.4798,43.05,0.268083333333333,20.75,5.29,25.4939759036145,58.1227,58.4798,138.0,0.0,118.4,22.6,17.2,62.5,176.0,11.7,75.0,175.0,,2.33333333333333,2.28,0.2085,82.9129,0.0,75.5,2.0,0.0,47.5015026971305,44.1889943748599,99.7051698437854,19.6460602802934,75.2538082217784,0.298010969577534,165.269638488703,100.101600709672,60.0103699365351,13.0572090722718,2.70768934364095,80.0192197939436,0.491176100348446,3.21174632198955,2.13948843148102,3.36277701612658,166.244661306126,61.134389751374,78.461062018756,0.262299055268055,,1.0,,1.6,1.4,1.4,1.0,1.41306170306868,,909.53,,1248.38,1834.5,851.88,1697.2,1212.96084732508,,909.53,,768.23,1334.18,619.55,1697.2,995.391629567643,,20.212,,27.742,40.767,18.931,37.716,26.9548906873691,-0.0151763483533706,0.0291139611420367,0.0143376609261847,-0.005172685372744,-0.0138880705975714,-0.0271950843297731,-0.0282448600345412,3.0,2.0,2.0,2.59,2.0,59.4,16.27,24.33,64.08,35.92,0.0,67.37,19.18,13.45,Vert foncé / Vert violacé,Vert,Jaunâtre,Verte,Entière,Cordée allongée,Aigue,Souple,Peu nombreuses,0.0,Alternes à la base/opposées au-dessus,0.0,Entièrement vert avec base violette,Absent,Absent,Vert violacé,Absente,Vert violacé,Absente,0,0.0,0.0,0.0,Violet,Entièrement vert avec les deux extrémités violettes,Vert,Vert,Femelle,Absente,Absence,Autre,Autre,Autre,Autre,Autre,Autre,Autre,Autre,Autre,Faible,Faible,Uniformément répartie,Fusiforme,Forte,Base,Blanc jaunâtre ou blanc cassé,Uniforme,Absente,Autre,Violet clair,Lisse,Abondant,Moyenne,Fort,Absent,-0.510767161846161,8071.0,130.547073364258,43.1493949890137,13.8556528091431,14.2627573013306,4.98642444610596,3.02026891708374,88.3314666748047,0.761559122796474,131.845901489258,0.952723838641005,1.70568140523196,26.95,30.6,1.29,5.0,0.2058823529411764,performante & variabilité faible,47.5,0.26,20.21,31.29,Pas possible IRAT,na,na,na,na,15.0,60.0,21.0,4.0,986.0,47.0
CIRAD217,CIRAD217,CIRAD217,Dioscorea alata,Guadeloupe,,,2023.0,CIRAD,,,,0.3388,78.5222,,,,,47.5,10.5,20.0,100.0,166.0,,,,165.0,,,,,,,,,,,,,44.2333333333333,0.298666666666667,18.93,3.41,18.013734812467,105.8251,68.7675,,,,,,,,,,,,,,,,,,,,,,,0.0,0.0,0.0,0.0,28.3524219864524,44.1191985774018,,26.6143289241446,,0.300359475047052,171.011885503082,73.7469016159221,66.2162456046967,13.5347573639086,2.54545312386928,79.5458708246094,0.132343802300964,,,,173.340359203272,95.2712754779958,89.2803899457022,0.303618420681137,1.8,,,,1.1,,1.0,1.38404638436724,289.82,,,,1619.0,,897.71,954.937644340088,161.01,,,,1439.11,,897.71,797.883237999662,6.44,,,,35.978,,19.949,21.2207819715336,-0.0121012192870136,0.0291139611420367,0.0015932770234414,0.09856128426789,-0.0367463057095432,-0.018074895312808,-0.0664791547633264,,,,,,72.88,5.79,21.33,,,,65.57,8.34,26.09,Vert foncé / Vert violacé,Jaunâtre,Jaunâtre,Verte,Entière,Sagittée allongée,Aigue,Souple,Peu nombreuses,0.0,Alternes à la base/opposées au-dessus,0.0,Vert,Absent,Absent,Vert,Absente,Vert,Absente,0,0.0,0.0,0.0,Vert foncé / Vert violacé,Vert,Vert,Vert,,Présente,Absence,Autre,Autre,Autre,Autre,Autre,Autre,Autre,Autre,Autre,Faible,Moyenne,Base,Allongée,Nulle,Autre,Jaune,Uniforme,Présente,Orangée,Blanc jaunâtre ou blanc cassé,Granuleux,Moyen,Épaisse,Absent,Absent,0.439505040645599,17183.5,251.3525390625,40.2639770507812,16.9495868682861,17.4531898498535,7.18896579742432,3.75312352180481,84.2468948364258,0.339526648454697,89.7781829833984,0.783186344851613,1.75510063342608,21.22,58.1,1.52,3.0,0.5828877005347594,modeste & variabilité forte,28.35,0.3,6.44,27.96,CIRAD217,na,na,Yellow,Oval-oblong,16.0,40.0,28.0,16.0,827.0,25.0
CIRAD218,CIRAD218,Autofecondation-74F-violet,Dioscorea alata,Guadeloupe,,M,2024.0,CIRAD,,,,,,,,,,156.4,27.8,27.2,80.0,184.0,25.0,100.0,199.0,158.0,154.0,96.0,,0.3555,72.2824,2.364,4.818,4.167,2.917,3.417,4.4,2.273,41.25,0.271083333333333,15.98,3.9,24.4055068836045,114.789,87.0013,38.0166666666667,0.267916666666667,13.98,2.9,20.7439198855508,114.789,87.0013,0.0,0.0,181.5,30.25,27.5,75.0,185.0,31.0,75.0,180.0,156.0,2.83333333333333,2.4,0.2637,83.4175,21.0,0.0,0.0,0.0,18.8890298688423,42.1902477977332,,27.8581190362095,85.8922965919224,0.298171927271408,164.869560034151,144.153083507642,80.3333950123119,13.0964147411289,2.66162939801039,78.7620026012171,0.132343802300964,3.43172082873716,2.55247013621105,3.93220571924333,182.741931409185,106.96967676602,82.9210339352697,0.307876319716463,1.0,1.0,,1.0,1.0,1.0,1.0,1.0614329456403,4008.28,4592.0,,2605.71,2734.61,2914.75,2697.0,2735.2198198901,4008.28,4592.0,,2605.71,2734.61,2914.75,2697.0,2741.92193943457,89.073,102.044,,57.905,60.769,64.772,59.933,60.7825704080332,-0.0078930923146664,0.0291139611420367,0.128907696548163,0.103343450257549,0.172845642375475,0.228478782824299,-0.0630419222797752,3.0,2.0,2.0,3.54,3.0,62.15,21.84,16.01,62.93,12.86,24.21,62.55,12.06,25.39,Vert foncé / Vert violacé,Vert,Jaunâtre,Verte,Entière,Sagittée allongée,Aigue,Souple,Peu nombreuses,0.0,Alternes à la base/opposées au-dessus,0.0,Entièrement vert avec les deux extrémités violettes,Absent,Absent,Vert,Absente,Brun foncé,Absente,0,0.0,0.0,0.0,Violet,Entièrement vert avec les deux extrémités violettes,Violet,Vert,Mâle,Absente,Absence,Autre,Autre,Autre,Autre,Autre,Autre,Autre,Autre,Autre,Faible,Moyenne,Uniformément répartie,Allongée,Moyenne,Extrémité,intérieur violet/exterieur jaune,Non uniforme,Présente,Orangée,Violet clair,Granuleux,Abondant,Moyenne,Absent,Absent,,,,,,,,,,,,,,60.78,23.4,-1.58,6.0,0.5254010695187166,performante & variabilité moyenne,18.89,0.31,95.56,60.84,74F-violet,na,na,na,na,69.0,26.0,5.0,0.0,3289.0,39.0
CIRAD219,CIRAD219,PAS POSSIBLE (nouveau),Dioscorea esculenta,Guadeloupe,,,2024.0,CIRAD,,24.0,43.0,,,,,,,128.8,20.0,,,,21.1,87.5,204.0,,,49.0,,0.3512,83.0847,2.818,3.455,4.333,3.75,,,,49.8,0.338083333333333,8.99,1.71,19.0211345939933,46.0486,46.7069,,,,,,,,0.0,,,,,,,,,,,3.3,4.16,0.5121,83.7543,14.0,21.0,,0.0,24.4555580253953,46.2721645198369,91.1081500298553,25.7133347377207,52.1381902195586,0.301850276182057,,112.654487097332,54.0065932857098,10.3085765924099,2.27906578941795,80.2469707092799,0.183023258668045,3.57089136667282,3.45073588137215,3.17433383333895,186.935536194485,54.6789479756332,85.043779658495,0.386665936584652,,46.3,,,10.0,,,26.785801347209,,1952.21,,,819.71,,2670.0,1422.41082246654,,42.18,,,81.97,,,430.8819118587,,43.383,,,18.216,,59.333,31.6092221746041,0.346967268338072,0.0291139611420367,-0.0244832486171125,-0.0559043902644832,-0.0430661121485206,0.0781774122396762,0.071531822321242,3.0,2.0,3.0,3.84,3.0,64.08,13.08,22.84,,,,61.01,23.68,15.31,Vert foncé / Vert violacé,Vert,Vert,Verte,Entière,Cordée élargie,Aigue,Souple,Nombreuses,0.0,Alternes à la base/opposées au-dessus,0.0,Vert,Forte,Absent,Brun foncé,Absente,Vert violacé,Absente,Spinescence,0.0,1.0,3.0,Vert pâle,Vert,Vert,Vert,,Présente,Absence,Autre,Autre,Autre,Autre,Autre,Autre,Autre,Autre,Autre,Faible,Faible,Uniformément répartie,Allongée,Nulle,Autre,Blanc,Uniforme,Absente,Autre,Blanc,Lisse,Moyen,Moyenne,Absent,Absent,,,,,,,,,,,,,,31.61,42.0,-0.85,3.0,0.6390374331550802,performante & variabilité forte,24.46,0.39,43.38,38.77,PAS POSSIBLE (nouveau),Medium,High,White,Oval-oblong,0.0,1.0,19.0,80.0,50.0,404.0
CIRAD220,CIRAD220,Patte à cheval,Dioscorea trifida,Guadeloupe,,,2024.0,CIRAD,,,,,,,,,,,,,,,,,,,,,,,,,,,,,,,28.1,0.500166666666667,23.07,5.26,22.8001733853489,245.9131,121.6872,,,,,,,,,,,,,,,,,,156.0,3.3,2.6,0.381,75.6671,,,,0.0,,37.8794649478295,,,,0.307980526092383,165.447775421114,,95.5051651184493,14.878458409583,2.83534522312514,78.9121785865081,0.183023258668045,3.37957716728436,2.41687684696522,,,190.400598458615,,0.342231429350164,,,,,,,,,,,,,,,,,,,,,,,,,,,,,,,,,0.0068032789972427,0.0291139611420367,-0.0359630936878619,0.287929900130245,-0.016875157906162,-0.0197594609518447,-0.0161333037774359,,2.0,2.0,,,66.6,12.99,20.41,,,,63.89,6.25,29.86,Vert pâle,Vert,Jaunâtre,Verte,Entière,99,Aigue,Souple,Peu nombreuses,0.0,Alternes à la base/opposées au-dessus,0.0,Vert,Absent,Absent,,,,,,,,,,,,,Femelle,Présente,Absence,Autre,Autre,Autre,Autre,Autre,Autre,Autre,Autre,Autre,Faible,Faible,Base,Ovale,Nulle,Autre,Blanc,Uniforme,Absente,Autre,Violet,Lisse,Abondant,Moyenne,Absent,Absent,,,,,,,,,,,,,,,,,0.0,,données insuffisantes,,0.34,,,Patte à cheval,Medium,Medium,White,Oval,,,,,,
CIRAD221,CRB305,Luc GC,D. rotundata,Guadeloupe,,,2024.0,CRB,,77.0,77.0,,,,,,,85.0,18.0,,,,22.0,12.5,186.0,,,34.0,,0.4525,73.6806,2.273,1.909,4.5,3.333,,,,,,,,,,,,,,,,,,0.0,,,,,,,,,,,,4.08,,,0.0,0.0,0.0,0.0,21.2056799044336,,95.3922140364654,26.1698105460823,63.6959992206685,,,91.6932048822549,,,,78.1854172585998,0.132343802300964,3.67077325528642,3.28692988745679,2.53435481006828,179.981554717888,,59.6241179352519,0.365340226994282,,1.0,,,1.0,,,0.602619506294078,,1625.0,,,1282.0,,,1221.68788125002,,1625.0,,,1282.0,,,1171.23247622569,,36.111,,,28.489,,,27.1486085067822,0.110658288076177,0.0291139611420367,-0.0202353556898716,-0.0022862509550083,-0.0335836698146539,0.027860019039571,0.124546592211204,3.0,,3.0,3.42,3.0,,,,,,,,,,Vert foncé / Vert violacé,Vert,Vert,Verte,Entière,Cordée allongée,Aigue,Coriace,Peu nombreuses,0.0,Alternes à la base/opposées au-dessus,0.0,9,Absent,Absent,Brun foncé,Absente,Vert violacé,Absente,Spinescence,0.0,1.0,0.0,Vert pâle,Vert,Vert,Vert,,Présente,Absence,Autre,Autre,Autre,Autre,Autre,Autre,Autre,Autre,Autre,Forte,Autre,Autre,Cylindrique,Nulle,Autre,Blanc jaunâtre ou blanc cassé,Uniforme,Absente,Autre,Violet,Lisse,Abondant,Épaisse,Faible,Absent,,,,,,,,,,,,,,27.15,11.8,,2.0,,données insuffisantes,21.21,0.37,36.11,28.49,Luc GC,na,High,Yellowish white or off-white,Cylindrical,22.0,67.0,11.0,0.0,1320.0,9.0
CIRAD222,CRB597,Mgs 5,D. cayenenesis rotundata,Guadeloupe,,,2024.0,CRB,,58.0,87.0,,,,,,,68.0,17.6666666666667,,,,29.8,50.0,184.0,,,45.0,,0.3849,78.3205,1.455,2.273,4.167,2.917,,,,42.15,0.261416666666667,2.95,0.5,16.9491525423729,19.232,29.3976,,,,,,,,0.0,,,,,,,,,,,2.8,4.44,0.3391,88.5157,0.0,0.0,,0.0,21.2056799044336,43.3134478504426,96.652232861939,30.1259342185496,61.2627762730664,0.298950620697481,,83.5575474015173,44.4265938802067,8.34820115379307,2.08946068666141,80.246597437588,0.183023258668045,3.42438834517891,3.26847287405787,2.68503551153692,179.208890109377,36.4686444332736,72.3339487968734,0.341703242484944,,1.0,,,1.0,,1.0,0.780328039613182,,497.54,,,1545.43,,1022.67,918.516524690863,,497.54,,,1545.43,,1022.67,839.170635069406,,11.056,,,34.343,,22.726,20.4114042837907,0.116015623497491,0.0291139611420367,-0.0244832486171125,-0.180992153316124,-0.0530202022169273,-0.0206839186764425,0.120440156046167,3.0,2.0,2.0,3.12,2.0,49.21,2.63,48.16,,,,57.23,39.49,3.27,Vert foncé / Vert violacé,Jaunâtre,Jaunâtre,Verte,Entière,Cordée allongée,Aigue,Souple,Nombreuses,0.0,Alternes à la base/opposées au-dessus,0.0,Vert,Absent,Absent,Brun foncé,Absente,Vert violacé,Absente,Spinescence,0.0,1.0,3.0,Vert pâle,Vert,Vert,Vert,,Présente,Absence,Autre,Autre,Autre,Autre,Autre,Autre,Autre,Autre,Autre,Forte,Autre,Autre,Cylindrique,Nulle,Autre,Blanc,Uniforme,Absente,Autre,Violet avec du blanc,Lisse,Moyen,Épaisse,Absent,Absent,,,,,,,,,,,,,,20.41,41.9,1.48,3.0,0.3957219251336898,modeste & variabilité faible,21.21,0.34,11.06,28.53,Mgs 5,Medium,High,White,Cylindrical,11.0,78.0,11.0,0.0,1080.0,18.0
CIRAD223,CIRAD223,OP3,,,,,2024.0,CRB,,52.0,65.0,,,,,,,144.2,16.4,9.0,100.0,145.0,15.9,87.5,148.0,,,45.0,115.0,,,1.909,1.545,,1.167,2.583,3.364,2.0,46.35,0.242833333333333,8.17,1.96,23.9902080783354,67.4571,79.3835,45.7666666666667,0.230166666666667,7.57,1.77,23.3817701453104,67.4571,79.3835,0.0,0.0,142.666666666667,14.0,22.0,100.0,179.0,,,,,1.625,1.8,0.2698,73.3579,0.0,21.0,3.0,3.0,21.70337145851,45.7740468929999,95.4528931726598,19.7819472494713,59.4378590623648,0.295766672676151,,127.635126083275,74.9053235426398,9.61201092145624,2.24573518305208,78.5569847282181,1.20884069644341,2.9072114536127,1.90225944503046,2.67067961038467,164.180381837138,68.6846427784732,91.0861208174733,0.289231701022413,1.0,1.0,,1.1,1.0,,1.0,1.34841733626638,236.0,351.25,,1083.12,2236.65,,1364.0,1055.51574312942,236.0,351.25,,962.78,2236.65,,1364.0,1010.84037141,5.244,7.806,,24.069,49.703,,30.311,23.4558082487139,0.0019093648312489,-0.197731060290994,-0.0045076176918813,-0.0402432969285869,-0.0253009495519699,-0.0736028412811595,-0.129201099708389,,1.0,1.0,,,53.33,23.72,22.94,52.58,21.77,25.65,56.54,23.13,20.33,Vert foncé / Vert violacé,Vert,Jaunâtre,Verte,Entière,Cordée élargie,Aigue,Souple,Nombreuses,0.0,Alternes à la base/opposées au-dessus,0.0,Vert,Absent,Absent,Vert brunâtre,Absente,Vert brunâtre,Absente,0,0.0,0.0,0.0,Vert pâle,Vert,Vert,Vert,,Présente,Présence,5,Moyen (2-3 cm),Forte,Nul,Jaune,Rugueuse,Épaisse,Jaune,Brun,Faible,Moyenne,Uniformément répartie,Fusiforme,Forte,Base,Jaune,Uniforme,Présente,Orangée,Violet avec du blanc,Lisse,Moyen,Moyenne,Absent,Absent,,,,,,,,,,,,,,23.46,69.2,2.13,5.0,0.8235294117647058,modeste & variabilité forte,21.7,0.29,6.52,34.69,OP3,Low,Low,Yellow,Irregular,32.0,53.0,16.0,0.0,1284.0,19.0
CIRAD224,CRB383,Adon-CRB,Disocorea bulbifera,Guadeloupe,,,2024.0,CRB,,51.0,64.0,,,,,,,117.25,15.25,15.5,80.0,171.0,13.4,62.5,,,,35.0,,,,2.545,1.182,,1.25,,,,26.8833333333333,0.184583333333333,3.05,0.53,17.3770491803279,25.2277,46.7901,,,,,,,,0.0,,,,,,,,,,,3.33333333333333,1.6,0.3376,73.0658,,,3.0,,23.8508772364348,37.4089065232853,93.7541895633498,21.2578690231652,56.092177509412,0.296044661614026,,107.127025691301,54.0526411299633,8.38065770079004,2.09416163962232,78.5120548278168,0.795470347704883,3.38897747999424,1.78301288497031,2.23340736510206,175.272020724549,40.5401343667075,77.4386682420539,0.321546283581959,1.0,2.0,,,1.0,,,1.30013815262558,60.3,49.9,,,86.33,,,523.642380316605,60.3,24.95,,,86.33,,,437.061505837149,1.34,1.109,,,1.919,,,11.6366146112331,-7.25632046356548e-06,-0.0537815378573381,-0.0274673078333801,-0.167053886448107,-0.124409424467489,-0.089765486707444,-0.0762261068810382,,2.0,2.0,,,46.66,4.55,48.79,,,,56.13,36.42,7.45,Vert pâle,Vert,Jaunâtre,Verte,Entière,Sagittée élargie,Aigue,Souple,Peu nombreuses,0.0,Alternes à la base/opposées au-dessus,0.0,Vert,Absent,Absent,Vert,Absente,Vert,Absente,0,0.0,0.0,0.0,Vert pâle,Vert,Vert,Vert,,Présente,Présence,Ronde,,,,Jaune,Rugueuse,,,,Faible,Faible,Uniformément répartie,Ronde,Nulle,Autre,Jaune,Uniforme,Présente,Orangée,Violet avec du blanc,Lisse,Moyen,Moyenne,Absent,Absent,,,,,,,,,,,,,,11.64,23.4,0.04,3.0,0.4077540106951872,modeste & variabilité moyenne,23.85,0.32,1.22,1.92,Adon-CRB,Medium,Low,Yellow,Rounded,0.0,0.0,33.0,67.0,62.0,6.0
CIRAD225,CRB477,Reunion,Disocorea bulbifera,Guadeloupe,,F,2024.0,CRB,,64.0,75.0,,,,,,,130.2,14.6,27.0,80.0,157.0,29.9,87.5,148.0,141.0,,35.0,,0.273,86.1154,3.182,3.0,2.833,2.0,2.167,1.455,1.0,40.85,0.32725,12.28,2.73,22.2312703583062,85.4745,53.2184,37.05,0.216666666666667,7.86,1.32,16.793893129771,85.4745,53.2184,0.0,0.0,110.4,12.2,29.9,87.5,179.0,,,,118.0,3.33333333333333,2.75,0.2445,82.1169,0.0,0.0,3.0,,18.8890298688423,41.8090914737229,95.1402102713707,29.828208046297,60.0461647992654,0.298351106591005,143.520105462916,112.659995511739,56.261353786133,10.6901668150258,2.28908572011614,80.4327133693658,0.795470347704883,3.24826209010965,2.09635588849001,2.53776411875741,166.795646805371,83.2582553181604,84.5210902421403,0.27505000248789,1.0,1.0,,1.0,1.0,,1.0,1.06077442777651,740.95,425.42,,131.67,812.25,,1199.0,715.368114947134,740.95,425.42,,131.67,812.25,,1199.0,657.164138940316,16.466,9.454,,2.926,18.05,,26.644,15.8971143094117,-0.0217351842308737,0.0291139611420367,-0.031715200760621,-0.0023346930551875,-0.077695993132885,-0.0442188743173556,0.0193766939000866,2.0,2.0,2.0,2.45,1.0,60.83,18.97,20.2,58.59,0.82,40.59,59.22,16.34,24.44,Vert foncé / Vert violacé,Jaunâtre,Jaunâtre,Verte,Entière,Sagittée élargie,Aigue,Souple,Nombreuses,0.0,Alternes,0.0,Vert,Absent,Absent,Vert,Absente,Vert,Absente,0,0.0,0.0,0.0,Vert pâle,Vert,Vert,Vert,Femelle,Absente,Présence,Ronde,Grand (> 3 cm),,1.9 +,Blanc,Lisse,Épaisse,Jaune,Jaune,Faible,Moyenne,Uniformément répartie,Ovale,Nulle,Autre,Jaune,Uniforme,Absente,Autre,Violet avec du blanc,Lisse,Moyen,Moyenne,Absent,Absent,,,,,,,,,,,,,,15.9,54.7,0.79,5.0,0.4050802139037433,modeste & variabilité faible,18.89,0.28,12.96,15.87,Réunion,Medium,Medium,Yellow,Oval,0.0,67.0,19.0,14.0,591.0,21.0
CIRAD225,CRB477,Reunion,Disocorea bulbifera,Guadeloupe,,F,2024.0,CRB,,64.0,75.0,,,,,,,130.2,14.6,27.0,80.0,157.0,29.9,87.5,148.0,141.0,,35.0,,0.273,86.1154,3.182,3.0,2.833,2.0,2.167,1.455,1.0,40.85,0.32725,12.28,2.73,22.2312703583062,85.4745,53.2184,37.05,0.216666666666667,7.86,1.32,16.793893129771,85.4745,53.2184,0.0,0.0,110.4,12.2,29.9,87.5,179.0,,,,118.0,3.33333333333333,2.75,0.2445,82.1169,0.0,0.0,3.0,,18.8890298688423,41.8090914737229,95.1402102713707,29.828208046297,60.0461647992654,0.298351106591005,143.520105462916,112.659995511739,56.261353786133,10.6901668150258,2.28908572011614,80.4327133693658,0.795470347704883,3.24826209010965,2.09635588849001,2.53776411875741,166.795646805371,83.2582553181604,84.5210902421403,0.27505000248789,1.0,1.0,,1.0,1.0,,1.0,1.06077442777651,740.95,425.42,,131.67,812.25,,1199.0,715.368114947134,740.95,425.42,,131.67,812.25,,1199.0,657.164138940316,16.466,9.454,,2.926,18.05,,26.644,15.8971143094117,-0.0217351842308737,0.0291139611420367,-0.031715200760621,-0.0023346930551875,-0.077695993132885,-0.0442188743173556,0.0193766939000866,2.0,2.0,2.0,2.45,1.0,60.83,18.97,20.2,58.59,0.82,40.59,59.22,16.34,24.44,Vert foncé / Vert violacé,Jaunâtre,Jaunâtre,Verte,Entière,Sagittée élargie,Aigue,Souple,Nombreuses,0.0,Alternes,0.0,Vert,Absent,Absent,Vert,Absente,Vert,Absente,0,0.0,0.0,0.0,Vert pâle,Vert,Vert,Vert,Femelle,Absente,Présence,Ronde,Grand (> 3 cm),,1.9 +,Blanc,Lisse,Épaisse,Jaune,Jaune,Faible,Moyenne,Uniformément répartie,Ovale,Nulle,Autre,Jaune,Uniforme,Absente,Autre,Violet avec du blanc,Lisse,Moyen,Moyenne,Absent,Absent,,,,,,,,,,,,,,15.9,54.7,0.79,5.0,0.4050802139037433,modeste & variabilité faible,18.89,0.28,12.96,15.87,Reunion,na,na,na,na,0.0,67.0,19.0,14.0,591.0,21.0
CIRAD226,CRB478,Thuma,Disocorea bulbifera,Guadeloupe,,M,2024.0,CRB,,50.0,64.0,,,,,,,135.4,16.4,10.6,100.0,148.0,15.2,100.0,138.0,145.0,,35.0,,,,1.818,2.545,,1.167,1.455,1.182,1.667,40.35,0.286583333333333,13.71,2.4,17.5054704595186,86.4162,71.0474,29.2333333333333,0.217,7.24,1.28,17.6795580110497,86.4162,71.0474,0.0,0.0,93.3333333333333,12.6666666666667,36.4,62.5,176.0,,,,123.0,2.16666666666667,2.21,0.199,86.6105,,,3.0,,20.7663510484868,39.4896157946851,93.7541895633498,23.6342728181789,55.7880246409617,0.296881228782792,147.097568077827,108.819111878117,68.9654266461168,10.8886455136148,2.23896166163582,80.5954578472094,0.795470347704883,3.05996653514831,1.92134683474487,2.32463090751371,162.00099436361,84.0199618312324,86.0360972979864,0.255487269677046,1.0,1.2,,,1.0,,1.0,1.10125291383897,83.15,127.25,,,214.4,,209.0,364.350271379436,83.15,101.8,,,214.4,,209.0,263.412042632407,1.848,2.828,,,4.764,,4.644,8.09660757384009,-0.0104240699293757,-0.166856709202552,0.0820866422073137,0.0245384878310215,-0.174768278669187,-0.0644234354890404,-0.0847722517698511,,1.0,1.0,,,68.6,3.98,27.42,56.25,3.85,39.9,60.32,13.96,25.72,Vert foncé / Vert violacé,Jaunâtre,Jaunâtre,Verte,Entière,Cordée élargie,Aigue,Souple,Nombreuses,0.0,Alternes,0.0,Entièrement vert avec base violette,Absent,Absent,Brun foncé,Absente,Brun foncé,Absente,0,0.0,0.0,0.0,Vert foncé / Vert violacé,Vert brunâtre,Vert,Vert,Mâle,Absente,Présence,Ronde,Moyen (2-3 cm),,3,Blanc jaunâtre ou blanc cassé,Rugueuse,Épaisse,Jaune,Brun,Faible,Moyenne,Uniformément répartie,Ronde,Nulle,Autre,12,Non uniforme,Présente,Orangée,Violet avec du blanc,Lisse,Moyen,Moyenne,Absent,Absent,2.67244410514831,4368.0,85.8334274291992,42.9811973571777,51.5872497558594,51.8708724975586,10.4720697402954,3.40455603599548,85.8371429443359,0.45671415353469,162.447418212891,0.823141430166185,1.54330965349902,8.1,35.0,0.17,4.0,0.4558823529411764,modeste & variabilité moyenne,20.77,0.26,2.34,4.7,Thuma,Low,Low,na,Rounded,0.0,6.0,61.0,33.0,137.0,18.0
CIRAD227,CRB365,Name de papa,Dioscorea esculenta,PortoRico,,,2024.0,CRB,,65.0,84.0,,,,,,,120.0,19.3333333333333,23.4,100.0,185.0,29.5,100.0,179.0,,,53.0,,0.4353,75.9036,3.727,2.818,4.0,3.333,1.583,2.364,1.909,40.2833333333333,0.31,10.99,2.59,23.5668789808917,69.6342,67.1457,35.95,0.309,9.72,2.14,22.0164609053498,69.6342,67.1457,0.0,0.0,,,56.8,62.5,189.0,,,,,,,,,,,,0.0,20.7663510484868,41.3442666883446,96.2742272142969,35.5941071001143,65.8250692998203,0.301087387386872,,108.443087930832,66.1852661728542,10.8298370103292,2.38120561137726,78.5273521048577,0.183023258668045,3.52976856463816,2.74864762251977,2.75060456460105,181.83342037271,70.4456189381939,86.0360972979864,0.357142427288911,26.6,18.2,,1.2,,,,14.9796456644238,1538.7,779.7,,367.5,,,372.734,571.280460529526,57.85,42.72,,294.0,,,,590.084712866479,34.193,17.327,,8.167,,,8.2828,12.6950822464414,0.223792497260546,0.0291139611420367,-0.0130034035463631,-0.0071938571116613,-0.074416369285583,0.0020908899879217,-0.0003242218574479,3.0,,3.0,3.47,3.0,58.79,24.48,16.74,57.88,19.46,22.67,59.92,19.93,20.15,Vert foncé / Vert violacé,Vert,Jaunâtre,Verte,Entière,Cordée élargie,Aigue,Souple,Nombreuses,0.0,Alternes,0.0,9,Forte,Absent,Vert brunâtre,Absente,Vert brunâtre,Absente,Spinescence,0.0,1.0,3.0,Vert pâle,Vert,Vert,Vert,,Présente,Absence,Autre,Autre,Autre,Autre,Autre,Autre,Autre,Autre,Autre,Faible,Faible,Uniformément répartie,Allongée,Nulle,Autre,Blanc,Uniforme,Présente,Marron,Violet,Lisse,Moyen,Moyenne,Absent,Absent,,,,,,,,,,,,,,12.7,62.4,-1.18,4.0,0.839572192513369,modeste & variabilité forte,20.77,0.36,25.76,8.22,Name de Papa,na,na,White,Oval-oblong,0.0,3.0,19.0,78.0,58.0,289.0
CIRAD228,CRB389,Assam,Dioscorea esculenta,Porto Rico,,,2024.0,CRB,,80.0,87.0,,,,,,,145.2,18.2,18.0,100.0,176.0,33.3,75.0,179.0,,,95.0,,0.3988,73.9356,2.455,3.727,4.667,3.167,2.167,3.636,2.727,44.6666666666667,0.257916666666667,9.07,2.04,22.4917309812569,60.2542,66.8312,44.15,0.219333333333333,9.01,1.97,21.8645948945616,60.2542,66.8312,0.0,0.0,178.5,19.0,22.5,50.0,184.0,,,,,,3.68,0.3181,83.0126,0.0,0.0,,0.0,18.8890298688423,44.8536938179509,96.652232861939,26.55499024282,83.1617828014852,0.295921556494785,,139.556969946061,65.9611688642859,10.185393828491,2.28366690298313,78.9284151201186,0.183023258668045,3.71786882196293,3.04428028157983,3.38912590213198,178.782277909772,62.8584817473525,78.461062018756,0.339411533022576,,6.8,,8.0,,,,7.62835084397926,,1434.65,,1438.2,,,,1372.70855286533,,212.54,,179.78,,,,674.710507030914,,31.881,,31.96,,,,30.5046121266994,0.38254724121579,0.0291139611420367,-0.0244832486171125,-0.0415788159715343,-0.0052755711770027,0.0533390432531182,0.0817260197608064,3.0,,3.0,3.66,3.0,56.99,22.24,20.77,57.47,20.37,22.16,59.09,22.32,18.59,Vert foncé / Vert violacé,Vert,Vert,Verte,Entière,Cordée élargie,Aigue,Souple,Nombreuses,0.0,Alternes à la base/opposées au-dessus,0.0,9,Forte,Forte,Brun foncé,Présente,Vert violacé,Absente,Spinescence,0.0,3.0,7.0,Vert pâle,Vert,Vert,Vert,,Présente,Absence,Autre,Autre,Autre,Autre,Autre,Autre,Autre,Autre,Autre,Faible,Moyenne,Uniformément répartie,Allongée,Nulle,Autre,Blanc,Uniforme,Absente,Autre,Violet avec du blanc,Lisse,Moyen,Moyenne,Absent,Absent,,,,,,,,,,,,,,30.5,0.1,,2.0,,données insuffisantes,18.89,0.34,31.88,31.96,Assam,na,High,White,Oval-oblong,0.0,24.0,50.0,26.0,202.0,78.0
CIRAD229,CRB458,Spindle,Dioscorea esculenta,Guadeloupe,,,2024.0,CRB,,89.0,101.0,,,,,,,30.0,12.0,20.5,80.0,187.0,25.0,25.0,,,,,,,,2.636,1.091,,1.667,,,,42.9166666666667,0.359166666666667,9.3,2.19,23.5483870967742,52.75,39.8578,,,,,,,,0.0,,,,,,,,,,,4.3,3.8,0.4188,76.7641,7.0,0.0,,0.0,21.2056799044336,43.6099641179636,98.416259217602,26.844034564853,81.0097958978797,0.302647681440315,,65.3719600916334,50.2158926838234,10.4091918881005,2.35428103679244,79.0809156653857,0.183023258668045,3.66158654858087,2.64554867184454,2.1957371897349,181.453337592635,59.2296564233397,67.9461316385275,0.360247524051504,26.2,18.0,,,16.0,,,19.3175546044882,1349.95,528.0,,,1455.24,,,1087.74348099348,51.43,29.33,,,90.95,,,361.382910385901,29.999,11.733,,,32.339,,,24.1720885273485,0.35486753730596,0.0291139611420367,-0.0015235584756137,-0.0559195142766449,-0.0478861925474508,-0.0852609609408169,0.0880296907523764,,3.0,3.0,,,57.46,27.69,14.85,,,,59.85,24.01,16.14,Vert foncé / Vert violacé,Jaunâtre,Jaunâtre,Verte,Entière,Cordée élargie,Aigue,Souple,Peu nombreuses,0.0,Alternes à la base/opposées au-dessus,0.0,9,Faible,Absent,Brun foncé,Présente,Brun foncé,Absente,Spinescence,1.0,1.0,7.0,Vert pâle,Vert,Vert,Vert,,Présente,Absence,Autre,Autre,Autre,Autre,Autre,Autre,Autre,Autre,Autre,Faible,Faible,Uniformément répartie,Allongée,Nulle,Autre,Blanc,Uniforme,Absente,Autre,Violet,Lisse,Moyen,Moyenne,Absent,Absent,,,,,,,,,,,,,,24.17,37.3,0.59,3.0,0.3368983957219251,modeste & variabilité faible,21.21,0.36,20.87,32.34,Spindle,High,High,White,Oval-oblong,0.0,1.0,34.0,65.0,70.0,251.0
CIRAD230,CRB459,Pas possible IRAT,Dioscorea esculenta,Guadeloupe,,,2024.0,CRB,,89.0,91.0,,,,,,,110.0,14.5,29.5,80.0,176.0,35.4,100.0,199.0,,,81.0,,0.4805,71.07,2.273,3.455,4.0,2.417,1.182,4.091,3.0,45.0166666666667,0.272583333333333,7.55,1.51,20.0,45.7118,62.4196,42.9166666666667,0.261,12.97,2.49,19.1981495759445,45.7118,62.4196,0.0,0.0,99.75,11.25,41.9,87.5,192.0,,,,,2.6,3.92,0.4014,81.5467,0.0,0.0,,0.0,18.8890298688423,44.6073366817004,97.1562403921284,34.863927743954,81.6410184592339,0.297974526326091,,102.674776964219,62.8176786052077,10.7832802785614,2.28231219869988,78.3509771439739,0.183023258668045,3.34365770120253,2.98553078336793,3.44270197034296,184.884562835649,51.0956689665324,87.0461020018838,0.392669569824096,27.8,32.8,,30.4,,,,29.5798921151301,653.28,1170.99,,1198.96,,,1115.75,1114.62279255732,23.54,35.76,,39.4,,,,538.349116171229,14.517,26.022,,26.643,,,24.794,24.7691900563766,0.386054755539941,0.0291139611420367,-0.0244832486171125,-0.053794705375952,-0.0245503840931048,0.0338149807647138,0.0178613505110033,3.0,2.0,2.0,3.04,2.0,58.16,16.24,25.59,76.61,16.75,6.64,64.26,21.97,13.77,Vert foncé / Vert violacé,Vert,Jaunâtre,Verte,Entière,Cordée élargie,Aigue,Souple,Peu nombreuses,0.0,Alternes à la base/opposées au-dessus,0.0,9,Forte,Forte,Brun foncé,Absente,Vert violacé,Absente,Spinescence,0.0,1.0,5.0,Vert pâle,Vert,Vert,Vert,,Présente,Absence,Autre,Autre,Autre,Autre,Autre,Autre,Autre,Autre,Autre,Faible,Moyenne,Uniformément répartie,Allongée,Nulle,Autre,Blanc,Uniforme,Absente,Autre,Jaune,Lisse,Moyen,Moyenne,Absent,Absent,,,,,,,,,,,,,,24.77,21.5,0.34,4.0,0.3248663101604278,modeste & variabilité faible,18.89,0.39,20.27,25.72,Pas possible IRAT,Medium,High,White,Oval-oblong,0.0,0.0,12.0,88.0,35.0,586.0
CIRAD231,CRB469,SEA 273,Dioscorea esculenta,Guadeloupe,,,2024.0,CRB,,74.0,88.0,,,,,,,100.75,14.25,23.0,60.0,145.0,27.7,75.0,192.0,,,81.0,,0.4172,72.1651,2.0,3.455,3.5,2.25,1.75,3.273,2.364,37.1666666666667,0.253333333333333,5.65,1.21,21.4159292035398,41.3253,50.3024,35.3666666666667,0.285083333333333,9.29,1.48,15.9311087190527,41.3253,50.3024,0.0,0.0,115.0,16.0,39.7,75.0,191.0,,,,,3.7,3.84,0.5643,79.3916,0.0,0.0,,0.0,18.8890298688423,40.3123556648048,96.7782347444864,30.7346375918753,77.07872543248,0.298150668708066,,104.616796778972,54.1835548933341,9.41598257717085,2.1048459375939,78.2096671463487,0.183023258668045,3.4756424052511,2.76664552209746,3.20321987309386,176.384951688892,47.5475903644401,75.4310479070639,0.424818057493377,,43.7,,21.1,,,,30.9210161748918,,1108.87,,1002.94,,,1592.0,1201.07211179709,,25.37,,47.44,,,,602.340579548283,,24.642,,22.288,,,35.378,26.6907302458273,0.359337292435537,0.0291139611420367,0.0057855260400752,-0.10946568151108,-0.0206241335352764,0.0077386404248473,0.0641913486447021,2.0,3.0,2.0,2.79,2.0,51.13,20.54,28.33,71.18,0.0,28.82,60.12,26.12,13.76,Vert foncé / Vert violacé,Jaunâtre,Jaunâtre,Verte,Entière,Cordée élargie,Aigue,Souple,Peu nombreuses,0.0,Alternes à la base/opposées au-dessus,0.0,Vert,Faible,Absent,Brun foncé,Présente,Vert violacé,Absente,Spinescence,0.0,1.0,5.0,Vert pâle,Vert,Vert,Vert,,Présente,Absence,Autre,Autre,Autre,Autre,Autre,Autre,Autre,Autre,Autre,Forte,Autre,Autre,Allongée,Nulle,Autre,Blanc jaunâtre ou blanc cassé,Uniforme,Présente,4,Violet,Granuleux,Moyen,Moyenne,Absent,Absent,-0.57985258102417,2622.0,96.9608154296875,46.0712547302246,20.9373455047607,21.5474033355713,6.17096757888794,4.90778732299805,93.1779022216797,0.591464659574496,211.712524414062,0.942995863714082,1.5343054700496,26.69,20.8,1.04,3.0,0.0481283422459893,performante & variabilité faible,18.89,0.42,24.64,28.83,SEA 273,High,High,Yellowish white or off-white,Oval-oblong,0.0,1.0,8.0,91.0,33.0,454.0
CIRAD231,CRB469,SEA 273,Dioscorea esculenta,Guadeloupe,,,2024.0,CRB,,74.0,88.0,,,,,,,100.75,14.25,23.0,60.0,145.0,27.7,75.0,192.0,,,81.0,,0.4172,72.1651,2.0,3.455,3.5,2.25,1.75,3.273,2.364,37.1666666666667,0.253333333333333,5.65,1.21,21.4159292035398,41.3253,50.3024,35.3666666666667,0.285083333333333,9.29,1.48,15.9311087190527,41.3253,50.3024,0.0,0.0,115.0,16.0,39.7,75.0,191.0,,,,,3.7,3.84,0.5643,79.3916,0.0,0.0,,0.0,18.8890298688423,40.3123556648048,96.7782347444864,30.7346375918753,77.07872543248,0.298150668708066,,104.616796778972,54.1835548933341,9.41598257717085,2.1048459375939,78.2096671463487,0.183023258668045,3.4756424052511,2.76664552209746,3.20321987309386,176.384951688892,47.5475903644401,75.4310479070639,0.424818057493377,,43.7,,21.1,,,,30.9210161748918,,1108.87,,1002.94,,,1592.0,1201.07211179709,,25.37,,47.44,,,,602.340579548283,,24.642,,22.288,,,35.378,26.6907302458273,0.359337292435537,0.0291139611420367,0.0057855260400752,-0.10946568151108,-0.0206241335352764,0.0077386404248473,0.0641913486447021,2.0,3.0,2.0,2.79,2.0,51.13,20.54,28.33,71.18,0.0,28.82,60.12,26.12,13.76,Vert foncé / Vert violacé,Jaunâtre,Jaunâtre,Verte,Entière,Cordée élargie,Aigue,Souple,Peu nombreuses,0.0,Alternes à la base/opposées au-dessus,0.0,Vert,Faible,Absent,Brun foncé,Présente,Vert violacé,Absente,Spinescence,0.0,1.0,5.0,Vert pâle,Vert,Vert,Vert,,Présente,Absence,Autre,Autre,Autre,Autre,Autre,Autre,Autre,Autre,Autre,Forte,Autre,Autre,Allongée,Nulle,Autre,Blanc jaunâtre ou blanc cassé,Uniforme,Présente,4,Violet,Granuleux,Moyen,Moyenne,Absent,Absent,-0.57985258102417,2622.0,96.9608154296875,46.0712547302246,20.9373455047607,21.5474033355713,6.17096757888794,4.90778732299805,93.1779022216797,0.591464659574496,211.712524414062,0.942995863714082,1.5343054700496,26.69,20.8,1.04,3.0,0.0481283422459893,performante & variabilité faible,18.89,0.42,24.64,28.83,SEA 273,na,na,na,na,0.0,1.0,8.0,91.0,33.0,454.0
CIRAD232,CIRAD232,ZAMEY,Dioscorea alata,Guadeloupe,2,F,2016.0,CIRAD,,,,,,,,,,139.0,22.8,,,,36.1,87.5,184.0,,154.0,81.0,,0.3181,80.5697,2.545,4.818,3.833,2.75,2.333,4.364,3.364,43.8333333333333,0.274416666666667,10.51,2.08,19.790675547098,84.364,55.609,38.5833333333333,0.303166666666667,14.64,3.22,21.9945355191257,84.364,55.609,0.0,0.0,210.4,32.4,34.0,75.0,191.0,34.0,87.5,191.0,156.0,3.3,3.4,0.2556,84.5902,21.0,34.5,0.0,,23.5125910518678,43.0687666420981,,32.0339307365296,79.3358378240417,0.299578029389595,164.705120242314,147.875288152585,57.9647783516767,11.917794321113,2.45842375552262,80.0231276743625,0.13953683593657,3.46090411329901,3.02940699089327,3.92166616484117,180.84655737876,82.3600126901829,83.5110855382429,0.293190012598468,,1.4,,1.0,1.4,1.1,1.1,1.27043077263751,,2322.62,,4698.67,3515.0,2817.75,2061.75,2489.69528885921,,1689.18,,4698.67,2556.36,2504.67,1832.67,2180.21797302752,,51.614,,104.415,78.111,62.617,45.817,55.3266690271763,-0.0097001990313399,-0.140152195564459,0.0090524129299359,0.0028586758878169,0.145322386207201,0.126405829880117,0.0122750578794649,3.0,2.0,2.0,3.38,3.0,60.43,11.49,28.08,64.66,19.57,15.78,62.09,14.74,23.17,Vert foncé / Vert violacé,Jaunâtre,Jaunâtre,Verte,Entière,Sagittée élargie,Aigue,Souple,Peu nombreuses,0.0,Alternes à la base/opposées au-dessus,0.0,Vert,Absent,Absent,Vert,Absente,Vert,Absente,0,0.0,0.0,0.0,Vert foncé / Vert violacé,Vert,Vert,Vert,Femelle,Absente,Présence,Ronde,Petit (1-2 cm),,,Blanc jaunâtre ou blanc cassé,Lisse,Épaisse,Blanc,Blanc,Faible,Moyenne,Base,Allongée,Nulle,Autre,Blanc avec du violet,Uniforme,Absente,Autre,Violet clair,Granuleux,Moyen,Épaisse,Absent,Absent,,,,,,,,,,,,,,55.33,30.7,-0.9,5.0,0.5374331550802138,performante & variabilité moyenne,23.51,0.29,51.61,72.74,ZAMEY,Medium,Medium,White with purple,Oval-oblong,41.0,50.0,9.0,0.0,2477.0,46.0
CIRAD233,CIRAD233,CI-GWA,Dioscorea alata,Guadeloupe,2,M,2016.0,CIRAD,,,,,,,,,,116.0,16.0,,,,23.5,25.0,160.0,,154.0,81.0,,0.3174,83.2781,4.545,1.636,3.833,2.333,1.25,1.444,3.0,49.5166666666667,0.195916666666667,17.1,3.3,19.2982456140351,111.676,61.1538,,,,,,,,278.0,0.0,,,,0.0,175.0,41.3,37.5,175.0,163.0,4.1,3.84,0.3301,83.0578,0.0,0.0,0.0,0.0,56.1455518653956,46.1625824209705,,30.4650502171381,79.3358378240417,0.296473306337833,167.487591165022,106.528815582423,62.0023697417976,12.940802553864,2.52821629634596,80.1799017849353,0.132343802300964,3.6368837186971,2.94487712215802,2.13521169367487,168.641987527006,99.2444363185196,45.635909142091,0.317010879967876,,1.0,,,1.0,1.0,1.0,1.01331600500558,,897.8,,,2351.91,2556.67,3420.0,1849.76170814955,,897.8,,,2351.91,2556.67,3420.0,1835.32230832666,,19.951,,,52.265,56.815,76.0,41.105860426267,5.21413332325013e-05,0.0291139611420367,-0.0054025814336387,0.0673341558692171,0.118665975360163,-0.0294309399725899,0.14624486079792,3.0,3.0,3.0,2.8,2.0,68.35,9.62,22.03,,,,63.56,10.29,26.15,Vert foncé / Vert violacé,Jaunâtre,Jaunâtre,Verte,Entière,Sagittée allongée,Aigue,Souple,Peu nombreuses,0.0,Alternes à la base/opposées au-dessus,0.0,Vert,Absent,Absent,Vert,Absente,Vert,Absente,0,0.0,0.0,0.0,Violet,Entièrement vert avec les deux extrémités violettes,Vert,Vert,Mâle,Absente,Absence,Autre,Autre,Autre,Autre,Autre,Autre,Autre,Autre,Autre,Forte,Autre,Autre,Allongée,Nulle,Autre,Blanc,Uniforme,Absente,Autre,Violet clair,Granuleux,Moyen,Moyenne,Fort,Absent,,,,,,,,,,,,,,41.11,39.3,2.42,4.0,0.5882352941176471,performante & variabilité forte,56.15,0.32,19.95,61.69,CI-GWA,High,High,White,Oval-oblong,56.0,31.0,12.0,0.0,2409.0,16.0
CIRAD234,CIRAD234 (4638???),CITOYENNE,Dioscorea alata,Guadeloupe,,F,2021.0,CIRAD,,77.0,90.0,,,,,,,77.6,14.6,27.6,100.0,150.0,19.0,100.0,143.0,,154.0,67.0,115.0,0.2805,87.044,3.273,2.182,4.2,2.333,2.833,4.3,2.182,46.4666666666667,0.317916666666667,7.61,1.24,16.2943495400788,38.3048,46.6145,41.3333333333333,0.3065,12.99,2.65,20.4003079291763,38.3048,46.6145,165.0,0.0,95.0,17.0,28.7,87.5,185.0,24.8,75.0,176.0,,4.7,4.32,0.2994,88.792,14.0,21.0,0.0,0.0,43.8160553773276,44.5701506988701,98.2504436141898,25.7260202014331,73.7330438795271,0.30128478833219,165.269638488703,90.6504376112099,51.5557378368344,10.8028831129899,2.26741045158411,81.446372641953,0.132343802300964,3.84959906672204,2.86109091795708,3.13119958467909,165.921510599283,45.1044189481356,88.3827855467748,0.295191223678283,2.6,2.1,,1.0,1.4,1.4,1.2,1.53646513002485,1308.97,537.5,,2268.75,2422.7,426.38,960.88,1228.57435494343,503.45,252.94,,2268.75,1761.96,310.09,768.7,897.7847422473,29.088,11.944,,50.417,53.838,9.475,21.353,27.3016428369184,-0.0080709801202933,0.0291139611420367,-0.0240419869211154,-0.0644547626803871,-0.0119946705416248,-0.0392818513660986,0.18633312734717,3.0,3.0,3.0,2.92,2.0,66.67,0.0,33.33,74.65,25.35,0.0,66.76,23.58,9.66,Vert foncé / Vert violacé,Jaunâtre,Jaunâtre,Autre,Entière,Hastée,Aigue,Souple,Nombreuses,0.0,Alternes à la base/opposées au-dessus,0.0,Vert,Absent,Absent,Vert,Absente,Vert,Absente,0,0.0,0.0,0.0,Vert pâle,Vert,Vert,Vert,Femelle,Absente,Absence,Autre,Autre,Autre,Autre,Autre,Autre,Autre,Autre,Autre,Forte,Autre,Autre,Ovale,Nulle,Autre,Blanc jaunâtre ou blanc cassé,Uniforme,Absente,Autre,Violet,Granuleux,Moyen,Moyenne,Absent,Absent,0.394214868545532,14190.0,149.401901245117,42.2539939880371,29.6680431365967,29.8755550384521,4.46081781387329,2.99470973014831,88.4724197387695,0.760158341470053,182.912673950195,0.966983542814612,1.71878056293125,27.3,59.1,0.76,6.0,0.4478609625668449,performante & variabilité moyenne,43.82,0.3,20.52,33.77,CITOYENNE,High,High,Yellowish white or off-white,Oval,13.0,54.0,23.0,10.0,850.0,70.0
CIRAD235,CIRAD235,Autofecondation-74F-3,Dioscorea alata,Guadeloupe,2,M,2023.0,CIRAD,,,,,,,,,28.5,,,38.8,80.0,185.0,,,,162.0,,67.0,,,,,,,,,,,,,,,,,,,,,,,,,,,,,,,,,,,149.0,1.4,2.6,0.2831,83.0361,14.0,34.5,0.0,,34.820963857354,,,36.149601365476,73.216476307353,,164.189889460179,,,,,80.0456549167262,0.13953683593657,2.84375934282099,2.41687684696522,,180.680672984124,,82.5018134861707,0.295570697306218,1.0,,,,1.0,,1.0,1.10150088503681,1997.16,,,,2689.5,,2113.17,1670.77552635277,1997.16,,,,2689.5,,2113.17,1631.35588065725,44.381,,,,59.767,,46.959,37.1282969087039,-0.0119968200787774,0.0291139611420367,-0.0274673078333801,-0.0022862509550083,0.079119746183872,0.0004798136244393,-0.0236272056196971,,1.0,1.0,,,,,,,,,,,,,,,,,,,,,,,,,,,,,,,,,,,,,,,Mâle,Absente,,,,,,,,,,Autre,Faible,Moyenne,Base,Allongée,Nulle,Autre,Jaune,Uniforme,Absente,Autre,Blanc,Granuleux,Moyen,Épaisse,Absent,,,,,,,,,,,,,,,37.13,13.4,0.69,3.0,0.160427807486631,performante & variabilité faible,34.82,0.3,44.38,53.36,Autofécondation-74F-3,Low,Medium,Yellow,Oval-oblong,53.0,37.0,11.0,0.0,2325.0,19.0
CIRAD236,CIRAD236,Autofecondation-Dou-1,Dioscorea alata,Guadeloupe,4 JEANNE,F,2023.0,CIRAD,,91.0,101.0,,,,,,,161.0,25.0,24.0,100.0,150.0,27.4,100.0,174.0,163.0,154.0,49.0,,0.1763,84.3688,1.909,4.273,2.667,2.667,3.583,4.091,3.7,47.7666666666667,0.278,15.59,2.6,16.6773572803079,99.8349,76.3961,45.4166666666667,0.2725,13.66,2.76,20.2049780380673,99.8349,76.3961,165.0,0.0,123.0,24.0,29.2,75.0,191.0,25.8,100.0,175.0,169.0,,,,,,,,0.0,46.3011077131856,46.0715347556421,98.416259217602,26.9932110183285,72.5164324057261,0.298591024663006,169.989378636677,126.707272171782,72.7766485041119,12.9224395855756,2.46655198122213,79.8294424604775,0.183023258668045,3.15385005936991,3.11943583812294,3.68218406759207,172.363373888182,94.8738549893074,90.4834592435076,0.233698815446396,1.0,1.0,,1.0,,1.0,1.0,1.02785964203213,898.98,2494.71,,5765.71,,1435.25,3054.025,2413.0613444973,898.98,2494.71,,5765.71,,1435.25,3054.025,2407.31399512205,19.977,55.438,,128.127,,31.894,67.867,53.623431811485,-0.0473540934743292,0.0291139611420367,0.0090524129299359,0.0777877233728845,0.112638097896657,0.113803736864794,-0.11133217988901,2.0,,2.0,2.87,2.0,71.13,0.42,28.45,63.83,12.4,23.78,64.35,9.16,26.49,Vert foncé / Vert violacé,Jaunâtre,Jaunâtre,Verte,Entière,Sagittée élargie,Aigue,Souple,Peu nombreuses,0.0,Alternes à la base/opposées au-dessus,0.0,Entièrement vert avec base violette,Absent,Absent,Vert,Absente,Vert,Absente,0,0.0,0.0,0.0,Vert foncé / Vert violacé,Entièrement vert avec base violette,Vert,Vert,Femelle,Absente,Absence,Autre,Autre,Autre,Autre,Autre,Autre,Autre,Autre,Autre,Faible,Faible,Uniformément répartie,Fusiforme,Forte,Milieu,Blanc avec du violet,Non uniforme,Présente,Orangée,Blanc,Granuleux,Moyen,Épaisse,Absent,Absent,,,,,,,,,,,,,,53.62,62.2,0.49,5.0,0.6029411764705882,performante & variabilité forte,46.3,0.23,37.71,75.96,Autofécondation-DOU-1,na,na,White with purple,Irregular,36.0,56.0,5.0,3.0,2728.0,39.0
CIRAD237,CIRAD237,Autofecondation-Dou-2,Dioscorea alata,Guadeloupe,4 AVANAGE,F,2023.0,CIRAD,,87.0,102.0,,,,,,,132.2,18.4,16.4,100.0,159.0,25.8,100.0,160.0,163.0,,34.0,,0.2901,81.602,2.182,3.364,3.167,2.833,,,,54.8833333333333,0.321833333333333,12.79,2.83,22.1266614542611,64.0778,61.1595,,,,,,,,165.0,,,,,,,,,,,3.1,2.84,0.2791,81.6183,0.0,48.0,0.0,0.0,54.1687294170448,48.2381962936174,98.5422611001494,25.7335317764452,66.7375279051711,0.301235675291304,169.692406314336,114.281618593479,62.0055244618967,11.5419253782947,2.45456803329177,79.7645570409721,0.132343802300964,3.27040619045558,2.71344411399054,3.13666365797179,169.51941824988,66.9220065522577,91.9938910341275,0.2917375206857,1.4,1.1,,,1.0,,1.0,1.17975764224024,1337.8,1805.33,,,1342.25,,761.25,1157.17348084032,955.57,1604.73,,,1342.25,,761.25,990.573355782188,29.729,40.118,,,29.828,,16.917,25.7150107922955,-0.0126484919663927,0.0291139611420367,0.0030053906913719,0.00747696742482,-0.0414998495991215,0.0895788613983075,0.0361673777822132,2.0,2.0,2.0,2.98,2.0,64.35,23.01,12.64,,,,62.48,18.85,18.67,Vert foncé / Vert violacé,Jaunâtre,Jaunâtre,Verte,Entière,Cordée allongée,Aigue,Souple,Nombreuses,0.0,Alternes à la base/opposées au-dessus,0.0,Vert,Absent,Absent,Vert,Absente,Vert,Absente,0,0.0,0.0,0.0,Vert foncé / Vert violacé,Vert,Vert,Vert,Femelle,Absente,Absence,Autre,Autre,Autre,Autre,Autre,Autre,Autre,Autre,Autre,Faible,Faible,Uniformément répartie,Allongée,Nulle,Autre,Blanc jaunâtre ou blanc cassé,Uniforme,Absente,Autre,Violet,Granuleux,Moyen,Épaisse,Absent,Absent,1.00848281383514,45063.0,596.751770019531,40.675365447998,21.1272430419922,21.5379810333252,4.93812847137451,3.93991494178772,87.0360946655273,0.318398348949335,199.168685913086,0.806807093542807,1.85386313677325,25.72,28.2,-0.65,4.0,0.5106951871657754,modeste & variabilité moyenne,54.17,0.29,34.92,23.37,Autofécondation-DOU-2,Medium,Medium,Yellowish white or off-white,Oval-oblong,12.0,75.0,12.0,0.0,1186.0,32.0
CIRAD238,CIRAD238,Autofecondation-Dou-3,Dioscorea alata,Guadeloupe,4,,2023.0,CIRAD,,,,,,,,,,138.2,21.2,16.8,100.0,157.0,,,,,,77.0,,,,,,,,,,,51.2333333333333,0.331333333333333,9.34,1.62,17.3447537473233,52.6232,55.9068,,,,,,,,,,,,,,,,,,169.0,4.5,2.16,0.3357,80.2652,14.0,0.0,0.0,0.0,28.3524219864524,46.8265210199849,,24.9913038277477,77.5874488192735,0.301594980427437,174.024390147962,117.153027116092,59.0983668716253,10.4221745068993,2.26496293053523,79.6194438211364,0.132343802300964,3.71798842484017,2.20056251955668,,169.863368464973,59.1435505602113,89.2803899457022,0.320640712684273,1.0,,,,1.0,,1.0,0.634535070685463,581.73,,,,1143.74,,1413.75,937.862923461602,581.73,,,,1143.74,,1413.75,847.059255810983,12.927,,,,25.417,,31.417,20.8415312210579,-0.0029541542597944,0.0291139611420367,-0.0206828375607503,-0.0387699192513637,-0.0453397797651596,-0.0118539946910271,0.0250546860717041,,3.0,3.0,,,65.94,4.14,29.92,,,,60.87,21.31,17.82,Vert foncé / Vert violacé,Jaunâtre,Jaunâtre,Verte,Entière,Cordée allongée,Aigue,Souple,Nombreuses,0.0,Alternes à la base/opposées au-dessus,0.0,Vert,Absent,Absent,Vert,Absente,Vert,Absente,0,0.0,0.0,0.0,Vert foncé / Vert violacé,Entièrement vert avec les deux extrémités violettes,Vert,Vert,Femelle,Présente,Absence,Autre,Autre,Autre,Autre,Autre,Autre,Autre,Autre,Autre,Faible,Faible,Uniformément répartie,Fusiforme,Faible,Base,Blanc,Uniforme,Absente,Autre,Violet,Lisse,Abondant,Moyenne,Absent,Absent,,,,,,,,,,,,,,20.84,33.1,0.94,3.0,0.1310160427807486,modeste & variabilité faible,28.35,0.32,12.93,28.42,Autofécondation-DOU-3,High,Low,White,Irregular,22.0,56.0,17.0,6.0,1170.0,18.0
CIRAD239,CIRAD239,Autofecondation-Dou-4,Dioscorea alata,Guadeloupe,4 ORANGE,M,2023.0,CIRAD,,94.0,101.0,,,,,,,133.4,23.6,25.3,60.0,150.0,19.1,100.0,143.0,158.0,155.0,46.0,52.0,0.2871,82.8609,2.091,3.545,3.333,2.5,2.75,3.818,3.636,45.4833333333333,0.298416666666667,6.46,1.23,19.0402476780186,36.8042,41.4256,45.3,0.299166666666667,9.39,1.96,20.8732694355697,36.8042,41.4256,0.0,0.0,94.5,18.0,28.3,87.5,175.0,,,,156.0,2.8,3.48,0.2694,85.6683,0.0,0.0,0.0,1.0,18.8890298688423,45.4021870646973,92.4315386958075,26.2780256594489,72.5164324057261,0.300306894418461,165.153994400958,108.549386903846,47.858381638328,9.63896481879548,2.17258115175648,80.4722934998327,0.311759951324705,3.2409296065514,3.05469158506042,3.38912590213198,163.308626847727,43.890638770249,83.0060831862942,0.287638265731886,1.0,1.6,,1.1,1.5,,1.0,1.3410800657703,1007.0,726.96,,1473.12,3356.6,,1780.14,1488.76041188366,1007.0,462.61,,1309.44,2237.73,,1780.14,1202.44238508711,22.378,16.155,,32.736,74.591,,39.559,33.0836832887248,-0.0112262232870704,-0.199980654371646,0.0747795890473886,-0.10621824812403,0.0536107520423044,0.0042923742904756,0.0177187921309285,2.0,2.0,2.0,2.88,2.0,58.21,13.51,28.28,66.64,25.67,7.7,61.57,28.69,9.73,Vert foncé / Vert violacé,Vert,Jaunâtre,Verte,Entière,Hastée,Aigue,Souple,Peu nombreuses,0.0,Alternes à la base/opposées au-dessus,0.0,Entièrement vert avec base violette,Absent,Absent,Vert violacé,Absente,Vert violacé,Absente,0,0.0,0.0,0.0,Vert foncé / Vert violacé,Entièrement vert avec base violette,Vert,Vert,Mâle,Absente,Présence,Ronde,Petit (1-2 cm),Faible,Nul,Jaune,Rugueuse,Épaisse,Violet,Violet,Faible,Faible,Uniformément répartie,Ovale,Nulle,Autre,Blanc avec du violet,Non uniforme,Absente,Autre,Violet clair,Granuleux,Moyen,Épaisse,Absent,Absent,7.13878107070923,24432.0,217.975067138672,29.1151809692383,19.8386764526367,21.9471187591553,3.66874766349792,5.49017906188965,69.6251449584961,0.735483119155645,180.759063720703,0.94756438097473,1.79340988641678,33.08,55.1,2.56,5.0,0.766042780748663,performante & variabilité forte,18.89,0.29,19.27,48.96,Autofécondation-DOU-4,Medium,Medium,White with purple,Oval,17.0,66.0,14.0,3.0,1279.0,35.0
CIRAD240,CIRAD240,Autofecondation-Dou-5,Dioscorea alata,Guadeloupe,4,M,2023.0,CIRAD,,92.0,102.0,,,,,,,123.6,21.2,,,,17.8,75.0,179.0,165.0,,,,,,4.455,2.545,,1.5,,,,48.2,0.2945,9.19,1.79,19.4776931447225,62.5603,66.2669,,,,,,,,0.0,,,,,,,,,,163.0,,1.72,,,7.0,34.5,0.0,0.0,26.5447653888706,45.6533479615322,98.5422611001494,24.0395901070614,82.3210876514558,0.300201885075064,170.947318843899,110.1659330444,64.8322643626244,10.3734896864039,2.29160166398036,,0.132343802300964,,1.90496100921313,2.79763207966734,177.2772285881,65.8915203748329,80.8071693712878,,,1.0,,,1.0,,1.0,1.09618235442637,,1190.7,,,671.0,,977.8,906.22978956577,,1190.7,,,671.0,,977.8,850.078151870748,,26.46,,,14.911,,21.729,20.1384145323597,-0.0166599246235666,0.0291139611420367,0.0544309681292044,-0.0315842048536792,-0.0598943490006755,0.019503716306095,-0.0205695928899874,,,,,,60.25,12.22,27.53,,,,59.44,20.82,19.73,Vert foncé / Vert violacé,Vert,Jaunâtre,Verte,Entière,Sagittée allongée,Aigue,Souple,Peu nombreuses,0.0,Alternes à la base/opposées au-dessus,0.0,Vert,Absent,Absent,Vert,Absente,Vert,Absente,0,0.0,0.0,0.0,Vert foncé / Vert violacé,Entièrement vert avec base violette,Vert,Vert,Mâle,Absente,Absence,Autre,Autre,Autre,Autre,Autre,Autre,Autre,Autre,Autre,Faible,Faible,Uniformément répartie,Fusiforme,Faible,Extrémité,Blanc avec du violet,Non uniforme,Absente,Autre,Violet clair,Granuleux,Moyen,Épaisse,Fort,Absent,7.99962711334229,35596.5,250.280471801758,24.4338436126709,14.5941114425659,17.2288513183594,3.39415788650513,4.6654372215271,61.6097984313965,0.655951284373674,161.578460693359,0.931029071339767,1.83289356205307,20.14,22.5,-0.7,3.0,0.4839572192513369,modeste & variabilité moyenne,26.54,,26.46,18.32,Autofécondation-DOU-5,na,Low,White with purple,Irregular,9.0,82.0,9.0,0.0,905.0,11.0
CIRAD241,CIRAD241,Autofecondation-61F-1,Dioscorea alata,Guadeloupe,2,F,2023.0,CIRAD,,101.0,101.0,,,,,,,73.8,16.0,24.5,40.0,176.0,25.2,75.0,148.0,159.0,154.0,97.0,,0.2382,85.7074,2.273,4.364,2.333,2.667,1.417,1.9,1.273,51.3666666666667,0.30775,21.3,4.97,23.3333333333333,125.3495,89.1535,,,,,,,,0.0,0.0,,,83.0,25.0,175.0,73.8,50.0,179.0,156.0,2.22222222222222,3.04,0.3035,78.8632,14.0,75.5,0.0,0.0,29.0072579650286,46.8780890665103,98.416259217602,47.1274651090004,90.1572987758412,0.300703021185986,165.153994400958,86.3332423067101,77.4990743661477,14.3039775277367,2.78990267783639,79.944567314362,0.132343802300964,2.89385871812739,2.4012583475644,3.06737672746601,170.216086125215,108.529677008482,59.3934885318629,0.28286118121878,1.0,1.0,,1.0,1.0,1.0,1.0,1.0694101778102,4089.7,1093.28,,177.67,1990.57,722.8,2328.62,1542.97543334162,4089.7,1093.28,,177.67,1990.57,722.8,2328.62,1507.66443167126,90.882,24.295,,3.948,44.235,16.062,51.747,34.2882503202982,-0.0187506992956621,0.0291139611420367,0.0039492986986673,0.153939770549804,0.0818870611864059,0.0356534761572031,0.0124442094911663,1.0,1.0,1.0,2.79,2.0,67.6,20.06,12.33,,,,64.88,9.92,25.21,Vert foncé / Vert violacé,Jaunâtre,Jaunâtre,Verte,Entière,Sagittée allongée,Aigue,Souple,Nombreuses,0.0,Alternes à la base/opposées au-dessus,0.0,Vert,Absent,Absent,Vert,Absente,Vert,Absente,0,0.0,0.0,0.0,Vert foncé / Vert violacé,Entièrement vert avec base violette,Vert,Vert,Femelle,Absente,Absence,Autre,Autre,Autre,Autre,Autre,Autre,Autre,Autre,Autre,Faible,Faible,Uniformément répartie,Allongée,Nulle,Autre,Blanc jaunâtre ou blanc cassé,Uniforme,Absente,Autre,Blanc,Granuleux,Moyen,Épaisse,Fort,Absent,-0.51380044221878,45662.5,446.270782470703,44.5866966247559,19.991153717041,20.4375534057617,4.85190391540527,4.40966415405273,92.3119049072266,0.524740676193943,221.322006225586,0.94143661214891,1.8458940303067,34.29,73.8,0.15,6.0,0.7927807486631016,performante & variabilité forte,29.01,0.28,57.59,29.0,Autofécondation-61F-1,Low,Medium,Yellowish white or off-white,Oval-oblong,26.0,49.0,23.0,3.0,1431.0,35.0
CIRAD242,CIRAD242,Autofecondation-61F-2,Dioscorea alata,Guadeloupe,2 KALANDGI,F,2023.0,CIRAD,,81.0,84.0,,,,,,,140.4,21.8,25.2,100.0,161.0,16.9,100.0,190.0,160.0,,,,0.3105,78.2189,4.091,4.727,3.667,2.333,,,,56.05,0.308083333333333,10.91,2.15,19.7066911090742,58.8757,54.3412,,,,,,,,0.0,,,,,,,,,,143.0,2.33333333333333,2.16,0.3026,75.4261,14.0,0.0,0.0,0.0,21.2056799044336,48.6894167007146,96.2742272142969,25.6998801767965,77.5130178883433,0.300715628383745,161.009922691369,118.205876907717,58.2318704177389,10.9317422947517,2.34801309951124,78.4880611728021,0.132343802300964,3.21174632198955,2.32452847451343,3.70088837253707,178.436929367687,63.38942523853,91.9938910341275,0.30590738623471,,1.6,,,1.0,,1.0,1.29077423718157,,3496.12,,,2388.75,,2081.12,1989.62596543234,,2151.46,,,2388.75,,2081.12,1699.02255414833,,77.692,,,53.083,,46.247,44.2138776277686,-0.0041347518311092,0.0291139611420367,0.0064231941852714,-0.0228763120923001,0.0789415840180543,0.179112929830692,-0.121428862703004,3.0,2.0,2.0,3.18,2.0,64.63,14.52,20.85,,,,61.55,19.87,18.57,Vert foncé / Vert violacé,Jaunâtre,Jaunâtre,Verte,Entière,Sagittée allongée,Aigue,Souple,Peu nombreuses,0.0,Alternes à la base/opposées au-dessus,0.0,Vert,Absent,Absent,Vert,Absente,Vert,Absente,0,0.0,0.0,0.0,Vert foncé / Vert violacé,Entièrement vert avec base violette,Vert,Vert,Femelle,Absente,Absence,Autre,Autre,Autre,Autre,Autre,Autre,Autre,Autre,Autre,Faible,Faible,Uniformément répartie,Allongée,Faible,Extrémité,Blanc jaunâtre ou blanc cassé,Uniforme,Présente,Orangée,Blanc,Granuleux,Moyen,Épaisse,Absent,Absent,0.252610296010971,22041.0,615.701171875,42.9289321899414,38.4008102416992,38.7505035400391,5.65307378768921,4.48050832748413,88.6527252197266,0.160587185330092,203.604248046875,0.487427851113748,1.70532970450742,44.21,22.9,-2.06,3.0,0.5213903743315508,performante & variabilité moyenne,21.21,0.31,77.69,49.66,Autofécondation-61F-2,Medium,Low,Yellowish white or off-white,Oval-oblong,41.0,52.0,3.0,3.0,2198.0,29.0
CIRAD242,CIRAD242,Autofecondation-61F-2,Dioscorea alata,Guadeloupe,2 KALANDGI,F,2023.0,CIRAD,,81.0,84.0,,,,,,,140.4,21.8,25.2,100.0,161.0,16.9,100.0,190.0,160.0,,,,0.3105,78.2189,4.091,4.727,3.667,2.333,,,,56.05,0.308083333333333,10.91,2.15,19.7066911090742,58.8757,54.3412,,,,,,,,0.0,,,,,,,,,,143.0,2.33333333333333,2.16,0.3026,75.4261,14.0,0.0,0.0,0.0,21.2056799044336,48.6894167007146,96.2742272142969,25.6998801767965,77.5130178883433,0.300715628383745,161.009922691369,118.205876907717,58.2318704177389,10.9317422947517,2.34801309951124,78.4880611728021,0.132343802300964,3.21174632198955,2.32452847451343,3.70088837253707,178.436929367687,63.38942523853,91.9938910341275,0.30590738623471,,1.6,,,1.0,,1.0,1.29077423718157,,3496.12,,,2388.75,,2081.12,1989.62596543234,,2151.46,,,2388.75,,2081.12,1699.02255414833,,77.692,,,53.083,,46.247,44.2138776277686,-0.0041347518311092,0.0291139611420367,0.0064231941852714,-0.0228763120923001,0.0789415840180543,0.179112929830692,-0.121428862703004,3.0,2.0,2.0,3.18,2.0,64.63,14.52,20.85,,,,61.55,19.87,18.57,Vert foncé / Vert violacé,Jaunâtre,Jaunâtre,Verte,Entière,Sagittée allongée,Aigue,Souple,Peu nombreuses,0.0,Alternes à la base/opposées au-dessus,0.0,Vert,Absent,Absent,Vert,Absente,Vert,Absente,0,0.0,0.0,0.0,Vert foncé / Vert violacé,Entièrement vert avec base violette,Vert,Vert,Femelle,Absente,Absence,Autre,Autre,Autre,Autre,Autre,Autre,Autre,Autre,Autre,Faible,Faible,Uniformément répartie,Allongée,Faible,Extrémité,Blanc jaunâtre ou blanc cassé,Uniforme,Présente,Orangée,Blanc,Granuleux,Moyen,Épaisse,Absent,Absent,0.252610296010971,22041.0,615.701171875,42.9289321899414,38.4008102416992,38.7505035400391,5.65307378768921,4.48050832748413,88.6527252197266,0.160587185330092,203.604248046875,0.487427851113748,1.70532970450742,44.21,22.9,-2.06,3.0,0.5213903743315508,performante & variabilité moyenne,21.21,0.31,77.69,49.66,Autofécondation-61F-2,na,na,na,na,41.0,52.0,3.0,3.0,2198.0,29.0
CIRAD243,CIRAD243,Autofecondation-61F-3,Dioscorea alata,Guadeloupe,2 CHOUCHOU,M,2023.0,CIRAD,,91.0,101.0,,,,,,,87.0,13.2,25.4,100.0,157.0,23.2,100.0,153.0,152.0,,94.0,115.0,0.2984,74.9336,1.545,4.182,4.143,2.25,4.0,2.7,1.455,45.7,0.282083333333333,19.64,2.92,14.867617107943,121.9773,60.2282,57.35,0.307416666666667,10.48,2.6,24.8091603053435,121.9773,60.2282,0.0,0.0,113.333333333333,26.3333333333333,23.1,100.0,175.0,24.8,100.0,175.0,149.0,3.0,1.92,0.3647,82.0661,7.0,41.0,0.0,0.0,24.3836967820031,48.8232974850817,99.481365808463,25.0019111632071,86.2033114859878,0.300012311469295,160.214930999167,99.6268847549549,61.2561942109417,13.135620409986,2.48822724975415,78.935280653022,0.132343802300964,3.46310385836649,2.06536986622635,3.24830574470311,166.995154480766,112.784028393837,94.684806636973,0.322046185265474,1.0,1.0,,1.0,1.0,1.0,1.0,0.977363974425886,2516.58,2089.78,,405.14,1682.83,847.43,2312.38,1495.8190724446,2516.58,2089.78,,405.14,1682.83,847.43,2312.38,1458.59711195125,55.924,46.439,,9.003,37.396,18.832,51.386,33.2402996240671,0.0019783110179862,0.0291139611420367,-0.0359630936878619,0.0925831857698183,0.0466547779369338,0.0369466354476948,-0.0189419815389298,3.0,2.0,2.0,3.07,2.0,71.69,0.0,28.31,55.63,19.74,24.63,63.71,7.84,28.45,Vert foncé / Vert violacé,Jaunâtre,Jaunâtre,Verte,Entière,Sagittée allongée,Aigue,Souple,Peu nombreuses,0.0,Alternes à la base/opposées au-dessus,0.0,Vert,Absent,Absent,Vert,Absente,Vert,Absente,0,0.0,0.0,0.0,Vert pâle,Vert,Vert,Vert,Mâle,Absente,Absence,Autre,Autre,Autre,Autre,Autre,Autre,Autre,Autre,Autre,Faible,Faible,Uniformément répartie,Allongée,Faible,Extrémité,Blanc,Uniforme,Absente,Autre,Violet avec du blanc,Granuleux,Abondant,Moyenne,Absent,Absent,,,,,,,,,,,,,,33.24,47.0,0.36,6.0,0.5334224598930482,performante & variabilité moyenne,24.38,0.32,51.18,29.15,Autofécondation-61F-3,Medium,Low,White,Oval-oblong,32.0,59.0,7.0,2.0,1626.0,41.0
CIRAD244,CIRAD244,Autofecondation-61F-4,Dioscorea alata,Guadeloupe,2 LOUANE,M,2023.0,CIRAD,,82.0,85.0,,,,,,,130.4,19.0,18.2,80.0,187.0,24.6,100.0,160.0,163.0,154.0,52.0,,0.3568,77.5844,2.091,4.091,3.833,2.083,3.083,4.455,2.091,50.2166666666667,0.289416666666667,13.49,2.89,21.4232765011119,81.1868,87.3481,46.45,0.26925,11.12,1.98,17.8057553956835,81.1868,87.3481,0.0,0.0,111.0,21.0,27.0,100.0,193.0,29.5,75.0,194.0,163.0,2.66666666666667,2.2,0.292,74.1644,0.0,55.5,0.0,0.0,26.3269326415355,47.0430185570827,96.4002290968443,25.5651070818273,70.6915151950245,0.298888644549793,168.282772435835,112.918931487039,80.5805077201387,11.7854751887204,2.40017147134279,78.2352762506353,0.132343802300964,3.32158692569219,2.25103811163019,3.73546737040299,180.236762352391,79.7900924041763,87.1223813287352,0.317430488742675,1.0,1.0,,1.0,1.1,1.0,1.0,1.08111490200252,3696.82,2027.45,,3399.0,1364.0,3639.5,2136.67,2260.64028938673,3696.82,2027.45,,3399.0,1212.44,3639.5,2136.67,2230.32500578779,82.152,45.054,,75.533,30.311,80.878,47.481,50.2363394498843,0.0016307210069434,0.0291139611420367,-0.0164349446335094,0.0490722161428452,0.067501047952771,0.0730555238477465,-0.028035787862573,3.0,2.0,2.0,2.9,2.0,63.88,17.9,18.22,64.17,5.04,30.78,62.39,14.18,23.43,Vert foncé / Vert violacé,Jaunâtre,Jaunâtre,Verte,Entière,Sagittée élargie,Aigue,Souple,Peu nombreuses,0.0,Alternes à la base/opposées au-dessus,0.0,Vert,Absent,Absent,Vert,Absente,Vert,Absente,0,0.0,0.0,0.0,Vert foncé / Vert violacé,Entièrement vert avec base violette,Vert,Vert,Mâle,Absente,Absence,Autre,Autre,Autre,Autre,Autre,Autre,Autre,Autre,Autre,Faible,Faible,Uniformément répartie,Allongée,Faible,Extrémité,Blanc jaunâtre ou blanc cassé,Uniforme,Absente,Autre,Violet clair,Granuleux,Moyen,Épaisse,Absent,Absent,,,,,,,,,,,,,,50.24,33.4,-2.39,6.0,0.5922459893048129,performante & variabilité forte,26.33,0.32,63.6,58.55,Autofécondation-61F-4,Medium,Low,Yellowish white or off-white,Oval-oblong,46.0,46.0,5.0,3.0,2486.0,39.0
CIRAD245,CIRAD245,Autofecondation-61F-5,Dioscorea alata,Guadeloupe,2,M,2023.0,CIRAD,,95.0,101.0,,,,,,,147.4,22.2,27.0,60.0,171.0,,100.0,153.0,160.0,161.0,62.0,,0.2878,76.7664,2.727,4.182,3.0,2.917,3.25,3.455,1.818,53.0666666666667,0.323333333333333,15.86,2.99,18.8524590163934,80.3112,65.5314,48.8,0.281166666666667,8.7,1.63,18.735632183908,80.3112,65.5314,0.0,0.0,83.3333333333333,15.6666666666667,30.0,100.0,175.0,22.4,100.0,175.0,176.0,1.22222222222222,2.36,0.3047,77.0429,7.0,0.0,0.0,0.0,18.8890298688423,48.4932718874631,98.416259217602,26.5390602625133,77.6870311693805,0.300558960240944,173.118156671554,109.466451816368,65.0349949956781,11.7732234172026,2.36630386426149,78.509964222434,0.132343802300964,2.82060720738043,2.42976548804697,3.46934362174843,169.50032353756,79.0818517512658,87.9626508074282,0.299258201034036,1.0,1.0,,1.0,1.0,1.1,1.0,1.0091364601434,1970.05,2252.17,,1464.0,2855.65,1579.12,2627.57,1815.14980754554,1970.05,2252.17,,1464.0,2855.65,1403.67,2627.57,1783.34387193002,43.779,50.048,,32.533,63.459,35.092,58.39,40.3366040346334,-0.0094939566524956,0.0291139611420367,0.0090524129299359,0.044017248666329,0.103195384252018,0.0734543904562293,-0.0422317526574761,2.0,1.0,1.0,3.13,2.0,71.16,10.09,18.75,58.42,7.89,33.69,62.74,13.42,23.84,Vert foncé / Vert violacé,Jaunâtre,Jaunâtre,Verte,Entière,Sagittée élargie,Aigue,Souple,Nombreuses,0.0,Alternes à la base/opposées au-dessus,0.0,Vert,Absent,Absent,Vert,Absente,Vert,Absente,0,0.0,0.0,0.0,Vert foncé / Vert violacé,Entièrement vert avec base violette,Vert,Vert,Mâle,Absente,Absence,Autre,Autre,Autre,Autre,Autre,Autre,Autre,Autre,Autre,Faible,Faible,Uniformément répartie,Allongée,Nulle,Autre,Blanc avec du violet,Uniforme,Absente,Autre,Violet clair,Granuleux,Moyen,Épaisse,Absent,Absent,,,,,,,,,,,,,,40.34,24.0,1.41,6.0,0.2446524064171123,performante & variabilité faible,18.89,0.3,46.91,47.37,Autofécondation61F-5,Low,Medium,White with purple,Oval-oblong,37.0,51.0,12.0,0.0,2037.0,41.0
CIRAD246,CIRAD246,Autofecondation-KREOLINE-1,Dioscorea alata,Guadeloupe,4 LESPINE,F,2023.0,CIRAD,,91.0,101.0,,,,,,,103.0,18.0,27.5,80.0,176.0,42.7,75.0,179.0,152.0,154.0,79.0,,0.298,79.657,2.273,4.0,3.667,2.25,2.917,4.6,2.455,43.6333333333333,0.287916666666667,14.77,2.83,19.1604603926879,87.1288,56.5012,42.6666666666667,0.252333333333333,14.03,2.79,19.8859586600142,87.1288,56.5012,0.0,0.0,81.5,15.0,29.2,62.5,186.0,41.7,87.5,191.0,149.0,3.33333333333333,2.96,0.3045,74.3962,14.0,21.0,0.0,0.0,21.70337145851,44.1518083920296,98.416259217602,33.9728175812288,81.6410184592339,0.298217481335713,161.17191326566,94.5021102438025,58.6005164079713,12.8121736419151,2.50177429258667,78.5424788530196,0.132343802300964,3.43172082873716,2.57106174956925,3.75127670200624,179.878881058563,84.5963577760292,78.7196865418042,0.302485960840188,1.0,1.3,,1.0,1.0,1.0,1.0,1.03257045200069,3098.67,1643.85,,2015.67,2538.02,2873.86,2448.5,2063.2198948401,3098.67,1232.89,,2015.67,2538.02,2873.86,2448.5,1991.12062265295,68.859,36.53,,44.793,56.4,63.863,54.411,45.8492090747613,-0.0035301775408044,0.0291139611420367,0.168899902356723,0.0448178373206542,0.11992609166513,0.0561062228218861,-0.0804410946416685,3.0,2.0,2.0,2.93,2.0,67.88,10.38,21.74,65.82,12.63,21.55,64.59,11.34,24.07,Vert foncé / Vert violacé,Jaunâtre,Jaunâtre,Verte,Entière,Sagittée élargie,Aigue,Souple,Peu nombreuses,0.0,Alternes à la base/opposées au-dessus,0.0,Entièrement vert avec les deux extrémités violettes,Absent,Absent,Vert violacé,Absente,Brun foncé,Absente,0,0.0,0.0,0.0,Violet,Entièrement vert avec les deux extrémités violettes,Violet,Violet,Femelle,Absente,Absence,Autre,Autre,Autre,Autre,Autre,Autre,Autre,Autre,Autre,Faible,Moyenne,Base,Fusiforme,Forte,Base,Violet avec du blanc,Non uniforme,Présente,Orangée,Violet clair,Granuleux,Abondant,Moyenne,Absent,Absent,,,,,,,,,,,,,,45.85,20.1,0.15,6.0,0.3703208556149732,performante & variabilité faible,21.7,0.3,52.69,54.87,Autofécondation-KREOLINE-1,Medium,Medium,Purple with white,Irregular,50.0,41.0,0.0,9.0,2247.0,34.0
CIRAD247,CIRAD247,Autofecondation-KREOLINE-3,Dioscorea alata,Guadeloupe,4,F,2023.0,CIRAD,,86.0,101.0,,,,,,,110.2,26.2,27.6,100.0,157.0,27.9,100.0,179.0,160.0,162.0,53.0,115.0,0.341,77.9966,2.091,3.818,3.167,2.583,3.667,2.273,1.091,58.7666666666667,0.339,13.65,3.37,24.6886446886447,77.0526,80.2237,60.3,0.342083333333333,14.35,2.47,17.212543554007,77.0526,80.2237,0.0,150.0,138.8,28.0,24.3,87.5,154.0,28.6,87.5,180.0,,2.77777777777778,2.32,0.3091,70.5423,0.0,21.0,0.0,,41.8058113847078,53.2902636725673,99.481365808463,27.3954938173429,72.2122795372758,0.303349905913976,169.250007217753,115.378823252392,75.5040089437817,12.6161452976297,2.53157778681821,77.8073602493362,0.13953683593657,3.19952551605913,2.15684060394867,3.01672831325562,168.784560949904,76.4460899975264,90.4834592435076,0.317850097517475,1.0,1.4,,1.0,1.0,1.0,1.0,1.13948857145629,696.17,2673.23,,315.33,1994.86,1011.43,1258.2,1208.10108519019,696.17,1871.26,,315.33,1994.86,1011.43,1258.2,1043.15780366682,15.47,59.405,,7.007,44.33,22.476,27.96,26.8465397756399,0.001938592533592,-0.137835917263672,-0.031715200760621,0.0577044331499012,-0.004811357834195,0.0689753652845013,-0.0622208885558427,2.0,2.0,2.0,2.91,2.0,61.36,27.39,11.25,71.87,3.06,25.07,64.57,13.94,21.5,Vert foncé / Vert violacé,Jaunâtre,Jaunâtre,Verte,Entière,Cordée,Aigue,Souple,Peu nombreuses,0.0,Alternes à la base/opposées au-dessus,0.0,Vert,Absent,Absent,Vert,Absente,Vert,Absente,0,0.0,0.0,0.0,Vert pâle,Vert,Vert,Vert,Femelle,Absente,Présence,Allongée,Petit (1-2 cm),,,Blanc jaunâtre ou blanc cassé,Rugueuse,Épaisse,Jaune,Jaune,Faible,Faible,Base,Fusiforme,Forte,Base,Blanc jaunâtre ou blanc cassé,Non uniforme,Absente,Autre,Blanc,Granuleux,Moyen,Épaisse,Absent,Absent,,,,,,,,,,,,,,26.85,59.9,0.92,6.0,0.3877005347593583,performante & variabilité faible,41.81,0.32,37.44,25.44,Autofécondation-KREOLINE-3,Medium,Low,Yellowish white or off-white,Irregular,26.0,61.0,8.0,5.0,1317.0,38.0
CIRAD248,CIRAD248,Autofecondation-KREOLINE-4,Dioscorea alata,Guadeloupe,4,F,2023.0,CIRAD,,,,,,,,,,133.8,26.2,23.8,100.0,150.0,,,,161.0,,79.0,,,,,,,,,,,47.8666666666667,0.331666666666667,9.91,2.12,21.3925327951564,50.8642,60.9457,,,,,,,,,,,,,,,,,,,1.75,2.12,0.3308,66.6985,14.0,21.0,0.0,0.0,32.1973218133539,45.5244278452188,,28.5416712261158,78.4616433216576,0.301607587625196,168.37292712559,115.047327532843,61.8871947851971,10.607176824782,2.34331214655033,77.5326568311555,0.132343802300964,2.94246262627476,2.18089758070136,,167.159042335186,57.949069383216,89.2803899457022,0.318305293000766,1.0,,,,1.0,,,1.10449783189801,271.5,,,,2461.56,,,1225.98329918317,271.5,,,,2461.56,,,1147.32101739153,6.033,,,,54.701,,,27.2439082678078,-0.0029131790840987,0.0291139611420367,-0.031715200760621,-0.032370901445964,0.0256200968325465,-0.0068631522004054,-0.0211689161589292,,1.0,1.0,,,61.78,22.09,16.12,,,,61.07,22.92,16.01,Vert foncé / Vert violacé,Jaunâtre,Jaunâtre,Verte,Entière,Cordée allongée,Aigue,Souple,Nombreuses,0.0,Alternes à la base/opposées au-dessus,0.0,Vert,Absent,Absent,Vert,Absente,Vert,Absente,0,0.0,0.0,0.0,Vert pâle,Vert,Vert,Vert,Femelle,Absente,Absence,Autre,Autre,Autre,Autre,Autre,Autre,Autre,Autre,Autre,Forte,Autre,Autre,Fusiforme,Moyenne,Base,Blanc jaunâtre ou blanc cassé,Non uniforme,Absente,Autre,Violet,Granuleux,Moyen,Épaisse,Absent,Absent,,,,,,,,,,,,,,27.24,80.1,,2.0,,données insuffisantes,32.2,0.32,6.03,54.7,Autofécondation-KREOLINE-4,Low,Low,Yellowish white or off-white,Irregular,33.0,50.0,8.0,8.0,1732.0,12.0
CIRAD249,CIRAD249,Autofecondation-KREOLINE-5,Dioscorea alata,Guadeloupe,4,,2023.0,CIRAD,,100.0,104.0,,,,,,,180.0,30.0,,,,45.5,25.0,160.0,,,79.0,,0.3308,81.9901,1.818,2.364,4.167,1.583,,,,51.8,0.355166666666667,16.77,3.3,19.6779964221825,74.4911,65.1715,,,,,,,,0.0,,,,,,,,,,,3.66666666666667,2.4,0.2692,72.314,7.0,0.0,0.0,0.0,21.2056799044336,47.0456852177178,98.7942648652441,38.0889010977466,84.3783942752862,0.302496395067207,,137.157173156965,64.2260046439306,12.8336959487741,2.52821629634596,78.5759266628349,0.132343802300964,3.6150329176935,2.15643781677333,2.72270568690408,169.936914807248,73.9933487014359,63.8607282224591,0.30167902088865,,1.0,,,1.0,,1.2,1.13846990654004,,1645.5,,,2292.56,,1604.17,1432.34652633282,,1645.5,,,2292.56,,1375.0,1341.87983961436,,36.567,,,50.946,,35.648,31.8300050520866,-0.0069234844921226,0.0291139611420367,0.0057705068235996,0.064008424321318,0.0498916375458815,0.0448828336519501,0.0259902562148542,3.0,3.0,3.0,2.48,2.0,72.66,14.28,13.05,,,,65.78,13.06,21.16,Vert foncé / Vert violacé,Jaunâtre,Jaunâtre,Verte,Entière,Cordée élargie,Aigue,Souple,Peu nombreuses,0.0,Alternes à la base/opposées au-dessus,0.0,Vert,Absent,Absent,Vert,Absente,Vert,Absente,0,0.0,0.0,0.0,Vert pâle,Vert,Vert,Vert,,Absente,Absence,Autre,Autre,Autre,Autre,Autre,Autre,Autre,Autre,Autre,Faible,Moyenne,Base,Allongée,Nulle,Autre,Blanc jaunâtre ou blanc cassé,Uniforme,Absente,Autre,Blanc,Granuleux,Abondant,Épaisse,Absent,Absent,0.985511541366577,18798.5,356.753295898438,42.2868118286133,26.3214073181152,26.9070491790771,6.19335651397705,5.57541418075562,88.6014633178711,0.296362772627263,206.321701049805,0.771489545040466,1.71564087868069,31.83,17.1,0.7,3.0,0.1564171122994652,performante & variabilité faible,21.21,0.3,36.57,43.3,Autofécondation-KREOLINE-5,High,Medium,Yellowish white or off-white,Oval-oblong,38.0,62.0,0.0,0.0,1810.0,16.0
CIRAD251,CIR-C103,CIR-C103,Dioscorea alata,Guadeloupe,2,,2021.0,CIRAD,,,,,,,,,,,,,,,,,,,,,,,,,,,,,,,,,,,,,,,,,,,,,,,,,,,,,,,,,,,,,,,,,,,,,,,,,,,,,,,,,,,,,,,,,,,,,,,,,,,,,,,,,,,,,,,,,,,,,,,,,,,,,,,,,,,,,,,,,,,,,,,,,,,,,,,,,,,,,,,,,,,,,,,,,,,,,,,,,,,,,,,,,,,,,,,,,,,,,,,,,,,,,,,,0.0,,données insuffisantes,,,,,CIR-C-103,na,na,na,na,,,,,,
CIRAD252,CIR-L037,CIR-L037,Dioscorea alata,Guadeloupe,2,,2021.0,CIRAD,,,,,,,,,,,,,,,,,,,,,,,,,,,,,,,,,,,,,,,,,,,,,,,,,,,,,,,,,,,,,,,,,,,,,,,,,,,,,,,,,,,,,,,,,,,,,,,,,,,,,,,,,,,,,,,,,,,,,,,,,,,,,,,,,,,,,,,,,,,,,,,,,,,,,,,,,,,,,,,,,,,,,,,,,,,,,,,,,,,,,,,,,,,,,,,,,,,,,,,,,,,,,,,,0.0,,données insuffisantes,,,,,CIR-L037,na,na,na,na,,,,,,
CIRAD253,CIR-B079,CIR-B079,Dioscorea alata,Guadeloupe,2,,2016.0,CIRAD,,,,,,,,,,,,,,,,,,,,,,,,,,,,,,,,,,,,,,,,,,,,,,,,,,,,,,,,,,,,,,,,,,,,,,,,,,,,,,,,,,,,,,,,,,,,,,,,,,,,,,,,,,,,,,,,,,,,,,,,,,,,,,,,,,,,,,,,,,,,,,,,,,,,,,,,,,,,,,,,,,,,,,,,,,,,,,,,,,,,,,,,,,,,,,,,,,,,,,,,,,,,,,,,0.0,,données insuffisantes,,,,,CIR-B079,na,na,na,na,,,,,,
CIRAD254,CIR-B142,CIR-B142,Dioscorea alata,Guadeloupe,2,,2016.0,CIRAD,,,,,,,,,,,,,,,,,,,,,,,,,,,,,,,,,,,,,,,,,,,,,,,,,,,,,,,,,,,,,,,,,,,,,,,,,,,,,,,,,,,,,,,,,,,,,,,,,,,,,,,,,,,,,,,,,,,,,,,,,,,,,,,,,,,,,,,,,,,,,,,,,,,,,,,,,,,,,,,,,,,,,,,,,,,,,,,,,,,,,,,,,,,,,,,,,,,,,,,,,,,,,,,,0.0,,données insuffisantes,,,,,CIR-B142,na,na,na,na,,,,,,
CIRAD255,CIR-A071,CIR-A071,Dioscorea alata,Guadeloupe,2,,2016.0,CIRAD,,,,,,,,,,,,,,,,,,,,,,,,,,,,,,,,,,,,,,,,,,,,,,,,,,,,,,,,,,,,,,,,,,,,,,,,,,,,,,,,,,,,,,,,,,,,,,,,,,,,,,,,,,,,,,,,,,,,,,,,,,,,,,,,,,,,,,,,,,,,,,,,,,,,,,,,,,,,,,,,,,,,,,,,,,,,,,,,,,,,,,,,,,,,,,,,,,,,,,,,,,,,,,,,0.0,,données insuffisantes,,,,,CIR-A071,na,na,na,na,,,,,,
CIRAD257,CIR-K032,CIR-K032,Dioscorea alata,Guadeloupe,4,,2021.0,CIRAD,,,,,,,,,,,,,,,,,,,,67.0,,,,,,,,,,,,,,,,,,,,,,,,,,,,,,,,,,,,3.0,2.32,0.3207,75.4349,,,0.0,,,,,,73.216476307353,,,,,,,78.8764623151176,0.13953683593657,3.2949743528954,2.27922227497797,,,,,0.31349146875517,,,,,1.0,,,1.26844134601998,,,,,1866.75,,,1254.552938999,,,,,1866.75,,,1149.92000765935,,,,,41.483,,,27.8788245855322,-0.0044956506214975,0.0291139611420367,-0.0359630936878619,-0.0022862509550083,0.003934489557158,-0.0115810514473772,-0.0397951541982547,,2.0,2.0,,,,,,,,,,,,,,,,,,,,,,,,,,,,,,,,,,,,,,,,,,,,,,,,,,,Faible,Moyenne,Uniformément répartie,Fusiforme,Forte,Base,Blanc,Uniforme,Absente,Autre,Violet,Granuleux,Abondant,Épaisse,Absent,,,,,,,,,,,,,,,27.88,,,1.0,,données insuffisantes,,0.31,,41.48,CIR-K032,Medium,Low,White,Irregular,50.0,25.0,25.0,0.0,1867.0,4.0
CIRAD258,CIR-P006,CIR-P006,Dioscorea alata,Guadeloupe,2,,2022.0,CIRAD,,,,,,,,,,,,,,,,,,,,,,,,,,,,,,,,,,,,,,,,,,,,,,,,,,,,,,,,,,,,,,,,,,,,,,,,,,,,,,,,,,,,,,,,,,,,,,,,,,,,,,,,,,,,,,,,,,,,,,,,,,,,,,,,,,,,,,,,,,,,,,,,,,,,,,,,,,,,,,,,,,,,,,,,,,,,,,,,,,,,,,,,,,,,,,,,,,,,,,,,,,,,,,,,0.0,,données insuffisantes,,,,,CIR-P006,na,na,na,na,,,,,,
CIRAD261,CIR-A025,CIR-A025,Dioscorea alata,Guadeloupe,2,,2016.0,CIRAD,,,,,,,,,,,,,,,,,,,,,,,,,,,,,,,,,,,,,,,,,,,,,,,,,,,,,,,,,,,,,,,,,,,,,,,,,,,,,,,,,,,,,,,,,,,,,,,,,,,,,,,,,,,,,,,,,,,,,,,,,,,,,,,,,,,,,,,,,,,,,,,,,,,,,,,,,,,,,,,,,,,,,,,,,,,,,,,,,,,,,,,,,,,,,,,,,,,,,,,,,,,,,,,,0.0,,données insuffisantes,,,,,CIR-A25,na,na,na,na,,,,,,
CIRAD262,CIR-D036,CIR-D036,Dioscorea alata,Guadeloupe,2,,2021.0,CIRAD,,,,,,,,,,,,,,,,,,,,,,,,,,,,,,,,,,,,,,,,,,,,,,,,,,,,,,,,,,,,,,,,,,,,,,,,,,,,,,,,,,,,,,,,,,,,,,,,,,,,,,,,,,,,,,,,,,,,,,,,,,,,,,,,,,,,,,,,,,,,,,,,,,,,,,,,,,,,,,,,,,,,,,,,,,,,,,,,,,,,,,,,,,,,,,,,,,,,,,,,,,,,,,,,0.0,,données insuffisantes,,,,,CIR-D036,na,na,na,na,,,,,,
CIRAD263,CIR-C104,CIR-C104,Dioscorea alata,Guadeloupe,2,,2021.0,CIRAD,,,,,,,,,,,,,,,,,,,,,,,,,,,,,,,,,,,,,,,,,,,,,,,,,,,,,,,,,,,,,,,,,,,,,,,,,,,,,,,,,,,,,,,,,,,,,,,,,,,,,,,,,,,,,,,,,,,,,,,,,,,,,,,,,,,,,,,,,,,,,,,,,,,,,,,,,,,,,,,,,,,,,,,,,,,,,,,,,,,,,,,,,,,,,,,,,,,,,,,,,,,,,,,,0.0,,données insuffisantes,,,,,,,,,,,,,,,
CIRAD264,CIR-K050,CIR-K050,Dioscorea alata,Guadeloupe,4,,2021.0,CIRAD,,,,,,,,,,,,,,,,,,,,,,,,,,,,,,,,,,,,,,,,,,,,,,,,,,,,,,,,,,,,,,,,,,,,,,,,,,,,,,,,,,,,,,,,,,,,,,,,,,,,,,,,,,,,,,,,,,,,,,,,,,,,,,,,,,,,,,,,,,,,,,,,,,,,,,,,,,,,,,,,,,,,,,,,,,,,,,,,,,,,,,,,,,,,,,,,,,,,,,,,,,,,,,,,0.0,,données insuffisantes,,,,,,,,,,,,,,,
CIRAD265,3153,3153,Dioscorea alata,Togo,,,2022.0,IITA,,,,,,,,,,,,,,,,,,,,,,,,,,,,,,,,,,,,,,,,,,,,,,,,,,,,,,,176.0,3.66666666666667,3.62,0.2415,70.6642,14.0,48.0,0.0,,37.1407644479415,,,,,,178.642567308573,,,,,78.1426482930561,0.13953683593657,3.48298060709308,2.91833278777594,,,,,0.275743460809505,,,,,1.6,,1.2,1.52578475053664,,,,,1569.01,,964.0,983.977382825203,,,,,998.46,,803.33,673.255626520578,,,,,34.867,,21.422,21.8661415322386,-0.0177297626505225,0.0291139611420367,-0.031715200760621,-0.0022862509550083,-0.0448108401345345,-0.0141067971474182,-0.0140573697295214,,3.0,3.0,,,,,,,,,,,,,,,,,,,,,,,,,,,,,,,,,,,,,,,Mâle,Présente,,,,,,,,,,,Faible,Faible,Uniformément répartie,Ronde,Nulle,Autre,Blanc jaunâtre ou blanc cassé,Uniforme,Présente,Orangée,Blanc,Granuleux,Abondant,Moyenne,Absent,,,,,,,,,,,,,,,21.87,23.9,,2.0,,données insuffisantes,37.14,0.28,,28.14,3253,na,na,na,na,12.0,41.0,35.0,12.0,930.0,17.0
CIRAD265,3153,3153,Dioscorea alata,Togo,,,2022.0,IITA,,,,,,,,,,,,,,,,,,,,,,,,,,,,,,,,,,,,,,,,,,,,,,,,,,,,,,,176.0,3.66666666666667,3.62,0.2415,70.6642,14.0,48.0,0.0,,37.1407644479415,,,,,,178.642567308573,,,,,78.1426482930561,0.13953683593657,3.48298060709308,2.91833278777594,,,,,0.275743460809505,,,,,1.6,,1.2,1.52578475053664,,,,,1569.01,,964.0,983.977382825203,,,,,998.46,,803.33,673.255626520578,,,,,34.867,,21.422,21.8661415322386,-0.0177297626505225,0.0291139611420367,-0.031715200760621,-0.0022862509550083,-0.0448108401345345,-0.0141067971474182,-0.0140573697295214,,3.0,3.0,,,,,,,,,,,,,,,,,,,,,,,,,,,,,,,,,,,,,,,Mâle,Présente,,,,,,,,,,,Faible,Faible,Uniformément répartie,Ronde,Nulle,Autre,Blanc jaunâtre ou blanc cassé,Uniforme,Présente,Orangée,Blanc,Granuleux,Abondant,Moyenne,Absent,,,,,,,,,,,,,,,21.87,23.9,,2.0,,données insuffisantes,37.14,0.28,,28.14,3153,High,Medium,Yellowish white or off-white,Rounded,12.0,41.0,35.0,12.0,930.0,17.0
CIRAD266,CIR-C101,CIR-C101,Dioscorea alata,Guadeloupe,2,,2021.0,CIRAD,,,,,,,,,,,,,,,,,,,,,,,,,,,,,,,,,,,,,,,,,,,,,,,,,,,,,,,,,,,,,,,,,,,,,,,,,,,,,,,,,,,,,,,,,,,,,,,,,,,,,,,,,,,,,,,,,,,,,,,,,,,,,,,,,,,,,,,,,,,,,,,,,,,,,,,,,,,,,,,,,,,,,,,,,,,,,,,,,,,,,,,,,,,,,,,,,,,,,,,,,,,,,,,,0.0,,données insuffisantes,,,,,,,,,,,,,,,
CIRAD267,CIR-K051,CIR-K051,Dioscorea alata,Guadeloupe,4,,2021.0,CIRAD,,,,,,,,,,,,,,,,,,,,,,,,,,,,,,,,,,,,,,,,,,,,,,,,,,,,,,,,,,,,,,,,,,,,,,,,,,,,,,,,,,,,,,,,,,,,,,,,,,,,,,,,,,,,,,,,,,,,,,,,,,,,,,,,,,,,,,,,,,,,,,,,,,,,,,,,,,,,,,,,,,,,,,,,,,,,,,,,,,,,,,,,,,,,,,,,,,,,,,,,,,,,,,,,0.0,,données insuffisantes,,,,,,,,,,,,,,,
CIRAD268,CIR-C052,CIR-C052,Dioscorea alata,Guadeloupe,2,,2021.0,CIRAD,,,,,,,,,,,,,,,,,,,,,,,,,,,,,,,,,,,,,,,,,,,,,,,,,,,,,,,,,,,,,,,,,,,,,,,,,,,,,,,,,,,,,,,,,,,,,,,,,,,,,,,,,,,,,,,,,,,,,,,,,,,,,,,,,,,,,,,,,,,,,,,,,,,,,,,,,,,,,,,,,,,,,,,,,,,,,,,,,,,,,,,,,,,,,,,,,,,,,,,,,,,,,,,,0.0,,données insuffisantes,,,,,CIR-C052,na,na,na,na,,,,,,
CIRAD269,CIRAD269,CIRAD269,Dioscorea alata,Guadeloupe,,,2024.0,CIRAD,,,,,,,,,,,,,,,,,,,,,,,,,,,,,,,,,,,,,,,,,,,,,,,,,,,,,,,149.0,2.0,2.38,0.369,82.4096,21.0,41.0,0.0,,35.8591311723077,,,,,,160.829598260504,,,,,79.9492886633836,0.13953683593657,3.01296497159889,2.30871968326095,,,,,0.336512034206882,,,,,1.0,,,1.20265443474851,,,,,2876.0,,,1631.98663790897,,,,,2876.0,,,1595.71236550961,,,,,63.911,,,36.2663235784263,0.0045596964099546,0.0291139611420367,-0.0062278431971757,-0.0022862509550083,0.0640345731021894,-0.0112485418118227,-0.0800771781713149,,1.0,1.0,,,,,,,,,,,,,,,,,,,,,,,,,,,,,,,,,,,,,,,Mâle,,,,,,,,,,,,Faible,Faible,Uniformément répartie,Cylindrique,Faible,Milieu,Blanc avec du violet,Non uniforme,Présente,Marron,Violet clair,Granuleux,Moyen,Épaisse,Absent,,,,,,,,,,,,,,,36.27,,,1.0,,données insuffisantes,35.86,0.34,,63.91,,,,,,75.0,25.0,0.0,0.0,2876.0,4.0
CIRAD271,CIRAD271,61_emb_mut_006,Dioscorea alata,Guadeloupe,2,,2024.0,CIRAD,,,,,,,,,,,,,,,,,,,,,,,,,,,,,,,,,,,,,,,,,,,,,,,,,,,,,,,,3.5,2.59,0.3256,72.9153,,,,,,,,,,,,,,,,78.4889053926563,,3.43597904354366,2.41196061225139,,,,,0.315826888438677,,,,,,,,,,,,,,,,,,,,,,,,,,,,,,,,,,,,,,,,,3.0,2.0,,,,,,,,,,,,,,,,,,,,,,,,,,,,,,,,,,,,,,,,,,,,,,,,,,,Faible,Faible,Uniformément répartie,Cylindrique,Nulle,Autre,Blanc jaunâtre ou blanc cassé,Uniforme,Absente,Autre,Blanc,Granuleux,Abondant,Épaisse,Absent,,,,,,,,,,,,,,,,,,0.0,,données insuffisantes,,0.32,,,,,,,,,,,,,
CIRAD272,CIRAD272,61_mut_025,Dioscorea alata,Guadeloupe,,,2024.0,CIRAD,,,,,,,,,,,,,,,,,,,,,,,,,,,,,,,,,,,,,,,,,,,,,,,,,,,,,,,142.0,2.58333333333333,3.0,0.2715,79.7719,14.0,0.0,0.0,,28.3524219864524,,,,,,156.211421099894,,,,,79.5435659715372,0.13953683593657,3.17747044402186,2.61352623551845,,,,,0.290041948667711,,,,,1.1,,,1.30795913432027,,,,,1945.25,,,1331.73875342456,,,,,1729.11,,,1189.68059677636,,,,,43.228,,,29.5942497973746,-0.0135592151998694,0.0291139611420367,-0.031715200760621,-0.0022862509550083,0.0124055027125893,-0.0078126089110928,-0.037324411816696,,2.0,2.0,,,,,,,,,,,,,,,,,,,,,,,,,,,,,,,,,,,,,,,Mâle,,,,,,,,,,,,Faible,Faible,Uniformément répartie,Fusiforme,Faible,Extrémité,Blanc jaunâtre ou blanc cassé,Non uniforme,Absente,Autre,Blanc,Granuleux,Abondant,Épaisse,Absent,,,,,,,,,,,,,,,29.59,,,1.0,,données insuffisantes,28.35,0.29,,43.23,,,,,,56.0,22.0,22.0,0.0,1729.0,9.0
CIRAD273,CIRAD273,61_mut_007,Dioscorea alata,Guadeloupe,,,2024.0,CIRAD,,,,,,,,,,,,,,,,,,,,,,,,,,,,,,,,,,,,,,,,,,,,,,,,,,,,,,,163.0,2.66666666666667,1.88,0.3389,71.5854,14.0,0.0,1.0,,28.3524219864524,,,,,,170.065952581725,,,,,78.2843443705967,0.358181339859341,3.20097122579657,2.06290794756942,,,,,0.322165884722481,,,,,1.1,,1.0,1.19285217714138,,,,,2984.18,,3466.0,1975.86187042716,,,,,2652.6,,3466.0,1860.80311517108,,,,,66.315,,77.022,43.9079635188008,-0.0009712479371265,0.0291139611420367,-0.0147236290516575,-0.0022862509550083,0.13893970943357,-0.0140194554414436,-0.0291431186797664,,2.0,2.0,,,,,,,,,,,,,,,,,,,,,,,,,,,,,,,,,,,,,,,Mâle,Absente,,,,,,,,,,,Faible,Faible,Base,Allongée,Nulle,Autre,Violet,Uniforme,Absente,Autre,Violet clair,Granuleux,Moyen,Épaisse,Absent,,,,,,,,,,,,,,,43.91,7.5,,2.0,,données insuffisantes,28.35,0.32,,71.67,,,,,,71.0,29.0,0.0,0.0,3035.0,17.0
CIRAD274,CIRAD274,61_mut_015,Dioscorea alata,Guadeloupe,,,2024.0,CIRAD,,,,,,,,,,,,,,,,,,,,,,,,,,,,,,,,,,,,,,,,,,,,,,,,,,,,,,,176.0,,,,,,,,,,,,,,,178.642567308573,,,,,,,,,,,,,,,,,,,,1.0,1.19102759217455,,,,,,,2183.62,1409.25901314873,,,,,,,2183.62,1303.03639494125,,,,,,,48.525,31.3169116424821,,,,,,,,,,,,,,,,,,,,,,,,,,,,,,,,,,,,,,,,,,,,,,,,,,,,,,,,,,,,,,,,,,,,,,,,,,,,,,,,,,,,,,,,,,31.32,,,1.0,,données insuffisantes,,,,48.52,,,,,,50.0,50.0,0.0,0.0,2184.0,8.0
CIRAD275,CIRAD275,61 _emb__mut 022,Dioscorea alata,Guadeloupe,2,,2024.0,CIRAD,,,,,,,,,,,,,,,,,,,,76.0,,,,,,,,,,,,,,,,,,,,,,,,,,,,,,,,,,,149.0,1.08333333333333,1.71,0.3675,65.7814,0.0,0.0,0.0,,28.3524219864524,,,,77.1503515680814,,160.829598260504,,,,,77.391591402679,0.13953683593657,2.75445637207709,1.9793319574343,,,,,0.335797109813971,,,,,1.0,,1.0,1.1457539893762,,,,,1815.35,,2544.5,1471.2903229333,,,,,1815.35,,2544.5,1406.6072498937,,,,,40.341,,56.544,32.6952037802156,0.0041563817389084,0.0291139611420367,-0.0104757361244166,-0.0022862509550083,0.049467395591159,-0.0149615660755147,-0.104342877896031,,1.0,1.0,,,,,,,,,,,,,,,,,,,,,,,,,,,,,,,,,,,,,,,Mâle,Absente,,,,,,,,,,,Faible,Faible,Uniformément répartie,Allongée,Nulle,Autre,Violet avec du blanc,Non uniforme,Présente,Orangée,Violet clair,Granuleux,Moyen,Moyenne,Absent,,,,,,,,,,,,,,,32.7,16.7,,2.0,,données insuffisantes,28.35,0.34,,48.44,,,,,,56.0,44.0,0.0,0.0,2180.0,16.0
CIRAD276,CIRAD276,61_mut_003,Dioscorea alata,Guadeloupe,,,2024.0,CIRAD,,,,,,,,,,,,,,,,,,,,,,,,,,,,,,,,,,,,,,,,,,,,,,,,,,,,,,,149.0,2.41666666666667,2.08,0.2983,67.6649,14.0,0.0,0.0,,28.3524219864524,,,,,,160.829598260504,,,,,77.6813054300865,0.13953683593657,3.13046888047244,2.16123264184603,,,,,0.302815264487709,,,,,1.0,,,1.20852046245416,,,,,3983.64,,,1979.14170963675,,,,,3983.64,,,1974.76226827094,,,,,88.525,,,43.9808140936749,-0.0088825456897702,0.0291139611420367,-0.031715200760621,-0.0022862509550083,0.120290618686186,-0.0129110899895953,-0.0499988114387668,,2.0,2.0,,,,,,,,,,,,,,,,,,,,,,,,,,,,,,,,,,,,,,,Mâle,Absente,,,,,,,,,,,Faible,Moyenne,Uniformément répartie,Allongée,Faible,Extrémité,Blanc jaunâtre ou blanc cassé,Uniforme,Absente,Autre,Blanc jaunâtre ou blanc cassé,Granuleux,Abondant,Moyenne,Absent,,,,,,,,,,,,,,,43.98,,,1.0,,données insuffisantes,28.35,0.3,,88.52,,,,,,86.0,14.0,0.0,0.0,3984.0,7.0
CIRAD277,CIRAD277,61_mut_016,Dioscorea alata,Guadeloupe,,,2024.0,CIRAD,,,,,,,,,,,,,,,,,,,,,,,,,,,,,,,,,,,,,,,,,,,,,,,,,,,,,,,163.0,1.33333333333333,2.0,0.3283,72.2773,14.0,0.0,0.0,,28.3524219864524,,,,,,170.065952581725,,,,,78.3907702455971,0.13953683593657,2.82495871740122,2.12190276413539,,,,,0.317113752345915,,,,,1.0,,1.0,1.19740670863318,,,,,2742.0,,2553.5,1703.00773746183,,,,,2742.0,,2553.5,1636.75194880004,,,,,60.933,,56.744,37.8444271482735,-0.0031964886492782,0.0291139611420367,-0.0147236290516575,-0.0022862509550083,0.0930949924006433,-0.0133544361703345,-0.0052952152617294,,1.0,1.0,,,,,,,,,,,,,,,,,,,,,,,,,,,,,,,,,,,,,,,Femelle,Absente,,,,,,,,,,,Forte,Autre,Autre,Allongée,Nulle,Autre,Violet,Non uniforme,Absente,Autre,Violet clair,Granuleux,Moyen,Épaisse,Absent,,,,,,,,,,,,,,,37.84,3.6,,2.0,,données insuffisantes,28.35,0.32,,58.84,,,,,,62.0,38.0,0.0,0.0,2648.0,16.0
CIRAD278,CIRAD278,Adon_nouveau,Disocorea bulbifera,Guadeloupe,,,2024.0,CIRAD,,,,,,,,,,,,,,,,,,,,22.0,,,,,,,,,,,,,,,,,,,,,,,,,,,,,,,,,,,,,,,,,,,,,,,,53.547100003711,,,,,,,,,,,,,,,,,,,,,,,,,,,,,,,,,,,,,,,,,,,,,,,,,,,,,,,,,,,,,,,,,,,,,,,,,,,,,,,,,,,,,,,,,,,,,,,,,,,,,,,,,,,,,,,,,,,,,,,,,,,,,,,,,,,,,,,,,,,,0.0,,données insuffisantes,,,,,,,,,,,,,,,
CIRAD279,CIRAD279,Amoumbé 1,Dioscorea trifida,Guyane Française,5?,M,2025.0,CRB,,,,,,,,,,,,,,,,,,,,,,,,,,,,,,,,,,,,,,,,,,,,,,,,,,,,,,,,,,,,0.0,0.0,0.0,,28.3524219864524,,,,,,,,,,,,0.13953683593657,,,,,,,,,,5.0,,,,,3.68142516516685,,,1722.0,,,,,1557.1601835974,,,344.4,,,,,1008.26676463396,,,38.267,,,,,34.6036740286393,,,,,,,,,,,,,,,,,,,,,,,,,,,,,,,,,,,,,,,,,,,,,,,,,,,,,,,,,,,,,,,,,,,,,,,,,,,,,,,,,,,,,,,,,,34.6,,,1.0,,données insuffisantes,28.35,,38.27,,Amoumbé 1,na,na,na,na,0.0,40.0,20.0,40.0,344.0,10.0
CIRAD280,CIRAD280,grossecaille Jaune,Dioscorea rotundata,Dominique,,,2025.0,IT2,,,,,,,,,,,,,,,,,,,,72.0,,0.3192,86.0664,,,4.667,,,,,,,,,,,,,,,,,,,,,,,,,,,,,,,,,,0.0,0.0,0.0,,28.3524219864524,,,,75.4019625633133,,,,,,,80.0905619364142,0.13953683593657,3.71786882196293,,,,,,0.301807279277652,,,1.2,,1.0,,1.0,1.13770417255948,,,568.17,,814.0,,677.67,829.533002477517,,,487.0,,814.0,,677.67,726.274716853954,,,12.626,,18.089,,15.059,18.4340028829213,-0.0091923399491434,0.0291139611420367,-0.0274673078333801,-0.0022862509550083,-0.0834771463225683,-0.0179860762288874,0.0669835656373314,3.0,,3.0,,,,,,,,,,,,,,,,,,,,,,,,,,,,,,,,,,,,,,,,Présente,,,,,,,,,,,Faible,Faible,Base,Allongée,Nulle,Autre,Jaune,Uniforme,Absente,Autre,Violet,Lisse,Abondant,Moyenne,Absent,,,,,,,,,,,,,,,18.43,14.6,0.18,3.0,0.3502673796791444,modeste & variabilité faible,28.35,0.3,12.63,16.57,grosse caille jaune,na,na,Yellow,Oval-oblong,0.0,86.0,14.0,0.0,666.0,21.0
CIRAD300,CIRAD300,CIRAD300,Dioscorea alata,Guadeloupe,,,2025.0,CIRAD,,,,,,,,,,,,,,,,,,,,,,,,,,,,,,,,,,,,,,,,,,,,,,,,,,,,,,,,3.41666666666667,3.88,0.2385,78.3242,,,,,,,,,,,,,,,,79.320885325146,,3.41247826176895,3.04615489033554,,,,,0.274313612023684,,,,,,,1.0,1.1833199893283,,,,,,,3437.5,1814.80847796551,,,,,,,3437.5,1755.92491429981,,,,,,,76.389,40.32912861612,-0.0203148392495926,0.0291139611420367,-0.0359630936878619,-0.0022862509550083,0.0821785134500171,-0.0029358009229601,0.0220232575723372,,2.0,2.0,,,,,,,,,,,,,,,,,,,,,,,,,,,,,,,,,,,,,,,,,,,,,,,,,,,Faible,Faible,Uniformément répartie,Cylindrique,Nulle,Autre,Blanc,Uniforme,Absente,Autre,Blanc,Lisse,Abondant,Épaisse,Absent,,,,,,,,,,,,,,,40.33,,,1.0,,données insuffisantes,,0.27,,76.39,CIRAD300,Medium,High,White,Cylindrical,75.0,25.0,0.0,0.0,3438.0,4.0
CIRAD301,CIRAD301,Igname jaune CIRAD,Dioscorea cayenensis,Guadeloupe,,M,2025.0,CIRAD,,,,,,,,,,,,,,,,,,,,,,,,,,,,,,,,,,,,,,,,,,,,,,,,,,,,,,,91.0,2.0,1.62,0.3759,66.3277,0.0,0.0,,,28.3524219864524,,,,,,122.564701786875,,,,,77.475621545059,,3.01296497159889,1.93508584500983,,,,,0.339800686414269,,,,,1.0,,1.0,1.16130314362424,,,,,1066.75,,861.5,875.274145504108,,,,,1066.75,,861.5,762.840092164171,,,,,23.706,,19.144,19.4505397091619,0.0057871312023844,0.0291139611420367,-0.0274673078333801,-0.0022862509550083,-0.0658998951035607,-0.0154603305288464,-0.0830842080524286,,1.0,1.0,,,,,,,,,,,,,,,,,,,,,,,,,,,,,,,,,,,,,,,Mâle,,,,,,,,,,,,Faible,Moyenne,Uniformément répartie,Fusiforme,Faible,Extrémité,Jaune,Uniforme,Absente,Autre,Blanc,Lisse,Moyen,Épaisse,Absent,,,,,,,,,,,,,,,19.45,10.6,,2.0,,données insuffisantes,28.35,0.34,,21.42,Igname jaune CIRAD,Low,Low,Yellow,Irregular,6.0,88.0,6.0,0.0,964.0,16.0
CIRAD302,CIRAD302,14M-AND-001,Dioscorea alata,Guadeloupe,,,2023.0,CIRAD,,,,,,,,,,,,,,,,,,,,,,,,,,,,,,,,,,,,,,,,,,,,,,,,,,,,,,,,,,,,,,,,,,,,,,,,,,,,,,,,,,,,,,,,,,,,,,,,,,,,,,,,,,,,,,,,,,,,,,,,,,,,,,,,,,,,,,,,,,,,,,,,,,,,,,,,,,,,,,,,,,,,,,,,,,,,,,,,,,,,,,,,,,,,,,,,,,,,,,,,,,,,,,,,,,,,,,,14M-AND-001,na,na,na,na,,,,,,
CIRAD303,CIRAD303,14M-AND-002,Dioscorea alata,Guadeloupe,,,2023.0,CIRAD,,,,,,,,,,,,,,,,,,,,,,,,,,,,,,,,,,,,,,,,,,,,,,,,,,,,,,,,,,,,,,,,,,,,,,,,,,,,,,,,,,,,,,,,,,,,,,,,,,,,,,,,,,,,,,,,,,,,,,,,,,,,,,,,,,,,,,,,,,,,,,,,,,,,,,,,,,,,,,,,,,,,,,,,,,,,,,,,,,,,,,,,,,,,,,,,,,,,,,,,,,,,,,,,,,,,,,,14M-AND-002,na,na,na,na,,,,,,
CIRAD304,CIRAD304,IJ-AND-001,Dioscorea cayenensis,Guadeloupe,,,2024.0,CIRAD,,,,,,,,,,,,,,,,,,,,,,,,,,,,,,,,,,,,,,,,,,,,,,,,,,,,,,,,,,,,,,,,,,,,,,,,,,,,,,,,,,,,,,,,,,,,,,,,,,,,,,,,,,,,,,,,,,,,,,,,,,,,,,,,,,,,,,,,,,,,,,,,,,,,,,,,,,,,,,,,,,,,,,,,,,,,,,,,,,,,,,,,,,,,,,,,,,,,,,,,,,,,,,,,,,,,,,,IJ-AND-001,na,na,na,na,,,,,,
CIRAD305,CIRAD305,iJ-AND-002,Dioscorea cayenensis,Guadeloupe,,,2024.0,CIRAD,,,,,,,,,,,,,,,,,,,,,,,,,,,,,,,,,,,,,,,,,,,,,,,,,,,,,,,,,,,,,,,,,,,,,,,,,,,,,,,,,,,,,,,,,,,,,,,,,,,,,,,,,,,,,,,,,,,,,,,,,,,,,,,,,,,,,,,,,,,,,,,,,,,,,,,,,,,,,,,,,,,,,,,,,,,,,,,,,,,,,,,,,,,,,,,,,,,,,,,,,,,,,,,,,,,,,,,iJ-AND-002,na,na,na,na,,,,,,
cirad111,,,,,,,,,,,,,,,,,,,,,,,,,,,,,,,,,,,,,,,,,,,,,,,,,,,,,,,,,,,,,,,,,,,,,,,,,,,,,,,,,,,,,,,,,,,,,,,,,,,,,,,,,,,,,,,,,,,,,,,,,,,,,,,,,,,,,,,,,,,,,,,,,,,,,,,,,,,,,,,,,,,,,,,,,,,,,,,,,,,,,,,,,,,,,,,,,,,,,,,,6.26937675476074,1798636.5,3573.79223632812,33.299732208252,24.6147270202637,25.6818065643311,4.76870679855347,4.62012243270874,76.3407135009766,0.365186324717039,175.351058959961,0.873276702104457,1.96054018920032,,,,,,,,,,,,,,,,,,,,,
cirad112,,,,,,,,,,,,,,,,,,,,,,,,,,,,,,,,,,,,,,,,,,,,,,,,,,,,,,,,,,,,,,,,,,,,,,,,,,,,,,,,,,,,,,,,,,,,,,,,,,,,,,,,,,,,,,,,,,,,,,,,,,,,,,,,,,,,,,,,,,,,,,,,,,,,,,,,,,,,,,,,,,,,,,,,,,,,,,,,,,,,,,,,,,,,,,,,,,,,,,,,6.35020160675049,1286525.5,1594.21057128906,36.2073402404785,35.5623779296875,36.7585678100586,7.14027070999146,6.31552076339722,79.1554718017578,0.650333049585079,174.446273803711,0.938357378339845,1.96255676509157,,,,,,,,,,,,,,,,,,,,,
cirad116,,,,,,,,,,,,,,,,,,,,,,,,,,,,,,,,,,,,,,,,,,,,,,,,,,,,,,,,,,,,,,,,,,,,,,,,,,,,,,,,,,,,,,,,,,,,,,,,,,,,,,,,,,,,,,,,,,,,,,,,,,,,,,,,,,,,,,,,,,,,,,,,,,,,,,,,,,,,,,,,,,,,,,,,,,,,,,,,,,,,,,,,,,,,,,,,,,,,,,,,-0.933817744255066,507075.5,1391.02551269531,48.2385368347168,16.1443538665771,16.5418643951416,8.52471446990967,3.82318592071533,97.3542861938477,0.623823876848184,229.48356628418,0.984168312361926,1.9447781096835,,,,,,,,,,,,,,,,,,,,,
cirad204,,,,,,,,,,,,,,,,,,,,,,,,,,,,,,,,,,,,,,,,,,,,,,,,,,,,,,,,,,,,,,,,,,,,,,,,,,,,,,,,,,,,,,,,,,,,,,,,,,,,,,,,,,,,,,,,,,,,,,,,,,,,,,,,,,,,,,,,,,,,,,,,,,,,,,,,,,,,,,,,,,,,,,,,,,,,,,,,,,,,,,,,,,,,,,,,,,,,,,,,4.4172797203064,590574.0,1620.31115722656,35.6881980895996,23.5941600799561,24.249813079834,5.26862049102783,4.54349327087402,80.612678527832,0.528192544664819,196.975540161133,0.953609982825943,1.94415160977735,,,,,,,,,,,,,,,,,,,,,
cirad207,,,,,,,,,,,,,,,,,,,,,,,,,,,,,,,,,,,,,,,,,,,,,,,,,,,,,,,,,,,,,,,,,,,,,,,,,,,,,,,,,,,,,,,,,,,,,,,,,,,,,,,,,,,,,,,,,,,,,,,,,,,,,,,,,,,,,,,,,,,,,,,,,,,,,,,,,,,,,,,,,,,,,,,,,,,,,,,,,,,,,,,,,,,,,,,,,,,,,,,,3.51182126998901,1897698.0,3458.38061523438,39.8996887207031,32.5485420227051,33.0778045654297,7.47286653518677,5.27178859710693,84.6119003295898,0.391498669021029,169.364135742188,0.841744018086253,1.96293481726437,,,,,,,,,,,,,,,,,,,,,
cirad218,,,,,,,,,,,,,,,,,,,,,,,,,,,,,,,,,,,,,,,,,,,,,,,,,,,,,,,,,,,,,,,,,,,,,,,,,,,,,,,,,,,,,,,,,,,,,,,,,,,,,,,,,,,,,,,,,,,,,,,,,,,,,,,,,,,,,,,,,,,,,,,,,,,,,,,,,,,,,,,,,,,,,,,,,,,,,,,,,,,,,,,,,,,,,,,,,,,,,,,,21.7946434020996,3028537.0,3338.92260742188,18.1357002258301,18.1802558898926,28.6773986816406,6.59832954406738,7.5201153755188,40.6976852416992,0.405374013444453,99.2355880737305,0.816534919955531,1.96977407318463,,,,,,,,,,,,,,,,,,,,,
cirad219,,,,,,,,,,,,,,,,,,,,,,,,,,,,,,,,,,,,,,,,,,,,,,,,,,,,,,,,,,,,,,,,,,,,,,,,,,,,,,,,,,,,,,,,,,,,,,,,,,,,,,,,,,,,,,,,,,,,,,,,,,,,,,,,,,,,,,,,,,,,,,,,,,,,,,,,,,,,,,,,,,,,,,,,,,,,,,,,,,,,,,,,,,,,,,,,,,,,,,,,2.1593759059906,714189.5,1750.34411621094,39.3752708435059,20.7352771759033,21.2194786071777,7.19324970245361,5.04827070236206,86.4222717285156,0.505090871698,206.957260131836,0.914074808817184,1.95061577694679,,,,,,,,,,,,,,,,,,,,,
cirad220,,,,,,,,,,,,,,,,,,,,,,,,,,,,,,,,,,,,,,,,,,,,,,,,,,,,,,,,,,,,,,,,,,,,,,,,,,,,,,,,,,,,,,,,,,,,,,,,,,,,,,,,,,,,,,,,,,,,,,,,,,,,,,,,,,,,,,,,,,,,,,,,,,,,,,,,,,,,,,,,,,,,,,,,,,,,,,,,,,,,,,,,,,,,,,,,,,,,,,,,3.2466778755188,345288.5,752.200988769531,35.4369163513184,19.2663707733154,19.7183036804199,3.75969862937927,3.09538221359253,80.9093704223633,0.802378170975429,203.092559814453,0.980454153081504,1.93466939223088,,,,,,,,,,,,,,,,,,,,,
cirad221,,,,,,,,,,,,,,,,,,,,,,,,,,,,,,,,,,,,,,,,,,,,,,,,,,,,,,,,,,,,,,,,,,,,,,,,,,,,,,,,,,,,,,,,,,,,,,,,,,,,,,,,,,,,,,,,,,,,,,,,,,,,,,,,,,,,,,,,,,,,,,,,,,,,,,,,,,,,,,,,,,,,,,,,,,,,,,,,,,,,,,,,,,,,,,,,,,,,,,,,3.74694871902466,2175800.5,3160.9697265625,35.0089797973633,19.3702812194824,19.952579498291,4.18987607955933,3.55749440193176,79.7001342773438,0.460610136322261,197.934722900391,0.95981572142281,1.97058295382285,,,,,,,,,,,,,,,,,,,,,
cirad222,,,,,,,,,,,,,,,,,,,,,,,,,,,,,,,,,,,,,,,,,,,,,,,,,,,,,,,,,,,,,,,,,,,,,,,,,,,,,,,,,,,,,,,,,,,,,,,,,,,,,,,,,,,,,,,,,,,,,,,,,,,,,,,,,,,,,,,,,,,,,,,,,,,,,,,,,,,,,,,,,,,,,,,,,,,,,,,,,,,,,,,,,,,,,,,,,,,,,,,,11.9645013809204,452378.0,1008.54968261719,32.2901306152344,35.9256896972656,38.2508697509766,10.7423629760742,5.2174801826477,70.9892425537109,0.58845453286105,137.053573608398,0.86305326617662,1.93084497569482,,,,,,,,,,,,,,,,,,,,,
cirad223,,,,,,,,,,,,,,,,,,,,,,,,,,,,,,,,,,,,,,,,,,,,,,,,,,,,,,,,,,,,,,,,,,,,,,,,,,,,,,,,,,,,,,,,,,,,,,,,,,,,,,,,,,,,,,,,,,,,,,,,,,,,,,,,,,,,,,,,,,,,,,,,,,,,,,,,,,,,,,,,,,,,,,,,,,,,,,,,,,,,,,,,,,,,,,,,,,,,,,,,2.4430251121521,428775.5,938.505493164062,42.7853393554688,47.3678741455078,47.6387557983398,11.0277843475342,3.42769813537598,86.3267974853516,0.669852369845931,166.423126220703,0.930466040821039,1.94035263714285,,,,,,,,,,,,,,,,,,,,,
cirad224,,,,,,,,,,,,,,,,,,,,,,,,,,,,,,,,,,,,,,,,,,,,,,,,,,,,,,,,,,,,,,,,,,,,,,,,,,,,,,,,,,,,,,,,,,,,,,,,,,,,,,,,,,,,,,,,,,,,,,,,,,,,,,,,,,,,,,,,,,,,,,,,,,,,,,,,,,,,,,,,,,,,,,,,,,,,,,,,,,,,,,,,,,,,,,,,,,,,,,,,-6.24221992492676,342353.0,829.812683105469,50.8264465332031,47.4490966796875,47.9751663208008,7.08105230331421,3.09680008888245,97.2447052001953,0.661287861593644,206.602310180664,0.93979439175113,1.92721805376788,,,,,,,,,,,,,,,,,,,,,
cirad225,,,,,,,,,,,,,,,,,,,,,,,,,,,,,,,,,,,,,,,,,,,,,,,,,,,,,,,,,,,,,,,,,,,,,,,,,,,,,,,,,,,,,,,,,,,,,,,,,,,,,,,,,,,,,,,,,,,,,,,,,,,,,,,,,,,,,,,,,,,,,,,,,,,,,,,,,,,,,,,,,,,,,,,,,,,,,,,,,,,,,,,,,,,,,,,,,,,,,,,,6.287278175354,1123450.0,1377.32312011719,41.3368949890137,56.4488143920898,57.3448944091797,13.3723287582397,6.49976253509521,82.5388946533203,0.858722626116511,166.493408203125,0.997985729100775,1.96470591444361,,,,,,,,,,,,,,,,,,,,,
cirad228,,,,,,,,,,,,,,,,,,,,,,,,,,,,,,,,,,,,,,,,,,,,,,,,,,,,,,,,,,,,,,,,,,,,,,,,,,,,,,,,,,,,,,,,,,,,,,,,,,,,,,,,,,,,,,,,,,,,,,,,,,,,,,,,,,,,,,,,,,,,,,,,,,,,,,,,,,,,,,,,,,,,,,,,,,,,,,,,,,,,,,,,,,,,,,,,,,,,,,,,7.70852851867676,383810.5,1143.39575195312,31.0147457122803,23.1088790893555,24.5904178619385,5.71224927902222,4.7385401725769,72.6127090454102,0.612753976091098,172.185745239258,0.985451002238937,1.93456616187335,,,,,,,,,,,,,,,,,,,,,
cirad230,,,,,,,,,,,,,,,,,,,,,,,,,,,,,,,,,,,,,,,,,,,,,,,,,,,,,,,,,,,,,,,,,,,,,,,,,,,,,,,,,,,,,,,,,,,,,,,,,,,,,,,,,,,,,,,,,,,,,,,,,,,,,,,,,,,,,,,,,,,,,,,,,,,,,,,,,,,,,,,,,,,,,,,,,,,,,,,,,,,,,,,,,,,,,,,,,,,,,,,,3.46023678779602,1356563.5,2783.36743164062,36.5183067321777,20.2183685302734,20.9130687713623,5.07891893386841,4.93270540237427,81.8489532470703,0.393787873195778,186.546813964844,0.887022838869276,1.95698061019746,,,,,,,,,,,,,,,,,,,,,
cirad232,,,,,,,,,,,,,,,,,,,,,,,,,,,,,,,,,,,,,,,,,,,,,,,,,,,,,,,,,,,,,,,,,,,,,,,,,,,,,,,,,,,,,,,,,,,,,,,,,,,,,,,,,,,,,,,,,,,,,,,,,,,,,,,,,,,,,,,,,,,,,,,,,,,,,,,,,,,,,,,,,,,,,,,,,,,,,,,,,,,,,,,,,,,,,,,,,,,,,,,,6.56156158447266,2669755.0,3339.88623046875,27.8846435546875,14.8222551345825,16.6328830718994,6.11749410629272,4.06621599197388,65.4523086547852,0.47962016955382,183.31379699707,0.928260601612948,1.97274723343036,,,,,,,,,,,,,,,,,,,,,
cirad233,,,,,,,,,,,,,,,,,,,,,,,,,,,,,,,,,,,,,,,,,,,,,,,,,,,,,,,,,,,,,,,,,,,,,,,,,,,,,,,,,,,,,,,,,,,,,,,,,,,,,,,,,,,,,,,,,,,,,,,,,,,,,,,,,,,,,,,,,,,,,,,,,,,,,,,,,,,,,,,,,,,,,,,,,,,,,,,,,,,,,,,,,,,,,,,,,,,,,,,,4.68587398529053,2017995.0,3255.41137695312,32.6094512939453,17.7397193908691,18.6268634796143,7.74364709854126,4.28482007980347,75.7297744750977,0.303132954244613,195.85578918457,0.722827803937407,1.96128670814664,,,,,,,,,,,,,,,,,,,,,
cirad235,,,,,,,,,,,,,,,,,,,,,,,,,,,,,,,,,,,,,,,,,,,,,,,,,,,,,,,,,,,,,,,,,,,,,,,,,,,,,,,,,,,,,,,,,,,,,,,,,,,,,,,,,,,,,,,,,,,,,,,,,,,,,,,,,,,,,,,,,,,,,,,,,,,,,,,,,,,,,,,,,,,,,,,,,,,,,,,,,,,,,,,,,,,,,,,,,,,,,,,,20.8411254882812,2188616.0,3797.13598632812,29.6426601409912,43.017261505127,47.9750938415527,9.14461517333984,4.57347297668457,64.8312454223633,0.327812384934244,154.519973754883,0.777253894630848,1.96002691630024,,,,,,,,,,,,,,,,,,,,,
cirad238,,,,,,,,,,,,,,,,,,,,,,,,,,,,,,,,,,,,,,,,,,,,,,,,,,,,,,,,,,,,,,,,,,,,,,,,,,,,,,,,,,,,,,,,,,,,,,,,,,,,,,,,,,,,,,,,,,,,,,,,,,,,,,,,,,,,,,,,,,,,,,,,,,,,,,,,,,,,,,,,,,,,,,,,,,,,,,,,,,,,,,,,,,,,,,,,,,,,,,,,4.12160778045654,761634.0,1358.79431152344,34.2145919799805,17.4867153167725,18.3170890808105,4.64300918579102,4.59062910079956,78.3837051391602,0.418528610706235,194.1083984375,0.828671899309512,1.94671032996422,,,,,,,,,,,,,,,,,,,,,
cirad243,,,,,,,,,,,,,,,,,,,,,,,,,,,,,,,,,,,,,,,,,,,,,,,,,,,,,,,,,,,,,,,,,,,,,,,,,,,,,,,,,,,,,,,,,,,,,,,,,,,,,,,,,,,,,,,,,,,,,,,,,,,,,,,,,,,,,,,,,,,,,,,,,,,,,,,,,,,,,,,,,,,,,,,,,,,,,,,,,,,,,,,,,,,,,,,,,,,,,,,,1.53756010532379,1814711.0,3762.44165039062,39.8115997314453,22.3558788299561,22.8119068145752,3.95188808441162,4.47125768661499,86.4064407348633,0.247152657072891,213.603485107422,0.747792476174176,1.95087026742329,,,,,,,,,,,,,,,,,,,,,
cirad244,,,,,,,,,,,,,,,,,,,,,,,,,,,,,,,,,,,,,,,,,,,,,,,,,,,,,,,,,,,,,,,,,,,,,,,,,,,,,,,,,,,,,,,,,,,,,,,,,,,,,,,,,,,,,,,,,,,,,,,,,,,,,,,,,,,,,,,,,,,,,,,,,,,,,,,,,,,,,,,,,,,,,,,,,,,,,,,,,,,,,,,,,,,,,,,,,,,,,,,,1.98845195770264,1885641.0,2903.62060546875,40.7421836853027,28.8447799682617,29.3768501281738,8.49556636810303,5.22447729110718,86.7341537475586,0.375070118366353,198.658493041992,0.806116450855879,1.9606347696177,,,,,,,,,,,,,,,,,,,,,
cirad245,,,,,,,,,,,,,,,,,,,,,,,,,,,,,,,,,,,,,,,,,,,,,,,,,,,,,,,,,,,,,,,,,,,,,,,,,,,,,,,,,,,,,,,,,,,,,,,,,,,,,,,,,,,,,,,,,,,,,,,,,,,,,,,,,,,,,,,,,,,,,,,,,,,,,,,,,,,,,,,,,,,,,,,,,,,,,,,,,,,,,,,,,,,,,,,,,,,,,,,,9.66122150421143,2814437.5,4027.9599609375,31.5027198791504,25.4141693115234,27.8652515411377,10.2766990661621,7.86891889572144,72.3291320800781,0.356853367000331,189.151107788086,0.80511586759968,1.96921709834016,,,,,,,,,,,,,,,,,,,,,
cirad246,,,,,,,,,,,,,,,,,,,,,,,,,,,,,,,,,,,,,,,,,,,,,,,,,,,,,,,,,,,,,,,,,,,,,,,,,,,,,,,,,,,,,,,,,,,,,,,,,,,,,,,,,,,,,,,,,,,,,,,,,,,,,,,,,,,,,,,,,,,,,,,,,,,,,,,,,,,,,,,,,,,,,,,,,,,,,,,,,,,,,,,,,,,,,,,,,,,,,,,,30.2834453582764,2271372.0,3469.65356445312,262.234008789062,7.53835201263428,32.0297737121582,5.88319683074951,8.78415679931641,27.1306800842285,0.484841449375374,50.6845436096191,0.941080250308332,1.97230275645564,,,,,,,,,,,,,,,,,,,,,
cirad247,,,,,,,,,,,,,,,,,,,,,,,,,,,,,,,,,,,,,,,,,,,,,,,,,,,,,,,,,,,,,,,,,,,,,,,,,,,,,,,,,,,,,,,,,,,,,,,,,,,,,,,,,,,,,,,,,,,,,,,,,,,,,,,,,,,,,,,,,,,,,,,,,,,,,,,,,,,,,,,,,,,,,,,,,,,,,,,,,,,,,,,,,,,,,,,,,,,,,,,,6.3434944152832,2544665.0,1966.83825683594,33.6805686950684,24.2559700012207,25.5752944946289,9.76905536651611,6.62971782684326,76.3375396728516,0.623781978355171,169.476943969727,0.923518265748813,1.97516503086615,,,,,,,,,,,,,,,,,,,,,
cirad248,,,,,,,,,,,,,,,,,,,,,,,,,,,,,,,,,,,,,,,,,,,,,,,,,,,,,,,,,,,,,,,,,,,,,,,,,,,,,,,,,,,,,,,,,,,,,,,,,,,,,,,,,,,,,,,,,,,,,,,,,,,,,,,,,,,,,,,,,,,,,,,,,,,,,,,,,,,,,,,,,,,,,,,,,,,,,,,,,,,,,,,,,,,,,,,,,,,,,,,,2.83450150489807,2561371.5,2044.00573730469,37.2955055236816,20.8486995697021,21.33913230896,6.12408304214478,4.01583385467529,83.0863952636719,0.556025412212883,202.387283325195,0.876951820694713,1.97481065682623,,,,,,,,,,,,,,,,,,,,,
cirad257,,,,,,,,,,,,,,,,,,,,,,,,,,,,,,,,,,,,,,,,,,,,,,,,,,,,,,,,,,,,,,,,,,,,,,,,,,,,,,,,,,,,,,,,,,,,,,,,,,,,,,,,,,,,,,,,,,,,,,,,,,,,,,,,,,,,,,,,,,,,,,,,,,,,,,,,,,,,,,,,,,,,,,,,,,,,,,,,,,,,,,,,,,,,,,,,,,,,,,,,5.84072542190552,852404.0,1238.67858886719,35.0070533752441,25.8443260192871,26.9449977874756,7.97123384475708,5.64633464813232,78.2467575073242,0.615000469260262,180.264678955078,0.92424110175341,1.95461791266357,,,,,,,,,,,,,,,,,,,,,
cirad265,,,,,,,,,,,,,,,,,,,,,,,,,,,,,,,,,,,,,,,,,,,,,,,,,,,,,,,,,,,,,,,,,,,,,,,,,,,,,,,,,,,,,,,,,,,,,,,,,,,,,,,,,,,,,,,,,,,,,,,,,,,,,,,,,,,,,,,,,,,,,,,,,,,,,,,,,,,,,,,,,,,,,,,,,,,,,,,,,,,,,,,,,,,,,,,,,,,,,,,,3.445969581604,1705430.0,1957.74011230469,35.7868194580078,16.304126739502,17.0164318084717,5.7884316444397,4.60941505432129,79.7571640014648,0.725346916887623,203.335800170898,0.970312785810395,1.96923481107321,,,,,,,,,,,,,,,,,,,,,
cirad269,,,,,,,,,,,,,,,,,,,,,,,,,,,,,,,,,,,,,,,,,,,,,,,,,,,,,,,,,,,,,,,,,,,,,,,,,,,,,,,,,,,,,,,,,,,,,,,,,,,,,,,,,,,,,,,,,,,,,,,,,,,,,,,,,,,,,,,,,,,,,,,,,,,,,,,,,,,,,,,,,,,,,,,,,,,,,,,,,,,,,,,,,,,,,,,,,,,,,,,,2.36176824569702,1353548.0,4582.6630859375,43.2848205566406,17.2290821075439,18.3266735076904,8.97072792053223,7.58737659454346,90.1724548339844,0.186240254593621,218.406661987305,0.666770114585483,1.93713004438865,,,,,,,,,,,,,,,,,,,,,
cirad271,,,,,,,,,,,,,,,,,,,,,,,,,,,,,,,,,,,,,,,,,,,,,,,,,,,,,,,,,,,,,,,,,,,,,,,,,,,,,,,,,,,,,,,,,,,,,,,,,,,,,,,,,,,,,,,,,,,,,,,,,,,,,,,,,,,,,,,,,,,,,,,,,,,,,,,,,,,,,,,,,,,,,,,,,,,,,,,,,,,,,,,,,,,,,,,,,,,,,,,,3.99204444885254,2192834.5,3142.21655273438,38.6687164306641,29.334602355957,30.4473628997803,7.48150968551636,7.9551591873169,83.7580642700195,0.406315492921701,207.672058105469,0.79663292739983,1.96473007759134,,,,,,,,,,,,,,,,,,,,,
cirad272,,,,,,,,,,,,,,,,,,,,,,,,,,,,,,,,,,,,,,,,,,,,,,,,,,,,,,,,,,,,,,,,,,,,,,,,,,,,,,,,,,,,,,,,,,,,,,,,,,,,,,,,,,,,,,,,,,,,,,,,,,,,,,,,,,,,,,,,,,,,,,,,,,,,,,,,,,,,,,,,,,,,,,,,,,,,,,,,,,,,,,,,,,,,,,,,,,,,,,,,9.23183917999268,1942850.5,1841.0517578125,35.4013862609863,41.4690589904785,42.9693374633789,6.67464876174927,6.5230770111084,77.5381851196289,0.477758466966223,194.281982421875,0.83939801501405,1.96361726707476,,,,,,,,,,,,,,,,,,,,,
cirad273,,,,,,,,,,,,,,,,,,,,,,,,,,,,,,,,,,,,,,,,,,,,,,,,,,,,,,,,,,,,,,,,,,,,,,,,,,,,,,,,,,,,,,,,,,,,,,,,,,,,,,,,,,,,,,,,,,,,,,,,,,,,,,,,,,,,,,,,,,,,,,,,,,,,,,,,,,,,,,,,,,,,,,,,,,,,,,,,,,,,,,,,,,,,,,,,,,,,,,,,23.4618988037109,1836964.0,3382.82885742188,302.530059814453,2.18695139884949,24.5356750488281,5.57920598983765,7.81765699386597,100.111137390137,0.29735203302494,120.634399414062,0.735418942793239,1.95848497953324,,,,,,,,,,,,,,,,,,,,,
cirad275,,,,,,,,,,,,,,,,,,,,,,,,,,,,,,,,,,,,,,,,,,,,,,,,,,,,,,,,,,,,,,,,,,,,,,,,,,,,,,,,,,,,,,,,,,,,,,,,,,,,,,,,,,,,,,,,,,,,,,,,,,,,,,,,,,,,,,,,,,,,,,,,,,,,,,,,,,,,,,,,,,,,,,,,,,,,,,,,,,,,,,,,,,,,,,,,,,,,,,,,27.6769561767578,2588392.5,3357.24536132812,21.1126556396484,37.572998046875,46.8430595397949,10.5124855041504,6.6252613067627,53.1632461547851,0.303499221758268,110.103813171387,0.787316304876747,1.9661398091833,,,,,,,,,,,,,,,,,,,,,
cirad276,,,,,,,,,,,,,,,,,,,,,,,,,,,,,,,,,,,,,,,,,,,,,,,,,,,,,,,,,,,,,,,,,,,,,,,,,,,,,,,,,,,,,,,,,,,,,,,,,,,,,,,,,,,,,,,,,,,,,,,,,,,,,,,,,,,,,,,,,,,,,,,,,,,,,,,,,,,,,,,,,,,,,,,,,,,,,,,,,,,,,,,,,,,,,,,,,,,,,,,,10.476845741272,2191616.5,2823.10034179688,30.9688854217529,31.1552982330322,32.9765281677246,4.58621168136597,2.995769739151,71.4865417480469,0.452334979394633,174.806777954102,0.839340435656059,1.96867032933657,,,,,,,,,,,,,,,,,,,,,
cirad277,,,,,,,,,,,,,,,,,,,,,,,,,,,,,,,,,,,,,,,,,,,,,,,,,,,,,,,,,,,,,,,,,,,,,,,,,,,,,,,,,,,,,,,,,,,,,,,,,,,,,,,,,,,,,,,,,,,,,,,,,,,,,,,,,,,,,,,,,,,,,,,,,,,,,,,,,,,,,,,,,,,,,,,,,,,,,,,,,,,,,,,,,,,,,,,,,,,,,,,,22.3385219573975,1432158.5,3520.3154296875,110.544036865234,14.1999979019165,27.5203609466553,8.67483139038086,7.48870944976807,44.2164993286133,0.240463110909534,106.190124511719,0.675748071063336,1.94868183782037,,,,,,,,,,,,,,,,,,,,,
cirad300,,,,,,,,,,,,,,,,,,,,,,,,,,,,,,,,,,,,,,,,,,,,,,,,,,,,,,,,,,,,,,,,,,,,,,,,,,,,,,,,,,,,,,,,,,,,,,,,,,,,,,,,,,,,,,,,,,,,,,,,,,,,,,,,,,,,,,,,,,,,,,,,,,,,,,,,,,,,,,,,,,,,,,,,,,,,,,,,,,,,,,,,,,,,,,,,,,,,,,,,4.46296119689941,2644014.5,3011.99536132812,33.1568717956543,16.9522037506104,17.7965927124023,5.9479570388794,4.6829571723938,77.2434005737305,0.457598748357795,209.623092651367,0.799047102268614,1.9692285758411,,,,,,,,,,,,,,,,,,,,,
cirad301,,,,,,,,,,,,,,,,,,,,,,,,,,,,,,,,,,,,,,,,,,,,,,,,,,,,,,,,,,,,,,,,,,,,,,,,,,,,,,,,,,,,,,,,,,,,,,,,,,,,,,,,,,,,,,,,,,,,,,,,,,,,,,,,,,,,,,,,,,,,,,,,,,,,,,,,,,,,,,,,,,,,,,,,,,,,,,,,,,,,,,,,,,,,,,,,,,,,,,,,5.69530200958252,807377.0,1212.99755859375,39.1017456054688,46.7722053527832,47.6225852966309,12.5522289276123,5.91273975372314,81.6580123901367,0.327213338972896,182.039764404297,0.778372880538168,1.94237900203193,,,,,,,,,,,,,,,,,,,,,
